RECORD_ID,POLICY_NUMBER,NOTIFICATION_DATE,ACTION_TYPE,POLICY_TYPE,REASON_SOURCE,INDICATOR_60D,ZIP_CODE,EFFECTIVE_DATE,REASON_CODES,THIRD_PARTY_IND,AERIAL_IMAGERY
TFB-100000,POL-528132,2026-02-20,D,D,C,0,75201,2026-03-23,DI,N,0
TFB-100001,POL-642356,2026-02-25,C,C,C,0,75201,2026-03-12,H,N,0
TFB-100002,POL-519880,2026-01-26,C,H,C,1,79901,2026-04-07,BDE,N,0
TFB-100003,POL-681963,2026-01-21,C,D,C,1,76710,2026-03-31,BEF,Y,0
TFB-100004,POL-562468,2026-02-20,NR,T,C,0,77002,2026-04-20,DFJ,Y,0
TFB-100005,POL-998849,2026-01-22,C,H,B,0,78701,2026-03-04,K,Y,1
TFB-100006,POL-549589,2026-04-20,NR,T,C,0,78701,2026-05-29,EI,N,0
TFB-100007,POL-842831,2026-04-03,NR,D,B,0,76701,2026-05-30,K,N,0
TFB-100008,POL-833304,2026-01-11,D,C,B,0,77002,2026-02-02,HIL,N,0
TFB-100009,POL-598143,2026-04-19,C,D,B,1,79901,2026-07-09,AG,N,0
TFB-100010,POL-933088,2026-03-02,C,D,A,0,78205,2026-03-28,HJL,Y,0
TFB-100011,POL-983510,2026-02-10,C,T,B,0,76712,2026-04-08,B,N,0
TFB-100012,POL-624436,2026-02-08,NR,T,A,0,75201,2026-04-04,A,Y,0
TFB-100013,POL-768565,2026-02-08,C,H,B,0,78701,2026-03-30,CF,N,0
TFB-100014,POL-636824,2026-02-10,NR,C,B,0,76712,2026-03-03,F,Y,0
TFB-100015,POL-566190,2026-01-08,NR,C,B,1,78701,2026-03-18,DFG,Y,0
TFB-100016,POL-533575,2026-03-14,NR,D,C,0,79901,2026-04-22,DEK,Y,0
TFB-100017,POL-838713,2026-03-11,D,T,A,0,77002,2026-04-17,A,Y,0
TFB-100018,POL-530935,2026-02-19,C,D,A,0,78205,2026-04-01,FJ,Y,0
TFB-100019,POL-895324,2026-03-30,D,C,B,0,76712,2026-04-19,GHJ,Y,0
TFB-100020,POL-766505,2026-04-03,NR,H,A,0,78701,2026-05-19,EF,N,0
TFB-100021,POL-851164,2026-03-15,C,T,A,1,78205,2026-06-06,DG,N,0
TFB-100022,POL-577210,2026-04-19,NR,T,B,0,77002,2026-05-06,EGJ,Y,0
TFB-100023,POL-641385,2026-03-23,NR,D,B,1,78205,2026-05-22,GJ,N,0
TFB-100024,POL-859131,2026-02-06,C,T,C,0,78205,2026-03-25,DG,Y,0
TFB-100025,POL-816064,2026-03-15,C,C,A,0,78205,2026-04-28,CJK,N,0
TFB-100026,POL-945269,2026-03-01,NR,T,B,0,77002,2026-03-28,BHK,Y,1
TFB-100027,POL-997319,2026-01-18,D,T,B,0,76712,2026-02-05,LG,Y,0
TFB-100028,POL-527003,2026-02-09,D,H,B,0,78205,2026-03-04,GL,N,0
TFB-100029,POL-758463,2026-01-11,C,D,B,1,79901,2026-03-16,CI,Y,0
TFB-100030,POL-661938,2026-03-11,NR,H,C,0,78205,2026-03-26,E,Y,0
TFB-100031,POL-603153,2026-04-17,NR,H,A,0,79901,2026-05-12,E,N,0
TFB-100032,POL-954649,2026-01-15,C,D,C,0,76710,2026-03-10,J,Y,0
TFB-100033,POL-639725,2026-04-03,NR,H,C,1,76712,2026-06-09,HKL,Y,1
TFB-100034,POL-682024,2026-01-07,C,C,A,1,77002,2026-03-08,EIL,Y,0
TFB-100035,POL-686805,2026-01-18,C,C,A,0,,2026-02-09,BL,N,0
TFB-100036,POL-718779,2026-04-05,NR,C,A,0,76710,2026-05-07,J,Y,0
TFB-100037,POL-869942,2026-02-04,D,T,B,0,76712,2026-03-23,J,Y,0
TFB-100038,POL-899876,2026-03-20,D,T,B,1,78205,2026-06-16,BCK,Y,0
TFB-100039,POL-858941,2026-02-12,C,C,B,1,78205,2026-05-13,CG,Y,0
TFB-100040,POL-782952,2026-03-02,D,C,C,0,78205,2026-03-18,EHI,Y,0
TFB-100041,POL-874448,2026-01-02,D,C,C,0,79901,2026-02-18,C,Y,0
TFB-100042,POL-887298,2026-01-24,NR,C,A,0,78205,2026-03-05,F,Y,0
TFB-100043,POL-565737,2026-01-20,C,T,A,0,77002,2026-03-20,BD,Y,0
TFB-100044,POL-714391,2026-02-02,C,C,C,0,79901,2026-03-26,BHK,Y,1
TFB-100045,POL-687232,2026-03-17,NR,D,C,1,,2026-06-06,H,Y,0
TFB-100046,POL-754924,2026-04-18,NR,C,B,0,75201,2026-06-10,FGH,Y,0
TFB-100047,POL-535924,2026-02-04,D,C,B,0,76712,2026-03-06,AB,Y,0
TFB-100048,POL-904435,2026-01-22,D,C,A,0,76710,2026-02-26,I,N,0
TFB-100049,POL-592702,2026-02-08,D,H,A,1,77002,2026-04-24,BFK,Y,0
TFB-100050,POL-950494,2026-04-09,C,C,B,1,79901,2026-06-18,BIL,N,0
TFB-100051,POL-930071,2026-01-10,D,T,A,1,79901,2026-03-24,EF,N,0
TFB-100052,POL-894873,2026-01-30,D,C,A,1,76712,2026-04-17,HJK,N,0
TFB-100053,POL-576173,2026-02-10,D,H,C,1,79901,2026-05-04,BCE,N,0
TFB-100054,POL-665740,2026-01-05,D,C,A,0,78205,2026-01-23,K,Y,1
TFB-100055,POL-706895,2026-01-16,D,D,A,0,76710,2026-03-12,BEI,N,0
TFB-100056,POL-602325,2026-04-02,D,D,A,1,78701,2026-06-27,LHB,Y,0
TFB-100057,POL-698666,2026-02-11,NR,H,A,0,76701,2026-03-25,AI,N,0
TFB-100058,POL-576218,2026-01-26,NR,T,B,1,76710,2026-04-15,GL,Y,0
TFB-100059,POL-507538,2026-01-10,NR,D,B,0,75201,2026-03-08,KL,Y,0
TFB-100060,POL-809985,2026-02-14,C,H,B,0,76712,2026-03-23,DH,Y,0
TFB-100061,POL-531543,2026-02-25,C,D,B,0,78701,2026-03-12,LIH,N,0
TFB-100062,POL-684640,2026-02-14,D,D,C,0,78701,2026-03-16,H,N,0
TFB-100063,POL-903660,2026-03-18,C,H,C,0,79901,2026-04-29,EH,Y,0
TFB-100064,POL-663209,2026-03-29,C,T,C,0,75201,2026-04-22,CD,N,0
TFB-100065,POL-540310,2026-02-25,D,T,B,0,75201,2026-04-14,ABE,N,0
TFB-100066,POL-963536,2026-03-26,C,H,A,0,76701,2026-05-18,CDG,Y,0
TFB-100067,POL-683325,2026-01-06,C,D,A,0,76701,2026-02-09,ACJ,Y,0
TFB-100068,POL-787832,2026-04-17,NR,T,C,1,79901,2026-07-05,I,Y,0
TFB-100069,POL-969208,2026-02-20,NR,C,A,0,76710,2026-03-09,D,N,0
TFB-100070,POL-999998,2026-01-06,D,C,B,0,76710,2026-01-23,BHL,N,0
TFB-100071,POL-974491,2026-03-02,C,H,A,0,79901,2026-03-30,A,N,0
TFB-100072,POL-999089,2026-03-23,C,H,A,1,78205,2026-06-10,G,N,0
TFB-100073,POL-957966,2026-04-20,D,C,C,0,79901,2026-05-10,G,Y,0
TFB-100074,POL-716444,2026-04-16,D,D,A,0,76701,2026-06-03,EF,N,0
TFB-100075,POL-538236,2026-02-10,C,D,A,0,75201,2026-04-04,H,Y,0
TFB-100076,POL-769368,2026-04-14,NR,T,C,0,76712,2026-06-06,ACD,N,0
TFB-100077,POL-966283,2026-04-08,C,H,B,0,,2026-05-19,G,Y,0
TFB-100078,POL-798395,2026-03-04,D,C,B,1,78205,2026-05-23,G,Y,0
TFB-100079,POL-656394,2026-02-16,NR,T,A,0,76712,2026-03-10,EFK,Y,0
TFB-100080,POL-650531,2026-01-09,C,T,B,1,75201,2026-03-22,DH,N,0
TFB-100081,POL-524821,2026-03-14,C,D,C,1,78701,2026-05-18,CDH,N,0
TFB-100082,POL-910744,2026-02-25,NR,H,A,0,76701,2026-04-03,AK,N,0
TFB-100083,POL-889682,2026-02-14,NR,H,C,1,79901,2026-04-27,AFJ,Y,0
TFB-100084,POL-800781,2026-01-24,D,H,B,1,76710,2026-04-21,BG,Y,0
TFB-100085,POL-712239,2026-04-14,C,C,C,0,78205,2026-05-04,H,Y,0
TFB-100086,POL-891668,2026-03-22,NR,T,A,0,77002,2026-04-16,I,Y,0
TFB-100087,POL-917973,2026-02-10,C,C,B,1,76701,2026-04-29,A,Y,0
TFB-100088,POL-854016,2026-03-08,NR,C,A,0,78701,2026-04-27,G,Y,0
TFB-100089,POL-826913,2026-01-11,NR,T,A,1,78701,2026-03-25,ACG,Y,0
TFB-100090,POL-535685,2026-02-28,C,H,B,0,76701,2026-03-15,GHJ,Y,0
TFB-100091,POL-528431,2026-04-13,C,T,B,1,76712,2026-06-17,ACF,Y,0
TFB-100092,POL-595854,2026-04-17,D,C,A,1,75201,2026-07-07,F,N,0
TFB-100093,POL-656168,2026-01-06,C,T,C,1,77002,2026-03-20,ACF,N,0
TFB-100094,POL-846762,2026-02-22,NR,D,B,0,,2026-03-18,DGH,Y,0
TFB-100095,POL-973215,2026-01-28,C,T,B,0,77002,2026-03-09,J,N,0
TFB-100096,POL-807458,2026-01-12,C,H,B,0,77002,2026-02-03,F,Y,0
TFB-100097,POL-603772,2026-03-13,NR,H,C,1,77002,2026-05-19,J,Y,0
TFB-100098,POL-642473,2026-03-22,NR,H,B,1,79901,2026-06-08,ADK,N,0
TFB-100099,POL-578993,2026-01-03,D,T,A,0,76712,2026-01-25,H,N,0
TFB-100100,POL-708104,2026-02-03,NR,C,A,1,75201,2026-04-29,AE,N,0
TFB-100101,POL-707809,2026-02-27,NR,T,B,0,76712,2026-03-27,AFI,Y,0
TFB-100102,POL-722367,2026-03-15,C,T,B,0,77002,2026-04-20,L,Y,0
TFB-100103,POL-841833,2026-03-18,D,D,C,0,79901,2026-05-13,A,Y,0
TFB-100104,POL-799219,2026-01-12,C,T,C,0,78205,2026-03-12,DL,N,0
TFB-100105,POL-959016,2026-04-19,D,T,C,1,76710,2026-07-05,AKL,N,0
TFB-100106,POL-735302,2026-04-10,C,H,B,0,76701,2026-05-04,EL,Y,0
TFB-100107,POL-575413,2026-01-20,D,H,B,1,77002,2026-04-18,HI,Y,0
TFB-100108,POL-599728,2026-03-13,D,T,A,0,76701,2026-04-17,IL,Y,0
TFB-100109,POL-576007,2026-03-15,NR,D,A,1,76712,2026-06-08,ICB,N,0
TFB-100110,POL-771810,2026-02-17,NR,T,B,0,78205,2026-04-08,BGJ,Y,0
TFB-100111,POL-656089,2026-01-15,NR,C,A,1,76710,2026-04-14,AJ,N,0
TFB-100112,POL-985338,2026-04-15,C,T,B,1,78701,2026-06-19,CGL,Y,0
TFB-100113,POL-685051,2026-01-03,D,D,C,1,76710,2026-03-27,CDJ,Y,0
TFB-100114,POL-937033,2026-04-13,D,D,C,0,76712,2026-05-06,F,N,0
TFB-100115,POL-513786,2026-04-07,D,C,C,0,76710,2026-05-16,DFK,N,0
TFB-100116,POL-709029,2026-03-11,C,C,B,0,76701,2026-04-12,AF,Y,0
TFB-100117,POL-968034,2026-01-16,C,D,A,1,75201,2026-03-26,ACF,Y,0
TFB-100118,POL-951571,2026-04-18,D,T,B,1,78205,2026-07-11,J,Y,0
TFB-100119,POL-771640,2026-03-27,D,T,B,1,77002,2026-06-14,AHI,Y,0
TFB-100120,POL-710464,2026-03-12,NR,H,C,1,76701,2026-05-11,DEH,N,0
TFB-100121,POL-801381,2026-01-16,C,D,A,0,77002,2026-02-07,CK,N,0
TFB-100122,POL-782278,2026-01-12,NR,T,B,1,78701,2026-03-31,B,N,0
TFB-100123,POL-849129,2026-04-12,D,D,A,0,76710,2026-06-02,CK,N,0
TFB-100124,POL-654178,2026-02-05,C,T,A,1,79901,2026-04-21,F,N,0
TFB-100125,POL-796916,2026-03-23,D,T,C,1,78701,2026-06-01,BEI,Y,0
TFB-100126,POL-752522,2026-01-31,D,T,B,1,77002,2026-04-24,K,Y,1
TFB-100127,POL-698823,2026-04-02,NR,D,B,0,75201,2026-04-17,AC,N,0
TFB-100128,POL-701856,2026-01-03,C,C,A,1,75201,2026-03-29,A,Y,0
TFB-100129,POL-763783,2026-03-11,C,T,A,1,77002,2026-05-30,BEJ,Y,0
TFB-100130,POL-674056,2026-03-04,C,T,B,0,78205,2026-04-20,E,Y,0
TFB-100131,POL-831222,2026-01-10,D,T,C,1,78205,2026-03-11,BD,Y,0
TFB-100132,POL-613024,2026-01-12,NR,D,A,1,76701,2026-04-01,CD,Y,0
TFB-100133,POL-613576,2026-04-11,C,D,A,1,76712,2026-06-19,AC,N,0
TFB-100134,POL-987270,2026-01-28,C,D,B,1,76710,2026-04-07,CGJ,N,0
TFB-100135,POL-522338,2026-01-02,C,T,B,1,78701,2026-03-26,L,Y,0
TFB-100136,POL-831724,2026-04-10,NR,H,C,0,78205,2026-05-20,ADJ,Y,0
TFB-100137,POL-703958,2026-03-07,D,H,A,1,78701,2026-05-14,E,N,0
TFB-100138,POL-822622,2026-02-07,C,C,A,0,75201,2026-03-27,DH,Y,0
TFB-100139,POL-962688,2026-04-06,D,D,C,1,75201,2026-06-26,J,N,0
TFB-100140,POL-685439,2026-04-16,D,D,B,0,76710,2026-05-30,J,N,0
TFB-100141,POL-715113,2026-04-04,NR,T,B,0,78205,2026-05-03,GF,Y,0
TFB-100142,POL-859148,2026-01-10,D,T,A,0,78205,2026-01-05,BEL,N,0
TFB-100143,POL-877215,2026-01-07,C,C,A,1,76701,2026-03-29,J,Y,0
TFB-100144,POL-668962,2026-04-01,NR,T,C,1,,2026-05-31,J,Y,0
TFB-100145,POL-533036,2026-04-05,NR,C,C,0,76712,2026-05-25,I,N,0
TFB-100146,POL-933509,2026-01-18,NR,C,A,0,76712,2026-03-09,DF,Y,0
TFB-100147,POL-988474,2026-03-22,NR,D,B,0,76710,2026-04-18,BHK,Y,0
TFB-100148,POL-714057,2026-01-21,D,D,A,1,76710,2026-03-29,G,N,0
TFB-100149,POL-702506,2026-04-05,C,D,B,1,76710,2026-06-30,DF,Y,0
TFB-100150,POL-924984,2026-03-03,NR,T,C,0,76701,2026-03-27,G,Y,0
TFB-100151,POL-850369,2026-03-30,D,T,A,1,78205,2026-06-21,BCE,N,0
TFB-100152,POL-909827,2026-04-13,D,H,C,0,78205,2026-06-06,AF,Y,0
TFB-100153,POL-544947,2026-02-22,D,D,A,0,75201,2026-03-12,C,Y,0
TFB-100154,POL-730011,2026-01-17,C,D,A,0,76701,2026-02-10,CL,N,0
TFB-100155,POL-864360,2026-02-03,D,C,C,1,77002,2026-05-02,GJ,Y,0
TFB-100156,POL-798974,2026-01-01,NR,T,A,0,76710,2026-03-01,AE,N,0
TFB-100157,POL-975854,2026-03-23,D,T,B,1,76710,2026-05-28,DFH,Y,0
TFB-100158,POL-707124,2026-03-01,NR,D,B,0,79901,2026-03-30,DL,Y,0
TFB-100159,POL-586148,2026-03-16,C,C,A,1,79901,2026-06-07,AGH,Y,0
TFB-100160,POL-634586,2026-01-08,NR,H,A,0,76712,2026-01-30,DG,N,0
TFB-100161,POL-615494,2026-03-01,D,T,B,0,76712,2026-03-28,BF,Y,0
TFB-100162,POL-549243,2026-03-03,C,D,B,0,77002,2026-04-17,CDG,Y,0
TFB-100163,POL-935655,2026-01-21,NR,D,B,0,75201,2026-02-09,CHK,N,0
TFB-100164,POL-748584,2026-03-30,NR,C,A,0,78205,2026-05-07,C,Y,0
TFB-100165,POL-584946,2026-01-02,C,C,A,0,78205,2026-01-20,DFG,Y,0
TFB-100166,POL-883115,2026-04-03,D,C,A,0,78205,2026-04-18,CFH,N,0
TFB-100167,POL-787573,2026-04-12,C,T,C,0,75201,2026-06-01,JL,Y,0
TFB-100168,POL-663686,2026-01-13,D,D,C,1,76701,2026-03-14,DF,Y,0
TFB-100169,POL-928212,2026-02-18,C,T,B,0,78701,2026-03-24,BEH,Y,0
TFB-100170,POL-852409,2026-01-18,C,H,B,0,78205,2026-02-02,EHJ,N,0
TFB-100171,POL-680943,2026-03-21,D,D,C,0,75201,2026-05-15,CG,Y,0
TFB-100172,POL-884392,2026-01-20,C,C,A,0,75201,2026-02-16,CHL,Y,0
TFB-100173,POL-952671,2026-04-18,C,C,A,1,76701,2026-06-21,F,Y,0
TFB-100174,POL-507596,2026-03-18,C,H,B,1,78205,2026-06-06,FH,N,0
TFB-100175,POL-650197,2026-02-07,NR,T,B,0,76712,2026-02-25,HK,N,0
TFB-100176,POL-996249,2026-01-16,C,C,C,0,78205,2026-03-15,EFK,Y,1
TFB-100177,POL-719954,2026-04-02,C,D,C,0,78701,2026-04-20,K,N,0
TFB-100178,POL-693503,2026-04-17,NR,H,B,0,78205,2026-06-02,AL,N,0
TFB-100179,POL-868831,2026-02-14,NR,T,B,0,76710,2026-03-27,FGK,Y,1
TFB-100180,POL-885365,2026-04-07,D,H,C,0,76710,2026-04-24,DHJ,N,0
TFB-100181,POL-517112,2026-02-21,NR,C,B,1,79901,2026-05-08,DK,Y,1
TFB-100182,POL-861957,2026-04-21,C,C,A,0,76712,2026-06-02,DF,Y,0
TFB-100183,POL-506436,2026-01-13,C,H,C,0,78701,2026-03-05,AC,Y,0
TFB-100184,POL-645821,2026-04-09,D,T,A,0,76712,2026-05-29,FH,Y,0
TFB-100185,POL-586140,2026-03-04,C,D,C,1,79901,2026-05-21,B,Y,0
TFB-100186,POL-682772,2026-01-13,C,D,C,1,76710,2026-01-08,B,Y,0
TFB-100187,POL-583831,2026-02-27,C,T,A,0,76701,2026-03-25,BIJ,Y,0
TFB-100188,POL-812319,2026-01-11,D,T,B,1,78205,2026-04-09,E,Y,0
TFB-100189,POL-619622,2026-03-09,C,C,B,0,76712,2026-04-25,BDG,N,0
TFB-100190,POL-943366,2026-04-19,NR,H,B,1,76710,2026-06-25,CG,Y,0
TFB-100191,POL-791323,2026-04-18,NR,T,A,1,78205,2026-06-23,F,Y,0
TFB-100192,POL-675160,2026-03-16,D,H,B,1,77002,2026-05-17,FI,N,0
TFB-100193,POL-983298,2026-01-05,C,C,B,1,78701,2026-03-14,E,N,0
TFB-100194,POL-752407,2026-04-04,D,D,C,1,76710,2026-06-07,HE,Y,0
TFB-100195,POL-722018,2026-04-06,D,T,B,0,77002,2026-05-29,JK,N,0
TFB-100196,POL-771219,2026-01-10,NR,C,B,0,77002,2026-01-27,HIJ,Y,0
TFB-100197,POL-644186,2026-02-03,C,D,C,1,76712,2026-04-10,CE,N,0
TFB-100198,POL-834192,2026-02-21,NR,D,A,1,75201,2026-04-26,ADG,Y,0
TFB-100199,POL-522281,2026-03-18,D,T,B,1,76701,2026-05-20,BFJ,N,0
TFB-100200,POL-946699,2026-03-17,D,C,C,0,78205,2026-04-07,JK,Y,0
TFB-100201,POL-632261,2026-01-20,D,H,B,0,75201,2026-02-05,GH,N,0
TFB-100202,POL-655190,2026-03-07,C,H,B,0,77002,2026-04-12,K,Y,1
TFB-100203,POL-573240,2026-03-16,D,C,B,1,78701,2026-05-18,I,Y,0
TFB-100204,POL-524200,2026-03-05,C,H,B,1,77002,2026-05-14,J,N,0
TFB-100205,POL-677372,2026-03-25,C,C,B,0,76701,2026-04-30,CGL,N,0
TFB-100206,POL-622115,2026-03-31,C,D,A,0,77002,2026-04-29,ADI,Y,0
TFB-100207,POL-550161,2026-01-10,D,T,A,1,77002,2026-04-04,DIJ,Y,0
TFB-100208,POL-624159,2026-03-08,NR,D,B,1,79901,2026-05-26,JK,N,0
TFB-100209,POL-798278,2026-01-16,NR,D,A,0,78701,2026-02-07,H,N,0
TFB-100210,POL-613785,2026-01-21,C,C,B,0,79901,2026-02-19,B,Y,0
TFB-100211,POL-839095,2026-01-12,NR,C,B,0,77002,2026-02-19,BK,Y,1
TFB-100212,POL-713488,2026-01-28,C,T,C,0,76712,2026-03-27,D,N,0
TFB-100213,POL-727511,2026-01-16,D,C,C,0,79901,2026-02-18,HL,N,0
TFB-100214,POL-862752,2026-01-28,C,T,C,0,76712,2026-03-18,CFH,Y,0
TFB-100215,POL-850931,2026-02-14,C,T,C,0,77002,2026-04-03,BGJ,Y,0
TFB-100216,POL-510749,2026-02-17,D,H,A,1,78701,2026-04-28,CFL,N,0
TFB-100217,POL-924242,2026-03-14,NR,T,A,1,78701,2026-06-11,G,N,0
TFB-100218,POL-642060,2026-03-15,NR,H,A,0,76710,2026-04-07,HFD,Y,0
TFB-100219,POL-661145,2026-01-20,D,C,C,0,76710,2026-02-13,D,Y,0
TFB-100220,POL-554136,2026-02-05,D,T,A,0,76712,2026-02-23,B,Y,0
TFB-100221,POL-938120,2026-02-09,D,C,A,1,,2026-04-30,K,Y,1
TFB-100222,POL-741861,2026-04-11,NR,D,C,0,76710,2026-05-08,BCI,Y,0
TFB-100223,POL-583073,2026-04-10,NR,T,B,1,79901,2026-06-22,DL,N,0
TFB-100224,POL-778758,2026-02-02,D,C,C,0,77002,2026-03-20,FK,Y,1
TFB-100225,POL-942039,2026-02-24,C,T,B,1,76712,2026-05-13,G,Y,0
TFB-100226,POL-912349,2026-04-06,D,H,A,0,76710,2026-06-03,A,Y,0
TFB-100227,POL-763662,2026-03-19,D,C,B,0,79901,2026-04-08,H,Y,0
TFB-100228,POL-681523,2026-02-07,D,C,C,0,75201,2026-03-24,I,Y,0
TFB-100229,POL-641279,2026-03-30,NR,C,B,0,79901,2026-04-23,DFL,N,0
TFB-100230,POL-840638,2026-03-23,C,C,A,1,75201,2026-05-26,D,Y,0
TFB-100231,POL-599460,2026-03-15,C,D,C,0,78205,2026-05-08,FGH,Y,0
TFB-100232,POL-779476,2026-04-21,D,T,C,0,76710,2026-06-02,ADI,Y,0
TFB-100233,POL-735171,2026-03-08,NR,T,C,1,76710,2026-03-03,DG,Y,0
TFB-100234,POL-795324,2026-03-21,D,C,B,0,77002,2026-04-20,AFL,N,0
TFB-100235,POL-790459,2026-01-14,D,T,B,0,76710,2026-03-09,ABL,Y,0
TFB-100236,POL-916729,2026-01-04,D,D,A,0,79901,2026-02-25,BGJ,N,0
TFB-100237,POL-893841,2026-02-12,D,C,A,0,76712,2026-03-25,I,N,0
TFB-100238,POL-782922,2026-02-15,NR,T,B,0,76710,2026-03-29,DJ,Y,0
TFB-100239,POL-579181,2026-02-07,C,H,B,0,79901,2026-02-02,IJK,N,0
TFB-100240,POL-891436,2026-01-05,C,C,B,0,76701,2026-01-23,G,Y,0
TFB-100241,POL-712257,2026-03-17,C,T,B,0,79901,2026-05-03,K,Y,1
TFB-100242,POL-862854,2026-02-13,NR,H,C,0,79901,2026-03-23,EHL,N,0
TFB-100243,POL-771118,2026-02-03,NR,D,A,1,75201,2026-04-23,A,N,0
TFB-100244,POL-538903,2026-03-31,NR,D,C,0,79901,2026-04-27,G,N,0
TFB-100245,POL-883152,2026-02-10,D,D,C,0,76710,2026-02-27,J,N,0
TFB-100246,POL-527019,2026-01-10,C,C,A,1,76710,2026-04-06,GL,Y,0
TFB-100247,POL-782723,2026-01-07,C,D,C,0,76701,2026-02-23,BGK,Y,1
TFB-100248,POL-503697,2026-01-25,NR,D,C,0,78701,2026-03-10,B,Y,0
TFB-100249,POL-659947,2026-01-30,C,C,B,0,76712,2026-03-05,ADE,Y,0
TFB-100250,POL-756836,2026-04-11,D,T,A,0,76712,2026-05-25,BFJ,N,0
TFB-100251,POL-509632,2026-02-13,C,C,C,0,76712,2026-03-20,AF,Y,0
TFB-100252,POL-740417,2026-01-19,C,H,C,0,79901,2026-02-19,ABC,N,0
TFB-100253,POL-500242,2026-03-11,NR,T,B,1,76701,2026-05-10,DI,N,0
TFB-100254,POL-849278,2026-03-09,NR,C,A,1,75201,2026-05-25,B,N,0
TFB-100255,POL-920934,2026-01-23,NR,T,A,0,78701,2026-03-04,L,Y,0
TFB-100256,POL-501616,2026-01-28,NR,H,B,1,76710,2026-04-10,B,N,0
TFB-100257,POL-803943,2026-04-04,C,D,C,0,79901,2026-05-11,EIJ,N,0
TFB-100258,POL-677225,2026-04-14,NR,T,B,0,78205,2026-05-09,I,Y,0
TFB-100259,POL-760973,2026-03-25,NR,D,A,1,76701,2026-06-15,BK,Y,1
TFB-100260,POL-913110,2026-04-15,D,H,C,0,77002,2026-05-28,AF,N,0
TFB-100261,POL-980584,2026-02-06,NR,T,A,0,78701,2026-04-02,A,Y,0
TFB-100262,POL-530434,2026-02-01,NR,H,B,0,77002,2026-02-27,BEH,Y,0
TFB-100263,POL-593222,2026-03-13,NR,D,B,0,79901,2026-03-31,FL,N,0
TFB-100264,POL-654312,2026-03-24,NR,C,A,0,75201,2026-04-27,ADF,Y,0
TFB-100265,POL-942680,2026-03-19,C,H,B,1,78701,2026-05-22,F,Y,0
TFB-100266,POL-920347,2026-02-24,C,T,C,0,78701,2026-04-11,D,N,0
TFB-100267,POL-879213,2026-01-03,NR,D,C,0,75201,2026-02-15,KFA,Y,1
TFB-100268,POL-951538,2026-01-04,NR,D,A,0,,2026-02-12,D,N,0
TFB-100269,POL-849844,2026-03-29,C,T,C,0,76712,2026-05-13,BC,Y,0
TFB-100270,POL-748596,2026-04-01,C,C,C,0,,2026-05-05,BK,Y,1
TFB-100271,POL-883856,2026-01-12,C,C,C,1,76701,2026-03-16,E,Y,0
TFB-100272,POL-712444,2026-02-07,C,T,C,0,78205,2026-02-22,EI,N,0
TFB-100273,POL-664679,2026-02-17,C,H,B,1,78701,2026-04-28,BJ,N,0
TFB-100274,POL-643024,2026-03-23,C,T,B,1,78205,2026-06-20,BL,N,0
TFB-100275,POL-762106,2026-01-27,D,H,B,1,79901,2026-04-13,CH,Y,0
TFB-100276,POL-745861,2026-03-14,NR,T,B,1,77002,2026-05-20,AF,Y,0
TFB-100277,POL-512544,2026-01-02,D,D,A,1,78205,2026-03-18,J,N,0
TFB-100278,POL-784207,2026-02-15,C,T,A,1,76710,2026-05-08,KL,Y,1
TFB-100279,POL-548506,2026-03-18,C,D,A,1,79901,2026-06-04,AC,N,0
TFB-100280,POL-505928,2026-01-29,D,D,C,1,79901,2026-04-01,EFH,Y,0
TFB-100281,POL-850888,2026-02-11,D,T,A,0,75201,2026-03-22,ABD,N,0
TFB-100282,POL-767758,2026-04-20,D,T,A,0,78205,2026-05-21,B,N,0
TFB-100283,POL-955244,2026-02-17,C,C,B,1,77002,2026-05-06,BCK,N,0
TFB-100284,POL-741230,2026-03-02,D,D,B,0,78701,2026-03-24,EK,N,0
TFB-100285,POL-537647,2026-03-26,C,T,C,1,76712,2026-06-18,J,N,0
TFB-100286,POL-925285,2026-02-18,C,C,A,0,75201,2026-03-22,AEL,N,0
TFB-100287,POL-700813,2026-02-14,D,T,C,0,76712,2026-02-09,CI,N,0
TFB-100288,POL-677482,2026-02-08,NR,T,C,0,77002,2026-03-27,J,Y,0
TFB-100289,POL-764366,2026-03-05,NR,D,A,1,76701,2026-05-10,L,Y,0
TFB-100290,POL-654995,2026-04-09,D,H,C,1,76710,2026-06-11,K,Y,1
TFB-100291,POL-887384,2026-03-27,D,H,A,0,76701,2026-04-14,G,Y,0
TFB-100292,POL-867212,2026-04-01,NR,T,C,1,76712,2026-06-13,BKL,N,0
TFB-100293,POL-667954,2026-02-28,NR,D,C,1,75201,2026-05-27,AGL,N,0
TFB-100294,POL-647870,2026-02-10,NR,T,C,0,75201,2026-03-24,BI,N,0
TFB-100295,POL-611834,2026-03-11,D,C,C,0,76710,2026-04-28,BJ,Y,0
TFB-100296,POL-817831,2026-02-11,NR,T,B,1,76710,2026-05-05,BD,Y,0
TFB-100297,POL-882448,2026-01-14,NR,T,A,1,76710,2026-03-27,DF,Y,0
TFB-100298,POL-861060,2026-01-04,NR,H,A,1,77002,2026-03-23,G,Y,0
TFB-100299,POL-651994,2026-03-13,C,H,C,1,75201,2026-06-02,ABK,Y,1
TFB-100300,POL-741912,2026-03-04,NR,T,C,1,78701,2026-05-21,CFK,Y,0
TFB-100301,POL-917357,2026-03-09,C,C,A,1,76710,2026-05-12,CI,Y,0
TFB-100302,POL-894782,2026-02-18,NR,D,A,1,76710,2026-04-19,E,Y,0
TFB-100303,POL-935459,2026-01-09,D,H,B,1,79901,2026-04-04,DJ,Y,0
TFB-100304,POL-872366,2026-03-16,NR,D,C,1,78205,2026-05-15,ADH,N,0
TFB-100305,POL-713104,2026-01-22,NR,T,B,1,76710,2026-04-05,F,Y,0
TFB-100306,POL-616059,2026-01-19,D,C,B,0,79901,2026-02-06,CH,N,0
TFB-100307,POL-963163,2026-01-16,NR,T,A,0,76712,2026-02-23,AB,N,0
TFB-100308,POL-670419,2026-01-20,C,D,A,0,76701,2026-03-10,BF,N,0
TFB-100309,POL-566531,2026-02-10,NR,D,B,0,77002,2026-04-01,DH,Y,0
TFB-100310,POL-810124,2026-03-29,D,H,B,0,77002,2026-05-22,J,Y,0
TFB-100311,POL-889867,2026-02-11,NR,H,B,1,76710,2026-05-12,EG,N,0
TFB-100312,POL-631958,2026-01-21,D,D,A,1,78701,2026-01-16,L,N,0
TFB-100313,POL-977448,2026-03-23,C,C,A,1,76712,2026-05-30,F,N,0
TFB-100314,POL-739676,2026-02-03,C,T,C,0,75201,2026-03-23,IL,Y,0
TFB-100315,POL-764213,2026-01-26,NR,H,C,1,78205,2026-04-17,DFL,Y,0
TFB-100316,POL-513029,2026-03-06,D,T,A,1,76710,2026-05-31,CEL,N,0
TFB-100317,POL-632921,2026-03-22,C,T,B,0,77002,2026-04-27,DI,Y,0
TFB-100318,POL-525166,2026-03-17,NR,T,B,0,76701,2026-05-15,AK,N,0
TFB-100319,POL-736441,2026-03-31,D,C,A,1,76701,2026-06-24,AEK,N,0
TFB-100320,POL-981666,2026-02-02,NR,D,B,1,77002,2026-04-06,FHK,Y,0
TFB-100321,POL-615538,2026-03-18,D,C,A,1,76710,2026-05-30,CJL,Y,0
TFB-100322,POL-503793,2026-02-18,C,C,B,0,76712,2026-04-11,CJL,N,0
TFB-100323,POL-884222,2026-01-17,NR,C,B,0,76701,2026-03-07,ABJ,Y,0
TFB-100324,POL-633127,2026-01-02,D,C,C,1,76712,2026-03-31,DF,Y,0
TFB-100325,POL-564203,2026-02-16,D,T,B,0,76701,2026-04-04,DHK,N,0
TFB-100326,POL-623339,2026-01-13,C,T,B,1,76710,2026-03-30,BC,N,0
TFB-100327,POL-751504,2026-03-20,NR,C,B,1,79901,2026-05-30,B,N,0
TFB-100328,POL-730895,2026-02-04,D,T,B,0,79901,2026-03-20,E,Y,0
TFB-100329,POL-824914,2026-02-19,D,T,B,1,76701,2026-05-17,AGH,Y,0
TFB-100330,POL-969382,2026-03-04,C,C,C,1,78701,2026-05-25,FL,Y,0
TFB-100331,POL-513077,2026-02-22,NR,H,B,0,75201,2026-04-04,CF,N,0
TFB-100332,POL-776662,2026-01-22,D,C,C,1,79901,2026-04-12,FK,Y,1
TFB-100333,POL-508770,2026-02-27,D,C,C,0,76710,2026-03-18,BGK,Y,0
TFB-100334,POL-842722,2026-04-04,NR,H,A,1,78701,2026-06-09,AB,N,0
TFB-100335,POL-819457,2026-02-25,C,T,B,0,79901,2026-04-09,BI,N,0
TFB-100336,POL-793056,2026-03-02,C,D,C,0,78205,2026-04-19,HEC,Y,0
TFB-100337,POL-647635,2026-03-03,NR,H,B,1,76710,2026-05-25,CL,Y,0
TFB-100338,POL-679110,2026-02-28,NR,H,A,0,78205,2026-04-11,B,Y,0
TFB-100339,POL-933334,2026-04-15,NR,C,A,1,77002,2026-06-27,AJK,Y,0
TFB-100340,POL-802037,2026-04-05,D,C,A,1,76710,2026-06-11,L,N,0
TFB-100341,POL-611159,2026-01-22,C,C,A,1,78701,2026-04-14,CFJ,Y,0
TFB-100342,POL-716080,2026-03-08,NR,T,B,0,76710,2026-05-01,H,N,0
TFB-100343,POL-719661,2026-01-16,NR,T,A,1,75201,2026-04-15,J,N,0
TFB-100344,POL-902433,2026-01-02,D,C,A,0,78205,2026-02-26,EF,Y,0
TFB-100345,POL-523442,2026-02-28,C,C,B,0,78701,2026-04-23,AFK,N,0
TFB-100346,POL-780513,2026-01-15,NR,C,C,0,78701,2026-03-09,AEH,Y,0
TFB-100347,POL-565286,2026-04-12,NR,C,C,1,,2026-07-10,EFL,Y,0
TFB-100348,POL-762912,2026-03-13,C,D,C,0,76710,2026-03-29,B,N,0
TFB-100349,POL-770924,2026-01-07,C,T,B,1,78205,2026-03-11,C,N,0
TFB-100350,POL-548213,2026-03-26,C,H,C,0,77002,2026-05-22,D,Y,0
TFB-100351,POL-947098,2026-02-07,NR,H,A,1,75201,2026-04-17,AHI,N,0
TFB-100352,POL-508947,2026-04-04,C,H,A,0,77002,2026-05-28,CJ,N,0
TFB-100353,POL-645138,2026-03-22,D,T,A,1,75201,2026-06-20,L,N,0
TFB-100354,POL-821941,2026-03-19,NR,D,B,0,76710,2026-04-30,EJL,Y,0
TFB-100355,POL-546108,2026-02-23,NR,T,C,0,76710,2026-03-28,GIL,Y,0
TFB-100356,POL-574452,2026-03-07,D,T,B,0,75201,2026-03-25,ABL,Y,0
TFB-100357,POL-649144,2026-01-17,NR,T,A,0,75201,2026-03-14,DI,N,0
TFB-100358,POL-924498,2026-03-23,NR,T,C,1,78205,2026-05-31,A,Y,0
TFB-100359,POL-825702,2026-01-17,D,C,B,0,78205,2026-02-19,I,Y,0
TFB-100360,POL-621088,2026-03-12,C,D,B,0,78205,2026-04-12,D,Y,0
TFB-100361,POL-949958,2026-02-09,C,C,C,0,78205,2026-02-25,FGI,N,0
TFB-100362,POL-669085,2026-03-31,C,D,C,1,77002,2026-06-29,J,N,0
TFB-100363,POL-830177,2026-01-12,NR,T,A,1,78205,2026-04-02,BEJ,Y,0
TFB-100364,POL-959748,2026-03-07,NR,C,B,0,78205,2026-04-02,I,N,0
TFB-100365,POL-921749,2026-03-07,C,T,C,0,75201,2026-04-23,GHJ,Y,0
TFB-100366,POL-833645,2026-02-22,NR,H,C,0,77002,2026-04-07,CEF,N,0
TFB-100367,POL-692635,2026-03-04,C,C,C,0,76712,2026-03-29,F,N,0
TFB-100368,POL-580429,2026-04-08,NR,C,B,0,79901,2026-05-03,ADF,N,0
TFB-100369,POL-723115,2026-03-31,D,C,A,0,77002,2026-04-28,E,Y,0
TFB-100370,POL-994989,2026-04-02,D,T,A,0,76712,2026-04-30,DG,Y,0
TFB-100371,POL-944962,2026-01-23,D,D,C,0,77002,2026-02-28,CEK,Y,1
TFB-100372,POL-625840,2026-01-26,C,T,A,0,76710,2026-02-12,I,N,0
TFB-100373,POL-959265,2026-01-11,C,D,C,1,78205,2026-03-14,FG,Y,0
TFB-100374,POL-839380,2026-03-28,D,H,A,1,76712,2026-05-31,BD,Y,0
TFB-100375,POL-699480,2026-02-01,D,D,B,0,79901,2026-03-19,BEG,N,0
TFB-100376,POL-672807,2026-01-30,D,H,B,0,76710,2026-02-17,DHL,Y,0
TFB-100377,POL-898651,2026-03-30,D,T,A,0,79901,2026-05-12,FH,Y,0
TFB-100378,POL-832842,2026-03-02,D,C,C,1,75201,2026-05-30,AGK,N,0
TFB-100379,POL-889844,2026-03-24,NR,C,A,0,78701,2026-05-03,BD,Y,0
TFB-100380,POL-592380,2026-02-27,D,T,A,0,79901,2026-04-20,D,Y,0
TFB-100381,POL-613852,2026-01-22,NR,T,C,0,77002,2026-02-26,ACG,N,0
TFB-100382,POL-642317,2026-04-19,D,H,B,1,75201,2026-07-07,CFJ,Y,0
TFB-100383,POL-811743,2026-03-10,NR,D,A,0,79901,2026-03-05,CK,Y,1
TFB-100384,POL-807342,2026-03-15,D,T,C,0,78205,2026-04-01,H,N,0
TFB-100385,POL-853773,2026-04-15,C,D,B,0,76712,2026-05-18,D,Y,0
TFB-100386,POL-899678,2026-04-18,NR,C,C,0,78701,2026-05-15,DG,N,0
TFB-100387,POL-706381,2026-01-02,D,C,B,1,76701,2026-03-06,BD,N,0
TFB-100388,POL-725598,2026-02-19,C,T,B,1,75201,2026-05-09,I,N,0
TFB-100389,POL-504454,2026-04-08,NR,D,A,0,76701,2026-05-28,E,Y,0
TFB-100390,POL-591598,2026-01-24,C,C,A,0,79901,2026-03-01,EGI,N,0
TFB-100391,POL-572726,2026-02-03,C,T,B,0,76710,2026-03-04,DK,Y,0
TFB-100392,POL-603602,2026-03-15,NR,H,A,0,79901,2026-04-03,AC,Y,0
TFB-100393,POL-535634,2026-01-14,D,C,A,0,76712,2026-02-14,DF,N,0
TFB-100394,POL-794641,2026-02-13,C,T,A,0,77002,2026-03-15,BK,Y,1
TFB-100395,POL-887785,2026-02-24,D,H,B,1,75201,2026-04-29,FDB,N,0
TFB-100396,POL-501638,2026-03-03,NR,C,A,0,76710,2026-04-23,ABH,N,0
TFB-100397,POL-967448,2026-02-07,NR,H,C,1,76701,2026-04-15,FGL,Y,0
TFB-100398,POL-792753,2026-03-25,C,C,A,1,75201,2026-06-20,EIJ,Y,0
TFB-100399,POL-739422,2026-03-06,D,H,B,0,76701,2026-03-26,HI,Y,0
TFB-100400,POL-963030,2026-03-30,NR,T,C,0,76701,2026-05-13,H,Y,0
TFB-100401,POL-528983,2026-04-21,D,C,A,1,79901,2026-07-20,DF,Y,0
TFB-100402,POL-920507,2026-04-02,C,H,C,1,78205,2026-06-20,B,N,0
TFB-100403,POL-894746,2026-01-27,D,C,C,0,,2026-03-27,GH,Y,0
TFB-100404,POL-987074,2026-04-20,C,H,A,0,78701,2026-06-16,H,Y,0
TFB-100405,POL-543477,2026-02-26,D,T,B,1,76710,2026-04-29,DGK,Y,1
TFB-100406,POL-768426,2026-01-08,D,H,A,0,79901,2026-02-11,IHA,N,0
TFB-100407,POL-714128,2026-04-10,D,H,B,0,78701,2026-05-26,F,N,0
TFB-100408,POL-650707,2026-03-19,C,T,C,0,78205,2026-05-16,LH,N,0
TFB-100409,POL-516651,2026-02-04,D,C,B,0,76701,2026-02-23,CFJ,Y,0
TFB-100410,POL-914269,2026-03-30,D,C,A,0,77002,2026-05-23,C,Y,0
TFB-100411,POL-562994,2026-02-27,D,T,C,0,76701,2026-04-22,EJK,N,0
TFB-100412,POL-922036,2026-04-02,C,H,B,1,78205,2026-06-24,IL,N,0
TFB-100413,POL-969743,2026-03-17,D,H,B,0,78205,2026-04-26,FL,Y,0
TFB-100414,POL-957428,2026-03-10,NR,D,B,0,77002,2026-04-08,F,N,0
TFB-100415,POL-910898,2026-04-20,C,C,B,1,76712,2026-07-08,DL,Y,0
TFB-100416,POL-756718,2026-03-07,NR,H,A,1,76710,2026-05-18,AK,Y,1
TFB-100417,POL-563947,2026-01-15,D,T,C,1,76701,2026-04-15,EHJ,Y,0
TFB-100418,POL-979856,2026-04-05,C,H,A,1,76710,2026-06-05,EIL,Y,0
TFB-100419,POL-853461,2026-03-08,NR,D,C,0,76712,2026-04-19,B,N,0
TFB-100420,POL-977366,2026-04-18,NR,C,A,1,76710,2026-07-09,AD,Y,0
TFB-100421,POL-664247,2026-01-07,C,T,C,0,76712,2026-03-07,CG,Y,0
TFB-100422,POL-818554,2026-02-08,C,T,C,0,79901,2026-02-23,IL,Y,0
TFB-100423,POL-803065,2026-04-21,NR,H,C,1,76710,2026-07-09,E,N,0
TFB-100424,POL-556012,2026-03-10,NR,T,A,1,79901,2026-05-17,I,N,0
TFB-100425,POL-547669,2026-01-21,D,T,C,0,75201,2026-02-26,AL,N,0
TFB-100426,POL-587935,2026-03-03,C,C,B,0,75201,2026-04-25,AGH,Y,0
TFB-100427,POL-612313,2026-01-06,NR,D,B,1,78701,2026-03-13,BCL,N,0
TFB-100428,POL-665573,2026-03-16,C,H,B,1,76710,2026-05-31,BC,Y,0
TFB-100429,POL-847197,2026-02-17,D,D,C,1,78701,2026-05-13,AFH,Y,0
TFB-100430,POL-674074,2026-02-24,D,T,A,1,76712,2026-05-12,IK,Y,0
TFB-100431,POL-689714,2026-04-04,C,T,C,1,76712,2026-06-20,F,Y,0
TFB-100432,POL-879836,2026-04-19,NR,H,C,1,78205,2026-07-08,BFG,Y,0
TFB-100433,POL-939751,2026-01-23,C,C,B,1,79901,2026-03-31,AHK,Y,1
TFB-100434,POL-637628,2026-01-06,NR,C,C,1,77002,2026-04-04,AEL,N,0
TFB-100435,POL-917584,2026-04-02,NR,C,B,0,78205,2026-05-21,J,Y,0
TFB-100436,POL-899390,2026-03-21,NR,C,A,1,78205,2026-06-01,AG,N,0
TFB-100437,POL-835953,2026-04-19,D,T,B,0,78701,2026-06-07,CJ,N,0
TFB-100438,POL-600123,2026-01-26,NR,H,B,0,78205,2026-03-20,B,N,0
TFB-100439,POL-895148,2026-04-14,D,D,C,0,76710,2026-05-29,BCD,N,0
TFB-100440,POL-548074,2026-03-28,D,H,B,1,77002,2026-05-30,EI,N,0
TFB-100441,POL-926584,2026-01-18,C,D,A,0,76701,2026-03-02,AE,Y,0
TFB-100442,POL-666021,2026-04-20,NR,T,C,1,79901,2026-06-23,DH,N,0
TFB-100443,POL-790113,2026-02-15,C,C,B,1,75201,2026-04-29,I,N,0
TFB-100444,POL-756870,2026-04-04,D,T,B,0,75201,2026-05-15,G,Y,0
TFB-100445,POL-926489,2026-03-18,D,D,A,0,79901,2026-05-04,EK,N,0
TFB-100446,POL-647990,2026-03-01,NR,D,A,1,76710,2026-05-27,D,Y,0
TFB-100447,POL-767835,2026-04-05,D,T,C,1,78701,2026-06-23,JEA,Y,0
TFB-100448,POL-774666,2026-03-15,NR,H,B,0,78701,2026-04-16,FI,Y,0
TFB-100449,POL-823882,2026-03-07,D,C,C,0,78205,2026-04-01,K,Y,0
TFB-100450,POL-854907,2026-01-27,NR,C,C,0,76710,2026-03-07,B,Y,0
TFB-100451,POL-957797,2026-03-16,D,D,A,1,78205,2026-06-06,ADL,Y,0
TFB-100452,POL-611115,2026-03-09,C,H,A,1,78205,2026-05-22,CJL,Y,0
TFB-100453,POL-582980,2026-01-28,D,C,C,0,76701,2026-02-23,BDL,Y,0
TFB-100454,POL-921041,2026-04-08,C,C,B,1,78701,2026-06-20,DGL,N,0
TFB-100455,POL-727443,2026-02-05,D,T,A,1,77002,2026-04-10,K,Y,1
TFB-100456,POL-586379,2026-02-19,D,H,C,0,78205,2026-04-15,DEF,N,0
TFB-100457,POL-739706,2026-01-02,C,H,B,1,75201,2026-03-12,G,N,0
TFB-100458,POL-529228,2026-02-10,C,H,A,0,75201,2026-03-20,I,Y,0
TFB-100459,POL-881351,2026-01-09,NR,C,C,1,75201,2026-04-01,BH,N,0
TFB-100460,POL-774973,2026-01-25,D,H,A,0,79901,2026-03-25,J,Y,0
TFB-100461,POL-578162,2026-01-09,D,H,C,0,76701,2026-02-28,AC,Y,0
TFB-100462,POL-568862,2026-02-25,NR,C,B,0,78701,2026-03-25,B,Y,0
TFB-100463,POL-759090,2026-04-16,D,T,A,0,76710,2026-05-28,AFH,N,0
TFB-100464,POL-773360,2026-03-02,C,C,B,0,76710,2026-03-27,C,Y,0
TFB-100465,POL-733433,2026-02-02,C,C,C,1,,2026-05-02,BE,Y,0
TFB-100466,POL-924359,2026-03-22,D,C,A,0,76701,2026-05-15,DE,N,0
TFB-100467,POL-786123,2026-02-01,C,T,B,0,76712,2026-02-26,F,Y,0
TFB-100468,POL-796997,2026-03-14,D,D,A,0,78205,2026-03-09,G,N,0
TFB-100469,POL-948039,2026-01-30,C,H,A,0,79901,2026-02-25,AJ,N,0
TFB-100470,POL-593437,2026-02-06,C,T,A,1,77002,2026-05-07,K,Y,0
TFB-100471,POL-636058,2026-03-07,D,C,A,1,76701,2026-05-30,J,N,0
TFB-100472,POL-921174,2026-02-08,C,C,B,0,78205,2026-02-24,BI,N,0
TFB-100473,POL-656704,2026-04-04,D,H,C,1,76712,2026-07-02,DI,N,0
TFB-100474,POL-672533,2026-03-13,D,D,C,0,76701,2026-05-01,CE,N,0
TFB-100475,POL-708423,2026-01-29,NR,C,C,0,77002,2026-02-20,H,N,0
TFB-100476,POL-695829,2026-03-15,D,H,C,0,76710,2026-03-31,H,Y,0
TFB-100477,POL-843878,2026-02-11,NR,D,A,1,76712,2026-05-12,FK,Y,1
TFB-100478,POL-821069,2026-03-20,C,C,C,0,77002,2026-04-28,A,N,0
TFB-100479,POL-562490,2026-03-12,C,T,B,0,76701,2026-04-21,EG,N,0
TFB-100480,POL-963945,2026-01-08,D,H,C,0,76701,2026-02-10,IJK,Y,1
TFB-100481,POL-645232,2026-03-21,C,C,B,0,79901,2026-05-01,CK,N,0
TFB-100482,POL-521857,2026-03-09,NR,H,A,0,76712,2026-04-22,A,N,0
TFB-100483,POL-723739,2026-02-02,D,D,C,1,75201,2026-04-06,AD,N,0
TFB-100484,POL-529227,2026-01-03,C,D,B,0,78701,2026-02-16,DEI,Y,0
TFB-100485,POL-868213,2026-04-01,NR,H,A,0,77002,2026-05-24,C,Y,0
TFB-100486,POL-903225,2026-02-03,D,D,C,1,78701,2026-04-12,B,Y,0
TFB-100487,POL-554886,2026-01-24,D,H,A,0,76710,2026-03-10,I,N,0
TFB-100488,POL-521447,2026-03-11,NR,C,A,0,76712,2026-04-09,KL,N,0
TFB-100489,POL-876344,2026-01-30,C,H,B,0,77002,2026-03-29,G,Y,0
TFB-100490,POL-798628,2026-04-18,NR,C,B,0,76710,2026-06-16,EHK,N,0
TFB-100491,POL-786236,2026-01-02,D,C,C,1,75201,2026-03-18,CD,Y,0
TFB-100492,POL-976492,2026-02-15,C,D,A,1,76701,2026-05-11,BEF,N,0
TFB-100493,POL-710209,2026-04-04,C,D,B,1,78701,2026-06-14,FJ,N,0
TFB-100494,POL-684548,2026-01-12,NR,H,A,0,75201,2026-02-07,K,Y,1
TFB-100495,POL-798240,2026-03-04,C,T,A,0,78701,2026-03-24,GL,Y,0
TFB-100496,POL-881832,2026-01-01,C,C,A,0,79901,2026-01-21,DJL,N,0
TFB-100497,POL-726826,2026-02-20,D,T,C,1,75201,2026-04-23,GIJ,Y,0
TFB-100498,POL-836687,2026-04-02,D,D,B,1,75201,2026-06-22,J,Y,0
TFB-100499,POL-924987,2026-03-29,NR,C,C,0,78701,2026-05-05,AE,N,0
TFB-100500,POL-598655,2026-02-15,D,H,A,1,75201,2026-05-09,EIK,Y,1
TFB-100501,POL-932837,2026-01-29,C,D,B,0,78701,2026-03-21,GI,Y,0
TFB-100502,POL-528177,2026-01-05,D,C,B,0,76701,2026-01-26,FGI,Y,0
TFB-100503,POL-507883,2026-03-22,D,H,A,0,76710,2026-04-13,C,N,0
TFB-100504,POL-658488,2026-02-26,D,T,C,1,78205,2026-05-02,BCI,Y,0
TFB-100505,POL-845798,2026-04-12,D,C,A,1,76710,2026-06-30,FK,N,0
TFB-100506,POL-980631,2026-01-06,NR,C,A,0,76701,2026-02-20,A,Y,0
TFB-100507,POL-556483,2026-03-19,C,C,A,0,78205,2026-04-19,L,N,0
TFB-100508,POL-503340,2026-03-03,NR,D,B,0,76710,2026-03-28,EJ,Y,0
TFB-100509,POL-899347,2026-03-09,C,D,B,0,78205,2026-04-26,HIL,N,0
TFB-100510,POL-743140,2026-01-02,NR,C,B,1,76701,2026-03-03,EHJ,Y,0
TFB-100511,POL-821280,2026-04-07,NR,C,C,1,78701,2026-06-11,HIL,N,0
TFB-100512,POL-526149,2026-02-22,NR,D,B,0,76701,2026-04-04,GH,N,0
TFB-100513,POL-648135,2026-01-01,D,T,A,0,76712,2026-02-22,ACH,Y,0
TFB-100514,POL-818699,2026-02-07,D,D,C,0,79901,2026-04-01,BDF,Y,0
TFB-100515,POL-702665,2026-02-22,C,T,A,1,79901,2026-05-03,CF,N,0
TFB-100516,POL-920875,2026-02-24,D,T,B,0,76701,2026-03-17,ABK,N,0
TFB-100517,POL-540624,2026-02-19,C,C,A,0,79901,2026-04-19,G,Y,0
TFB-100518,POL-593448,2026-03-02,NR,T,A,1,76712,2026-05-17,D,N,0
TFB-100519,POL-853312,2026-03-11,C,T,C,1,78205,2026-05-27,L,Y,0
TFB-100520,POL-650410,2026-03-30,NR,C,B,0,75201,2026-04-30,FJ,Y,0
TFB-100521,POL-992607,2026-01-05,D,C,C,1,76712,2026-04-05,D,Y,0
TFB-100522,POL-594642,2026-01-04,NR,H,B,1,76701,2026-03-23,AHK,N,0
TFB-100523,POL-661759,2026-01-12,C,T,A,0,78205,2026-02-13,L,N,0
TFB-100524,POL-520322,2026-02-23,D,D,A,1,77002,2026-05-17,HJ,Y,0
TFB-100525,POL-854241,2026-01-09,NR,T,A,0,77002,2026-02-12,BF,Y,0
TFB-100526,POL-773644,2026-04-07,C,C,A,1,76701,2026-06-17,BIJ,N,0
TFB-100527,POL-537078,2026-04-19,NR,H,C,1,76710,2026-07-07,HL,Y,0
TFB-100528,POL-996398,2026-01-24,D,T,A,0,78205,2026-03-24,E,Y,0
TFB-100529,POL-812888,2026-04-01,C,D,C,1,77002,2026-06-12,H,Y,0
TFB-100530,POL-786336,2026-03-08,NR,D,C,1,76710,2026-05-19,H,Y,0
TFB-100531,POL-586754,2026-01-31,C,T,A,0,76710,2026-03-07,BF,N,0
TFB-100532,POL-883939,2026-03-15,NR,H,B,0,79901,2026-04-02,K,Y,1
TFB-100533,POL-853361,2026-01-11,NR,T,B,1,76712,2026-03-19,EF,N,0
TFB-100534,POL-731437,2026-03-19,D,C,A,1,76710,2026-06-03,EJ,Y,0
TFB-100535,POL-799843,2026-01-31,C,H,A,1,76710,2026-04-23,AC,Y,0
TFB-100536,POL-979348,2026-01-01,NR,D,B,0,77002,2026-02-07,CEL,Y,0
TFB-100537,POL-501779,2026-03-11,D,T,B,1,77002,2026-05-30,CF,N,0
TFB-100538,POL-919847,2026-01-26,C,C,C,1,78701,2026-04-05,AK,N,0
TFB-100539,POL-883900,2026-03-03,C,H,A,1,78205,2026-05-29,CDK,N,0
TFB-100540,POL-820950,2026-03-17,D,C,C,0,78701,2026-05-09,AGL,N,0
TFB-100541,POL-654711,2026-03-28,NR,C,A,0,75201,2026-05-16,DJL,Y,0
TFB-100542,POL-753755,2026-02-07,NR,C,B,0,77002,2026-03-05,BHL,Y,0
TFB-100543,POL-884961,2026-01-12,NR,C,C,1,76712,2026-03-16,BG,N,0
TFB-100544,POL-818606,2026-04-17,NR,H,B,0,78205,2026-05-21,DH,Y,0
TFB-100545,POL-643989,2026-04-09,D,H,B,0,77002,2026-05-04,G,N,0
TFB-100546,POL-871619,2026-01-13,D,H,A,0,75201,2026-03-03,CDF,N,0
TFB-100547,POL-593451,2026-03-12,D,D,B,0,79901,2026-04-07,AFG,Y,0
TFB-100548,POL-695973,2026-01-15,D,D,A,0,76710,2026-02-20,CJ,N,0
TFB-100549,POL-915370,2026-02-26,D,D,C,1,77002,2026-05-25,ACK,Y,1
TFB-100550,POL-944870,2026-02-28,D,H,C,1,79901,2026-05-14,HJ,Y,0
TFB-100551,POL-578127,2026-02-04,C,D,C,1,76712,2026-04-29,EL,N,0
TFB-100552,POL-793133,2026-03-22,NR,C,B,0,76710,2026-05-12,ADL,N,0
TFB-100553,POL-940686,2026-03-27,C,H,B,1,,2026-06-20,K,N,0
TFB-100554,POL-844631,2026-04-18,NR,C,C,0,76710,2026-06-16,D,Y,0
TFB-100555,POL-547728,2026-04-14,C,H,C,0,79901,2026-05-21,EG,Y,0
TFB-100556,POL-903946,2026-02-25,NR,C,A,1,77002,2026-05-23,B,N,0
TFB-100557,POL-761234,2026-01-12,NR,D,C,0,76710,2026-01-27,DHI,Y,0
TFB-100558,POL-503218,2026-04-21,NR,C,A,1,75201,2026-07-01,EK,Y,1
TFB-100559,POL-767633,2026-03-21,NR,H,C,0,77002,2026-04-17,CH,Y,0
TFB-100560,POL-587659,2026-04-11,C,T,A,1,75201,2026-06-18,F,Y,0
TFB-100561,POL-785774,2026-02-18,D,T,C,1,,2026-04-24,CH,Y,0
TFB-100562,POL-754601,2026-01-14,NR,D,C,1,79901,2026-04-01,DGL,Y,0
TFB-100563,POL-888611,2026-03-15,NR,C,A,0,78205,2026-05-06,D,Y,0
TFB-100564,POL-948941,2026-02-28,D,T,A,1,78205,2026-05-14,C,Y,0
TFB-100565,POL-816345,2026-04-08,NR,D,B,1,76710,2026-06-12,EG,Y,0
TFB-100566,POL-908965,2026-03-04,D,T,C,0,78701,2026-03-30,C,Y,0
TFB-100567,POL-752352,2026-04-05,NR,T,A,0,76712,2026-04-24,I,Y,0
TFB-100568,POL-591802,2026-01-03,D,T,B,1,77002,2026-03-30,D,N,0
TFB-100569,POL-738264,2026-02-28,NR,T,B,0,76712,2026-04-21,L,N,0
TFB-100570,POL-863888,2026-02-07,D,C,B,0,76712,2026-03-08,AEJ,Y,0
TFB-100571,POL-985186,2026-04-17,C,T,A,1,79901,2026-07-12,H,N,0
TFB-100572,POL-704725,2026-01-23,NR,H,A,0,76710,2026-03-01,GIK,Y,1
TFB-100573,POL-669526,2026-02-07,NR,T,B,0,77002,2026-04-01,G,Y,0
TFB-100574,POL-641578,2026-04-15,C,T,B,0,78701,2026-05-04,K,Y,1
TFB-100575,POL-575698,2026-01-03,C,C,A,1,77002,2026-03-12,ACL,N,0
TFB-100576,POL-516623,2026-01-26,NR,H,A,0,76712,2026-03-18,BC,Y,0
TFB-100577,POL-665610,2026-03-20,NR,T,A,0,79901,2026-03-15,L,Y,0
TFB-100578,POL-950534,2026-03-01,C,C,C,0,76701,2026-04-19,L,Y,0
TFB-100579,POL-810203,2026-02-06,NR,C,C,0,75201,2026-03-23,GL,Y,0
TFB-100580,POL-701788,2026-02-20,NR,H,C,1,76710,2026-05-04,CG,Y,0
TFB-100581,POL-519289,2026-01-13,D,D,B,0,75201,2026-03-09,EHL,Y,0
TFB-100582,POL-765321,2026-02-16,C,C,A,0,75201,2026-04-01,FJ,N,0
TFB-100583,POL-686494,2026-02-26,D,C,B,0,79901,2026-04-14,GD,Y,0
TFB-100584,POL-567125,2026-02-09,NR,C,C,0,76712,2026-03-23,D,Y,0
TFB-100585,POL-969995,2026-03-20,D,T,C,0,77002,2026-04-30,GH,Y,0
TFB-100586,POL-555882,2026-01-03,NR,H,A,1,78701,2026-03-24,EIK,N,0
TFB-100587,POL-810273,2026-04-20,D,H,B,1,76710,2026-06-30,I,Y,0
TFB-100588,POL-537246,2026-04-03,NR,T,A,1,75201,2026-06-17,K,Y,1
TFB-100589,POL-513066,2026-01-14,C,T,A,0,78701,2026-03-12,I,N,0
TFB-100590,POL-641038,2026-03-10,D,T,C,0,78701,2026-04-09,GI,Y,0
TFB-100591,POL-835422,2026-03-19,C,C,A,0,76710,2026-05-11,B,N,0
TFB-100592,POL-920669,2026-03-06,C,C,A,0,77002,2026-03-01,A,Y,0
TFB-100593,POL-520085,2026-03-05,C,H,C,0,78701,2026-04-07,EFK,Y,0
TFB-100594,POL-620454,2026-02-17,D,C,B,0,78701,2026-03-04,AC,Y,0
TFB-100595,POL-982638,2026-02-11,D,D,A,1,75201,2026-04-17,H,Y,0
TFB-100596,POL-726599,2026-03-01,C,D,C,1,79901,2026-05-26,AHK,Y,1
TFB-100597,POL-951669,2026-02-25,C,C,C,1,79901,2026-05-20,DL,N,0
TFB-100598,POL-666851,2026-01-03,C,D,A,0,77002,2026-02-13,DI,Y,0
TFB-100599,POL-641735,2026-03-14,C,D,B,1,78701,2026-05-26,CIJ,N,0
TFB-100600,POL-661450,2026-04-04,C,H,B,1,77002,2026-06-10,C,Y,0
TFB-100601,POL-554066,2026-04-10,D,C,B,1,76712,2026-06-16,B,N,0
TFB-100602,POL-646719,2026-03-15,NR,C,A,0,76712,2026-04-05,G,Y,0
TFB-100603,POL-541675,2026-03-23,D,D,B,0,78701,2026-05-19,BL,Y,0
TFB-100604,POL-696867,2026-04-02,NR,T,C,1,76701,2026-06-07,DJ,N,0
TFB-100605,POL-993851,2026-04-12,D,C,C,0,76701,2026-05-27,AJL,Y,0
TFB-100606,POL-711950,2026-01-11,NR,T,B,1,78701,2026-03-29,AG,N,0
TFB-100607,POL-858985,2026-02-28,D,C,B,1,78205,2026-05-12,DL,Y,0
TFB-100608,POL-913849,2026-04-09,NR,H,C,0,76710,2026-05-31,AEG,Y,0
TFB-100609,POL-608152,2026-01-28,NR,C,A,1,75201,2026-04-09,CF,Y,0
TFB-100610,POL-656141,2026-01-09,D,H,A,1,75201,2026-03-12,L,Y,0
TFB-100611,POL-502125,2026-03-06,C,D,B,1,78701,2026-05-30,AJ,Y,0
TFB-100612,POL-755738,2026-03-30,NR,D,B,1,78701,2026-06-04,EJ,N,0
TFB-100613,POL-813250,2026-04-06,NR,T,B,1,77002,2026-06-18,G,Y,0
TFB-100614,POL-668192,2026-03-19,C,D,C,0,76712,2026-04-12,GHL,N,0
TFB-100615,POL-681366,2026-01-23,D,C,C,0,75201,2026-02-12,EI,N,0
TFB-100616,POL-698686,2026-03-05,D,H,B,0,75201,2026-04-24,K,Y,1
TFB-100617,POL-528477,2026-03-10,D,C,B,0,78701,2026-05-01,CL,Y,0
TFB-100618,POL-728653,2026-04-07,NR,D,C,1,76712,2026-06-28,GJK,Y,0
TFB-100619,POL-621975,2026-04-18,C,T,C,0,,2026-05-09,ACL,Y,0
TFB-100620,POL-829850,2026-01-05,NR,D,C,0,75201,2026-02-26,F,N,0
TFB-100621,POL-567127,2026-02-22,C,D,B,0,76712,2026-02-17,BL,N,0
TFB-100622,POL-928271,2026-01-11,D,H,A,1,77002,2026-03-31,J,Y,0
TFB-100623,POL-853850,2026-01-21,NR,T,A,0,78205,2026-02-26,K,Y,1
TFB-100624,POL-513479,2026-04-02,C,C,C,1,77002,2026-06-22,GHL,Y,0
TFB-100625,POL-996578,2026-02-23,NR,D,C,0,79901,2026-04-06,DFK,Y,1
TFB-100626,POL-680077,2026-04-19,C,T,B,0,76712,2026-06-01,BCL,Y,0
TFB-100627,POL-931050,2026-03-25,C,H,B,0,78701,2026-05-01,H,Y,0
TFB-100628,POL-841946,2026-03-03,D,D,B,0,76710,2026-04-12,ACF,N,0
TFB-100629,POL-795936,2026-03-15,NR,H,C,0,75201,2026-04-09,CJ,N,0
TFB-100630,POL-525933,2026-04-03,NR,C,B,0,77002,2026-05-28,BH,N,0
TFB-100631,POL-790654,2026-01-03,C,C,C,0,76712,2026-02-06,EI,N,0
TFB-100632,POL-522016,2026-03-07,D,T,C,1,75201,2026-05-06,DIL,N,0
TFB-100633,POL-876625,2026-03-05,NR,D,B,0,77002,2026-03-29,H,N,0
TFB-100634,POL-858305,2026-02-10,NR,H,A,1,75201,2026-04-27,AF,N,0
TFB-100635,POL-562003,2026-03-19,C,H,B,1,,2026-05-28,B,N,0
TFB-100636,POL-512972,2026-03-17,NR,D,C,1,76712,2026-06-08,EG,N,0
TFB-100637,POL-718611,2026-02-15,C,D,C,1,79901,2026-04-26,HK,N,0
TFB-100638,POL-774256,2026-04-17,NR,C,C,1,78205,2026-07-05,FJ,Y,0
TFB-100639,POL-917841,2026-04-18,D,C,C,0,76712,2026-05-31,L,Y,0
TFB-100640,POL-741596,2026-02-09,NR,C,C,1,75201,2026-04-27,F,Y,0
TFB-100641,POL-589781,2026-04-04,NR,T,C,0,78701,2026-05-31,ACH,Y,0
TFB-100642,POL-598325,2026-04-08,C,C,A,0,76701,2026-05-05,JK,N,0
TFB-100643,POL-692967,2026-02-24,D,C,A,1,76710,2026-05-04,CKL,Y,1
TFB-100644,POL-675145,2026-02-08,D,H,C,0,78205,2026-03-16,BI,Y,0
TFB-100645,POL-744686,2026-01-05,C,C,C,0,78701,2026-01-20,CH,Y,0
TFB-100646,POL-681470,2026-01-09,C,T,C,0,79901,2026-02-18,AJL,N,0
TFB-100647,POL-985312,2026-03-05,NR,T,B,0,78205,2026-04-28,E,Y,0
TFB-100648,POL-724211,2026-02-02,C,T,B,1,76710,2026-04-09,E,Y,0
TFB-100649,POL-869343,2026-02-08,NR,H,A,1,75201,2026-04-17,D,N,0
TFB-100650,POL-618739,2026-04-09,NR,C,C,1,78701,2026-07-06,B,N,0
TFB-100651,POL-602241,2026-03-13,NR,D,A,1,79901,2026-06-02,E,Y,0
TFB-100652,POL-747420,2026-02-02,D,H,C,0,78205,2026-03-15,L,Y,0
TFB-100653,POL-628481,2026-01-29,C,T,B,0,76710,2026-03-05,DI,Y,0
TFB-100654,POL-612233,2026-03-27,C,D,A,1,78701,2026-06-10,B,Y,0
TFB-100655,POL-704644,2026-02-23,NR,D,A,0,76701,2026-04-16,CD,Y,0
TFB-100656,POL-530816,2026-03-12,NR,D,A,1,75201,2026-05-15,GH,N,0
TFB-100657,POL-852853,2026-02-11,C,T,A,1,78205,2026-05-06,EJL,Y,0
TFB-100658,POL-606104,2026-04-18,C,T,B,1,77002,2026-06-29,DGI,Y,0
TFB-100659,POL-569976,2026-03-06,D,C,C,1,76701,2026-05-09,GIL,N,0
TFB-100660,POL-801328,2026-03-07,NR,H,C,1,78701,2026-05-11,AKL,Y,1
TFB-100661,POL-925878,2026-03-21,C,H,C,0,76712,2026-04-25,HKL,Y,0
TFB-100662,POL-889963,2026-03-07,NR,H,B,1,79901,2026-05-17,HK,Y,1
TFB-100663,POL-821133,2026-02-14,C,C,A,0,75201,2026-04-12,CDK,N,0
TFB-100664,POL-557291,2026-02-26,C,T,B,0,76701,2026-04-09,D,Y,0
TFB-100665,POL-891738,2026-03-26,C,C,A,1,77002,2026-05-30,K,Y,1
TFB-100666,POL-829483,2026-02-05,NR,D,B,0,77002,2026-02-22,CG,N,0
TFB-100667,POL-716068,2026-02-10,D,T,A,1,79901,2026-05-04,K,Y,1
TFB-100668,POL-538243,2026-04-05,D,H,B,0,76712,2026-05-22,DHL,N,0
TFB-100669,POL-719601,2026-04-11,NR,C,A,1,77002,2026-07-03,H,Y,0
TFB-100670,POL-562273,2026-02-05,D,D,B,0,76701,2026-02-20,L,N,0
TFB-100671,POL-785285,2026-04-05,D,C,A,1,77002,2026-06-15,FIK,N,0
TFB-100672,POL-529472,2026-03-09,NR,D,A,1,78205,2026-05-11,F,N,0
TFB-100673,POL-595762,2026-02-17,NR,T,B,0,79901,2026-03-12,A,Y,0
TFB-100674,POL-677028,2026-04-03,D,H,A,1,79901,2026-06-21,ABC,N,0
TFB-100675,POL-589966,2026-01-09,D,H,C,0,76701,2026-01-24,F,Y,0
TFB-100676,POL-954783,2026-03-04,NR,D,A,0,75201,2026-03-22,FH,N,0
TFB-100677,POL-840325,2026-01-31,D,T,A,1,78701,2026-04-01,AE,N,0
TFB-100678,POL-971131,2026-02-13,C,H,C,1,79901,2026-05-05,EJK,N,0
TFB-100679,POL-741855,2026-01-13,D,C,B,1,79901,2026-03-23,D,Y,0
TFB-100680,POL-887573,2026-02-15,D,H,A,1,78701,2026-04-19,CGJ,N,0
TFB-100681,POL-625082,2026-01-10,NR,D,B,0,78701,2026-02-26,CD,Y,0
TFB-100682,POL-971952,2026-01-10,C,H,C,0,75201,2026-02-26,E,Y,0
TFB-100683,POL-755331,2026-01-07,NR,H,C,0,76710,2026-03-04,FHI,Y,0
TFB-100684,POL-858159,2026-02-07,C,T,B,1,77002,2026-05-03,E,Y,0
TFB-100685,POL-525633,2026-02-13,NR,H,A,0,78205,2026-04-06,GJK,N,0
TFB-100686,POL-970489,2026-03-08,C,T,B,1,76701,2026-05-16,CH,Y,0
TFB-100687,POL-906819,2026-02-20,NR,H,A,1,79901,2026-02-15,DFL,N,0
TFB-100688,POL-873325,2026-02-23,C,C,C,1,79901,2026-05-23,F,N,0
TFB-100689,POL-769208,2026-01-08,D,C,C,0,79901,2026-02-08,FG,N,0
TFB-100690,POL-829658,2026-02-27,D,C,A,1,76701,2026-04-30,ABE,N,0
TFB-100691,POL-678040,2026-01-21,D,D,A,0,76710,2026-02-08,ABK,N,0
TFB-100692,POL-963516,2026-03-01,C,H,B,0,76712,2026-04-08,E,Y,0
TFB-100693,POL-639396,2026-03-25,C,D,A,1,78205,2026-05-31,ACJ,N,0
TFB-100694,POL-514339,2026-04-06,C,T,B,1,75201,2026-06-05,DKL,N,0
TFB-100695,POL-628443,2026-02-27,D,T,C,0,77002,2026-02-22,AJ,N,0
TFB-100696,POL-703183,2026-01-22,D,D,B,0,76712,2026-02-23,AGH,Y,0
TFB-100697,POL-638784,2026-01-28,NR,T,B,1,76701,2026-04-20,GJ,N,0
TFB-100698,POL-726837,2026-04-13,NR,D,B,0,78205,2026-04-08,JK,N,0
TFB-100699,POL-841796,2026-02-13,D,D,B,1,76710,2026-05-08,EI,N,0
TFB-100700,POL-540254,2026-03-03,NR,C,A,1,78701,2026-05-14,HJ,N,0
TFB-100701,POL-815213,2026-02-26,NR,T,B,0,78701,2026-04-05,BEF,N,0
TFB-100702,POL-817618,2026-02-16,C,D,B,0,78701,2026-04-14,BEG,Y,0
TFB-100703,POL-768159,2026-04-02,C,T,C,0,75201,2026-05-30,F,N,0
TFB-100704,POL-988787,2026-03-13,D,D,C,1,76712,2026-05-29,A,Y,0
TFB-100705,POL-918624,2026-03-05,C,D,C,0,78205,2026-03-27,JL,Y,0
TFB-100706,POL-964603,2026-03-14,NR,T,A,1,76701,2026-06-12,ABL,Y,0
TFB-100707,POL-818819,2026-02-02,C,H,C,0,78701,2026-03-20,B,Y,0
TFB-100708,POL-974914,2026-02-16,C,C,A,0,76712,2026-04-03,AK,Y,1
TFB-100709,POL-899806,2026-04-09,D,D,B,1,78701,2026-06-29,ACJ,N,0
TFB-100710,POL-567397,2026-02-01,NR,C,A,1,,2026-04-15,CD,Y,0
TFB-100711,POL-876982,2026-02-02,C,H,C,1,78701,2026-04-22,F,Y,0
TFB-100712,POL-889672,2026-03-21,D,D,A,0,79901,2026-04-16,HL,Y,0
TFB-100713,POL-990564,2026-03-05,NR,D,B,0,78205,2026-04-25,FL,N,0
TFB-100714,POL-951597,2026-02-04,C,D,B,0,77002,2026-03-09,DJ,N,0
TFB-100715,POL-635498,2026-03-16,D,C,A,1,78205,2026-06-14,E,Y,0
TFB-100716,POL-708041,2026-04-01,C,C,A,0,76701,2026-04-22,EFI,N,0
TFB-100717,POL-964493,2026-02-01,C,H,C,0,76701,2026-03-31,GHK,N,0
TFB-100718,POL-624007,2026-01-06,NR,D,B,0,76712,2026-02-25,CFJ,Y,0
TFB-100719,POL-543734,2026-01-20,C,C,C,0,78205,2026-03-18,DHL,N,0
TFB-100720,POL-747663,2026-01-12,NR,C,B,0,78205,2026-03-10,BFI,Y,0
TFB-100721,POL-738600,2026-03-12,D,C,B,1,76701,2026-06-06,CGI,N,0
TFB-100722,POL-983962,2026-03-13,D,D,C,1,75201,2026-05-14,CE,Y,0
TFB-100723,POL-715787,2026-02-02,NR,H,A,1,77002,2026-04-11,DEI,Y,0
TFB-100724,POL-653159,2026-02-10,NR,H,C,0,77002,2026-03-02,BHL,N,0
TFB-100725,POL-630161,2026-02-11,D,T,B,0,76712,2026-03-08,BIJ,N,0
TFB-100726,POL-620805,2026-01-22,D,T,B,1,76710,2026-04-17,B,N,0
TFB-100727,POL-504937,2026-03-01,NR,H,B,0,76701,2026-04-11,BKL,Y,1
TFB-100728,POL-801323,2026-04-08,C,H,B,0,75201,2026-04-30,BC,Y,0
TFB-100729,POL-653226,2026-02-08,C,C,B,1,76712,2026-04-11,AE,N,0
TFB-100730,POL-867477,2026-03-15,C,C,C,0,76701,2026-05-04,EL,Y,0
TFB-100731,POL-582077,2026-02-22,D,C,A,0,78205,2026-04-05,L,Y,0
TFB-100732,POL-770504,2026-01-09,D,C,C,0,78701,2026-02-20,AGL,N,0
TFB-100733,POL-611881,2026-01-05,NR,D,B,1,77002,2026-04-01,ABL,Y,0
TFB-100734,POL-945564,2026-01-12,NR,T,C,0,76710,2026-03-10,G,Y,0
TFB-100735,POL-981347,2026-01-05,NR,D,A,0,76710,2026-02-11,L,Y,0
TFB-100736,POL-675812,2026-02-03,D,D,B,0,76712,2026-03-26,ABC,Y,0
TFB-100737,POL-681869,2026-01-12,NR,H,B,0,76712,2026-03-09,C,N,0
TFB-100738,POL-937675,2026-04-19,D,C,B,0,78701,2026-05-30,AGH,N,0
TFB-100739,POL-912050,2026-03-04,C,D,C,1,77002,2026-05-18,E,Y,0
TFB-100740,POL-608144,2026-04-11,D,D,B,0,76712,2026-06-02,AL,N,0
TFB-100741,POL-873059,2026-04-10,C,C,C,0,78205,2026-05-22,H,Y,0
TFB-100742,POL-725375,2026-04-20,C,T,B,1,76712,2026-06-19,K,Y,1
TFB-100743,POL-903777,2026-01-29,D,C,B,0,78205,2026-03-11,G,N,0
TFB-100744,POL-927840,2026-01-21,C,H,B,0,79901,2026-01-16,E,N,0
TFB-100745,POL-665226,2026-02-01,NR,C,A,1,76712,2026-01-27,E,N,0
TFB-100746,POL-748735,2026-01-22,D,D,A,0,76701,2026-03-20,FJ,Y,0
TFB-100747,POL-696283,2026-01-29,D,H,A,1,76712,2026-04-09,LKI,Y,0
TFB-100748,POL-521487,2026-02-16,C,C,C,1,79901,2026-05-10,AJL,Y,0
TFB-100749,POL-602269,2026-02-20,C,T,C,0,76712,2026-03-09,C,Y,0
TFB-100750,POL-662813,2026-04-15,C,H,A,1,76712,2026-07-06,FJ,Y,0
TFB-100751,POL-504191,2026-01-11,NR,T,B,1,78205,2026-03-25,DK,Y,0
TFB-100752,POL-771093,2026-01-14,D,D,A,0,76710,2026-01-09,CFK,Y,1
TFB-100753,POL-673768,2026-04-06,C,T,B,1,76710,2026-06-14,DIL,Y,0
TFB-100754,POL-633395,2026-03-15,C,D,B,1,76712,2026-05-31,AH,Y,0
TFB-100755,POL-877648,2026-04-11,NR,H,B,0,76710,2026-05-26,AC,Y,0
TFB-100756,POL-522719,2026-01-15,D,H,B,1,75201,2026-04-11,CJL,N,0
TFB-100757,POL-708851,2026-03-08,NR,T,A,1,76701,2026-05-29,IG,N,0
TFB-100758,POL-740000,2026-04-07,D,H,B,1,76712,2026-06-23,HL,N,0
TFB-100759,POL-775360,2026-03-02,D,H,B,0,79901,2026-04-07,G,Y,0
TFB-100760,POL-836806,2026-03-13,NR,D,C,1,76712,2026-06-04,A,Y,0
TFB-100761,POL-534279,2026-03-16,NR,T,A,0,79901,2026-04-12,B,N,0
TFB-100762,POL-559791,2026-04-13,NR,T,A,0,77002,2026-05-23,B,N,0
TFB-100763,POL-625092,2026-02-20,C,H,B,0,76712,2026-04-20,BFK,N,0
TFB-100764,POL-561979,2026-02-07,C,C,A,1,76701,2026-04-18,J,N,0
TFB-100765,POL-852988,2026-04-12,NR,H,B,0,79901,2026-05-22,B,Y,0
TFB-100766,POL-813928,2026-02-27,C,H,B,0,79901,2026-04-04,BEL,Y,0
TFB-100767,POL-572841,2026-03-05,D,H,A,0,78701,2026-03-20,EH,Y,0
TFB-100768,POL-984831,2026-02-18,NR,C,B,0,78701,2026-03-18,AGK,Y,1
TFB-100769,POL-968501,2026-04-10,D,T,A,0,77002,2026-05-05,AG,N,0
TFB-100770,POL-733171,2026-02-25,NR,H,B,0,76710,2026-04-10,J,Y,0
TFB-100771,POL-912757,2026-02-24,D,C,A,1,78205,2026-05-15,DI,Y,0
TFB-100772,POL-621970,2026-03-13,NR,D,A,1,78205,2026-05-15,AG,Y,0
TFB-100773,POL-845003,2026-01-17,C,C,C,0,75201,2026-02-26,JL,N,0
TFB-100774,POL-883587,2026-04-03,C,D,B,0,77002,2026-05-08,IK,Y,1
TFB-100775,POL-775691,2026-02-01,C,D,B,0,78701,2026-03-06,AB,N,0
TFB-100776,POL-886675,2026-01-05,NR,T,A,0,79901,2026-03-02,CHI,Y,0
TFB-100777,POL-624331,2026-02-02,D,C,B,0,77002,2026-02-17,DEI,Y,0
TFB-100778,POL-815467,2026-04-15,NR,H,B,0,79901,2026-05-19,HI,Y,0
TFB-100779,POL-771357,2026-03-21,C,D,A,1,75201,2026-06-07,CK,N,0
TFB-100780,POL-711118,2026-01-12,D,C,B,0,79901,2026-02-09,FI,Y,0
TFB-100781,POL-733218,2026-01-13,D,T,A,1,76710,2026-03-30,BF,N,0
TFB-100782,POL-706618,2026-03-11,C,D,B,0,79901,2026-04-27,GJ,Y,0
TFB-100783,POL-989389,2026-03-15,NR,T,B,0,75201,2026-05-06,AEF,N,0
TFB-100784,POL-590019,2026-02-06,D,C,A,1,77002,2026-04-29,DK,Y,1
TFB-100785,POL-953609,2026-03-31,NR,C,A,1,76712,2026-06-27,HIJ,Y,0
TFB-100786,POL-670866,2026-02-04,C,D,A,1,76701,2026-04-11,FHL,Y,0
TFB-100787,POL-989598,2026-01-19,C,T,C,0,76701,2026-02-20,K,Y,1
TFB-100788,POL-789010,2026-01-26,NR,T,A,0,76712,2026-02-16,F,N,0
TFB-100789,POL-538982,2026-02-24,NR,D,C,0,76701,2026-03-17,AG,N,0
TFB-100790,POL-807440,2026-02-01,NR,D,B,0,76710,2026-03-30,IL,Y,0
TFB-100791,POL-777741,2026-03-13,C,C,B,0,76712,2026-04-28,BEL,N,0
TFB-100792,POL-651903,2026-01-05,C,C,B,1,76701,2026-03-22,K,Y,1
TFB-100793,POL-693470,2026-02-04,C,T,C,1,78701,2026-05-05,CDI,Y,0
TFB-100794,POL-698234,2026-03-20,D,T,B,0,76712,2026-05-04,D,N,0
TFB-100795,POL-991313,2026-03-21,D,D,C,0,79901,2026-04-24,BC,Y,0
TFB-100796,POL-929192,2026-03-26,D,H,C,0,76712,2026-04-18,B,N,0
TFB-100797,POL-958323,2026-01-19,C,H,B,1,76701,2026-04-19,B,N,0
TFB-100798,POL-650058,2026-03-31,C,D,C,1,75201,2026-06-15,L,N,0
TFB-100799,POL-948415,2026-03-06,C,H,B,0,79901,2026-04-15,F,N,0
TFB-100800,POL-624640,2026-01-17,C,D,B,0,77002,2026-02-09,I,Y,0
TFB-100801,POL-531405,2026-04-12,D,H,C,0,78701,2026-05-29,L,Y,0
TFB-100802,POL-558265,2026-01-04,C,D,B,1,77002,2026-03-09,CFJ,Y,0
TFB-100803,POL-641657,2026-04-17,NR,D,C,0,77002,2026-05-24,D,N,0
TFB-100804,POL-812107,2026-02-03,D,D,C,0,76710,2026-03-08,AEI,Y,0
TFB-100805,POL-642100,2026-01-08,NR,T,A,0,78205,2026-02-19,BG,Y,0
TFB-100806,POL-860282,2026-01-17,C,C,C,1,79901,2026-01-12,DGJ,N,0
TFB-100807,POL-993593,2026-03-29,NR,D,B,0,78701,2026-05-11,J,Y,0
TFB-100808,POL-895438,2026-01-08,NR,T,A,0,76701,2026-01-26,F,N,0
TFB-100809,POL-546765,2026-03-19,D,T,A,0,76712,2026-04-24,FG,N,0
TFB-100810,POL-663170,2026-02-21,C,T,B,0,76701,2026-03-08,A,Y,0
TFB-100811,POL-708693,2026-04-04,C,C,A,1,78701,2026-06-06,EF,Y,0
TFB-100812,POL-525812,2026-04-11,C,H,C,0,75201,2026-06-02,ACF,Y,0
TFB-100813,POL-918775,2026-01-09,NR,H,B,0,78205,2026-02-17,DIL,N,0
TFB-100814,POL-782226,2026-01-02,C,D,B,1,79901,2026-03-26,H,N,0
TFB-100815,POL-905755,2026-03-15,NR,D,B,0,78701,2026-04-24,BK,N,0
TFB-100816,POL-796954,2026-01-25,NR,T,C,0,78701,2026-03-18,IJ,N,0
TFB-100817,POL-912336,2026-02-11,NR,D,C,0,78701,2026-03-08,BK,Y,0
TFB-100818,POL-877471,2026-03-24,NR,D,C,0,78205,2026-04-27,FH,N,0
TFB-100819,POL-861851,2026-02-06,D,T,B,0,78701,2026-03-28,BHI,N,0
TFB-100820,POL-864716,2026-01-12,C,T,B,0,76712,2026-02-18,D,N,0
TFB-100821,POL-624262,2026-03-25,NR,H,B,1,76701,2026-06-17,CI,Y,0
TFB-100822,POL-649256,2026-02-15,NR,H,A,1,78701,2026-05-09,BK,N,0
TFB-100823,POL-865527,2026-02-16,NR,H,C,0,75201,2026-04-01,IJL,Y,0
TFB-100824,POL-920414,2026-04-13,D,T,C,0,76710,2026-05-30,I,Y,0
TFB-100825,POL-851672,2026-01-06,NR,H,C,1,78205,2026-03-20,A,Y,0
TFB-100826,POL-740614,2026-02-27,D,C,C,1,79901,2026-05-16,AJ,Y,0
TFB-100827,POL-712234,2026-01-17,C,C,C,0,78205,2026-02-15,I,N,0
TFB-100828,POL-669569,2026-04-19,D,T,B,0,75201,2026-05-04,EJ,Y,0
TFB-100829,POL-649569,2026-03-03,D,C,A,1,76710,2026-05-14,DFI,N,0
TFB-100830,POL-812887,2026-02-27,NR,C,B,0,78205,2026-04-25,ACJ,N,0
TFB-100831,POL-636767,2026-02-26,C,H,C,0,78205,2026-03-20,BI,Y,0
TFB-100832,POL-977463,2026-03-02,C,D,B,1,76712,2026-05-26,B,Y,0
TFB-100833,POL-614318,2026-01-24,NR,C,A,0,79901,2026-03-06,D,Y,0
TFB-100834,POL-691939,2026-01-05,NR,C,C,1,77002,2026-03-23,A,Y,0
TFB-100835,POL-985994,2026-03-21,NR,T,A,0,78205,2026-04-27,DJ,Y,0
TFB-100836,POL-516003,2026-03-22,NR,D,C,1,77002,2026-06-17,HKL,Y,1
TFB-100837,POL-779566,2026-03-27,D,D,B,1,76712,2026-06-18,E,N,0
TFB-100838,POL-912825,2026-01-23,D,C,A,0,75201,2026-02-23,J,N,0
TFB-100839,POL-681369,2026-01-28,C,D,C,1,76701,2026-04-25,D,N,0
TFB-100840,POL-503638,2026-03-29,D,T,B,1,76710,2026-06-07,J,Y,0
TFB-100841,POL-793961,2026-01-02,NR,H,A,0,78701,2026-02-14,E,N,0
TFB-100842,POL-603815,2026-03-21,C,D,C,1,76710,2026-06-13,I,Y,0
TFB-100843,POL-604148,2026-02-06,C,H,A,0,76712,2026-03-30,K,Y,1
TFB-100844,POL-755758,2026-02-26,C,T,B,0,78205,2026-04-04,G,Y,0
TFB-100845,POL-995645,2026-01-02,C,D,B,1,76710,2026-03-14,B,Y,0
TFB-100846,POL-888523,2026-03-19,D,H,B,0,75201,2026-04-14,HL,N,0
TFB-100847,POL-565498,2026-01-13,D,C,C,0,79901,2026-03-02,E,Y,0
TFB-100848,POL-855930,2026-04-02,D,H,A,1,78701,2026-06-14,EK,N,0
TFB-100849,POL-876233,2026-01-18,D,D,B,1,76710,2026-04-10,G,Y,0
TFB-100850,POL-992671,2026-01-27,D,C,B,0,77002,2026-02-20,K,N,0
TFB-100851,POL-990460,2026-03-27,C,T,B,0,76712,2026-04-12,G,N,0
TFB-100852,POL-928956,2026-02-28,D,C,B,1,78205,2026-05-29,AJ,Y,0
TFB-100853,POL-626422,2026-02-24,C,C,B,0,76710,2026-04-02,DL,N,0
TFB-100854,POL-604471,2026-02-20,NR,C,B,0,76710,2026-03-28,JL,Y,0
TFB-100855,POL-605443,2026-01-13,D,C,C,0,76712,2026-03-10,D,N,0
TFB-100856,POL-626621,2026-02-11,NR,C,B,1,78205,2026-05-03,D,Y,0
TFB-100857,POL-796930,2026-01-10,NR,C,A,0,79901,2026-02-23,CHI,Y,0
TFB-100858,POL-859247,2026-02-11,NR,D,A,0,79901,2026-03-06,EHI,Y,0
TFB-100859,POL-826807,2026-04-17,D,T,B,0,76712,2026-05-17,B,Y,0
TFB-100860,POL-595105,2026-01-04,C,H,C,1,,2026-04-02,CG,Y,0
TFB-100861,POL-857985,2026-02-09,C,D,C,0,75201,2026-04-06,CD,N,0
TFB-100862,POL-652562,2026-04-15,D,D,C,0,76710,2026-05-24,K,Y,1
TFB-100863,POL-524034,2026-01-24,NR,C,B,0,76710,2026-03-03,CDH,Y,0
TFB-100864,POL-508540,2026-03-12,C,T,A,0,79901,2026-04-02,DHL,N,0
TFB-100865,POL-830993,2026-02-09,NR,C,C,0,77002,2026-03-17,J,Y,0
TFB-100866,POL-592103,2026-01-05,NR,D,A,0,76701,2026-02-02,CIJ,N,0
TFB-100867,POL-886025,2026-02-18,NR,H,A,1,78701,2026-05-09,BCK,Y,1
TFB-100868,POL-839136,2026-02-07,D,T,C,0,77002,2026-02-24,AEK,Y,1
TFB-100869,POL-686473,2026-04-13,D,H,A,0,76701,2026-05-26,AFJ,N,0
TFB-100870,POL-890282,2026-03-21,NR,D,B,1,,2026-05-22,G,Y,0
TFB-100871,POL-988301,2026-02-20,NR,D,B,0,76712,2026-04-08,FK,N,0
TFB-100872,POL-553972,2026-03-03,D,D,B,1,78205,2026-05-31,ADK,N,0
TFB-100873,POL-586874,2026-01-07,C,H,C,0,77002,2026-03-06,AEL,Y,0
TFB-100874,POL-656079,2026-02-01,D,D,C,0,76712,2026-02-23,ABC,Y,0
TFB-100875,POL-609402,2026-02-23,D,H,B,1,76712,2026-04-26,K,Y,1
TFB-100876,POL-745211,2026-01-21,NR,T,C,1,77002,2026-04-21,H,Y,0
TFB-100877,POL-664715,2026-03-15,NR,H,B,0,77002,2026-04-25,EHI,N,0
TFB-100878,POL-560832,2026-03-25,NR,C,B,0,76712,2026-05-23,EFJ,Y,0
TFB-100879,POL-766630,2026-02-13,NR,C,A,0,79901,2026-04-07,K,N,0
TFB-100880,POL-828720,2026-01-29,C,T,B,0,76710,2026-02-26,EGK,N,0
TFB-100881,POL-853203,2026-03-27,D,C,B,1,78701,2026-06-08,DEG,Y,0
TFB-100882,POL-664880,2026-02-19,NR,D,C,1,79901,2026-04-30,F,N,0
TFB-100883,POL-951139,2026-03-17,C,T,A,1,76701,2026-06-11,B,Y,0
TFB-100884,POL-700522,2026-02-11,C,C,C,0,78701,2026-03-17,EFL,Y,0
TFB-100885,POL-951207,2026-04-04,NR,H,B,0,79901,2026-05-05,I,Y,0
TFB-100886,POL-634795,2026-01-31,D,H,A,0,76701,2026-03-06,FL,Y,0
TFB-100887,POL-698938,2026-02-02,C,D,A,1,78701,2026-04-12,EF,Y,0
TFB-100888,POL-500226,2026-03-23,D,D,B,1,78205,2026-05-29,B,N,0
TFB-100889,POL-531731,2026-03-29,C,H,C,1,78701,2026-06-27,I,Y,0
TFB-100890,POL-714546,2026-01-02,NR,C,A,0,76712,2026-02-25,A,N,0
TFB-100891,POL-536847,2026-01-01,D,T,A,0,79901,2026-02-09,BH,Y,0
TFB-100892,POL-694038,2026-01-24,D,C,A,0,78205,2026-03-04,DFK,N,0
TFB-100893,POL-691317,2026-01-28,NR,T,B,0,79901,2026-02-25,FJ,N,0
TFB-100894,POL-601604,2026-01-08,C,T,A,0,79901,2026-02-11,C,N,0
TFB-100895,POL-624651,2026-03-24,C,D,B,0,76712,2026-04-16,J,Y,0
TFB-100896,POL-521996,2026-01-17,D,D,C,0,78205,2026-02-25,G,N,0
TFB-100897,POL-707832,2026-01-18,D,D,C,0,78205,2026-03-11,AJL,N,0
TFB-100898,POL-837585,2026-04-17,C,H,C,0,78701,2026-05-10,BK,Y,1
TFB-100899,POL-737900,2026-01-22,C,C,C,0,78701,2026-03-22,A,N,0
TFB-100900,POL-894809,2026-01-15,NR,H,C,0,76712,2026-02-08,CL,N,0
TFB-100901,POL-902400,2026-03-10,NR,T,C,0,76712,2026-05-07,CK,Y,1
TFB-100902,POL-691712,2026-01-16,C,C,B,0,75201,2026-02-14,EI,Y,0
TFB-100903,POL-673349,2026-04-02,D,C,C,1,75201,2026-06-08,DG,Y,0
TFB-100904,POL-769959,2026-01-21,D,T,A,1,76712,2026-04-16,FG,N,0
TFB-100905,POL-876103,2026-01-20,NR,C,C,1,76710,2026-03-21,IJ,Y,0
TFB-100906,POL-786987,2026-02-27,C,T,A,1,78205,2026-05-20,K,Y,1
TFB-100907,POL-896155,2026-01-03,NR,D,B,0,79901,2026-03-02,FI,Y,0
TFB-100908,POL-578998,2026-02-18,NR,D,B,0,79901,2026-04-05,L,Y,0
TFB-100909,POL-909988,2026-04-05,C,D,A,1,76710,2026-06-20,BDE,Y,0
TFB-100910,POL-772688,2026-02-27,D,C,C,0,79901,2026-04-27,AHL,Y,0
TFB-100911,POL-946198,2026-03-14,NR,H,A,1,75201,2026-05-22,GK,Y,1
TFB-100912,POL-595887,2026-04-05,NR,D,B,0,78701,2026-04-20,FL,Y,0
TFB-100913,POL-558246,2026-01-09,D,H,C,0,76710,2026-02-25,CI,Y,0
TFB-100914,POL-596309,2026-02-24,NR,C,B,1,77002,2026-05-01,I,Y,0
TFB-100915,POL-884277,2026-01-10,D,D,B,0,79901,2026-02-08,AL,N,0
TFB-100916,POL-719601,2026-03-12,C,D,B,0,78701,2026-04-15,A,N,0
TFB-100917,POL-737194,2026-02-22,NR,C,B,0,76710,2026-03-21,AH,N,0
TFB-100918,POL-917149,2026-03-04,D,T,B,1,77002,2026-05-19,DH,Y,0
TFB-100919,POL-522772,2026-03-25,NR,T,C,0,76701,2026-04-16,C,N,0
TFB-100920,POL-777621,2026-04-10,C,D,B,1,79901,2026-06-14,E,Y,0
TFB-100921,POL-651278,2026-01-29,C,D,B,1,78205,2026-04-20,BD,N,0
TFB-100922,POL-530275,2026-03-12,D,H,B,0,79901,2026-04-12,HJL,N,0
TFB-100923,POL-817370,2026-01-09,D,H,C,1,76712,2026-03-24,CEL,N,0
TFB-100924,POL-650040,2026-02-24,NR,H,B,0,76710,2026-03-26,BHL,Y,0
TFB-100925,POL-802756,2026-03-16,NR,H,B,1,77002,2026-05-21,KL,Y,1
TFB-100926,POL-908475,2026-01-03,D,T,B,0,78205,2026-01-27,DK,Y,0
TFB-100927,POL-639325,2026-02-26,C,H,C,1,76710,2026-05-15,DHI,N,0
TFB-100928,POL-601679,2026-01-06,D,T,A,0,77002,2026-01-24,DF,N,0
TFB-100929,POL-957757,2026-04-04,D,D,A,1,78205,2026-06-03,FHK,N,0
TFB-100930,POL-899565,2026-03-25,D,H,A,0,78205,2026-04-28,BJL,Y,0
TFB-100931,POL-720298,2026-04-06,C,C,B,0,77002,2026-06-04,BEK,Y,1
TFB-100932,POL-900919,2026-02-22,D,C,C,0,78701,2026-03-15,AI,N,0
TFB-100933,POL-881301,2026-02-10,NR,T,B,0,77002,2026-02-25,DEI,N,0
TFB-100934,POL-732860,2026-01-24,D,H,C,0,75201,2026-02-27,HIK,N,0
TFB-100935,POL-758858,2026-03-01,D,D,C,0,78205,2026-04-11,FGI,Y,0
TFB-100936,POL-847429,2026-01-25,NR,H,C,1,77002,2026-04-09,C,Y,0
TFB-100937,POL-808764,2026-02-24,C,D,B,0,76710,2026-04-22,DFI,N,0
TFB-100938,POL-982649,2026-03-12,NR,H,B,0,76710,2026-05-06,CFK,Y,1
TFB-100939,POL-964948,2026-04-14,NR,T,A,0,79901,2026-05-13,HI,N,0
TFB-100940,POL-947443,2026-01-29,NR,D,A,0,76710,2026-02-13,GH,N,0
TFB-100941,POL-512766,2026-02-09,D,T,C,0,76701,2026-03-11,AC,Y,0
TFB-100942,POL-758124,2026-01-12,D,H,A,1,76701,2026-03-15,B,Y,0
TFB-100943,POL-893909,2026-03-07,NR,T,C,1,75201,2026-05-06,ADF,N,0
TFB-100944,POL-510933,2026-02-16,C,H,C,0,78701,2026-04-05,L,Y,0
TFB-100945,POL-798594,2026-02-23,D,C,B,0,76712,2026-04-17,GL,N,0
TFB-100946,POL-897981,2026-03-10,D,C,C,0,76701,2026-04-18,E,N,0
TFB-100947,POL-916722,2026-04-09,NR,T,B,0,77002,2026-06-02,CE,Y,0
TFB-100948,POL-903332,2026-01-23,NR,T,B,1,78701,2026-03-24,E,N,0
TFB-100949,POL-822894,2026-01-08,NR,H,C,1,77002,2026-01-03,A,Y,0
TFB-100950,POL-773842,2026-04-15,D,T,A,0,79901,2026-05-21,ACF,Y,0
TFB-100951,POL-857523,2026-02-01,C,H,B,0,78701,2026-03-13,CIL,Y,0
TFB-100952,POL-814293,2026-02-13,NR,C,B,0,76710,2026-03-07,CGI,Y,0
TFB-100953,POL-604676,2026-02-08,NR,T,C,0,76712,2026-02-28,BIL,N,0
TFB-100954,POL-918040,2026-03-19,C,T,C,0,75201,2026-05-15,IHE,Y,0
TFB-100955,POL-529741,2026-03-02,C,C,A,1,78701,2026-05-01,BH,N,0
TFB-100956,POL-797179,2026-01-24,C,T,B,0,78205,2026-03-15,D,Y,0
TFB-100957,POL-696208,2026-01-21,NR,H,B,0,78701,2026-02-27,I,N,0
TFB-100958,POL-527077,2026-01-13,D,T,C,0,78701,2026-02-17,L,N,0
TFB-100959,POL-873344,2026-03-26,C,T,A,1,79901,2026-06-06,FI,N,0
TFB-100960,POL-622064,2026-04-04,C,T,A,1,75201,2026-06-08,KHB,Y,1
TFB-100961,POL-705398,2026-01-14,C,T,C,0,76710,2026-03-13,KC,Y,1
TFB-100962,POL-782964,2026-02-03,C,C,A,1,76701,2026-04-21,E,N,0
TFB-100963,POL-730518,2026-01-26,NR,C,A,0,76710,2026-02-26,AEG,N,0
TFB-100964,POL-599436,2026-04-10,C,C,C,0,76710,2026-04-30,FL,N,0
TFB-100965,POL-786180,2026-02-26,NR,C,C,0,76701,2026-04-01,H,N,0
TFB-100966,POL-720538,2026-02-04,D,T,A,0,75201,2026-04-03,BEF,Y,0
TFB-100967,POL-986004,2026-03-03,C,T,B,0,76701,2026-04-20,B,Y,0
TFB-100968,POL-538477,2026-02-03,C,C,A,0,77002,2026-03-13,CD,N,0
TFB-100969,POL-915982,2026-02-01,C,D,C,1,79901,2026-04-09,CGH,N,0
TFB-100970,POL-829120,2026-01-19,NR,H,A,0,78205,2026-02-21,BCG,Y,0
TFB-100971,POL-801897,2026-02-08,D,H,A,1,76710,2026-04-27,BI,Y,0
TFB-100972,POL-866239,2026-03-18,C,D,A,0,76701,2026-05-10,C,Y,0
TFB-100973,POL-970774,2026-01-20,C,D,C,0,78205,2026-02-25,I,N,0
TFB-100974,POL-592948,2026-01-15,D,H,B,0,76701,2026-03-05,GJ,N,0
TFB-100975,POL-675623,2026-04-04,C,C,C,0,78205,2026-05-23,EF,Y,0
TFB-100976,POL-753485,2026-04-18,C,C,C,0,76710,2026-06-16,BCH,N,0
TFB-100977,POL-747705,2026-04-12,D,C,B,1,78205,2026-06-22,BJK,N,0
TFB-100978,POL-905431,2026-03-01,NR,D,C,0,78205,2026-03-18,BFJ,Y,0
TFB-100979,POL-889781,2026-01-29,C,H,C,0,77002,2026-03-27,ABJ,Y,0
TFB-100980,POL-921545,2026-02-22,D,T,C,0,75201,2026-03-09,A,N,0
TFB-100981,POL-788143,2026-02-18,NR,D,A,0,77002,2026-04-05,EI,Y,0
TFB-100982,POL-705569,2026-04-12,D,D,C,0,79901,2026-05-23,BCI,Y,0
TFB-100983,POL-593293,2026-04-08,D,D,A,1,76712,2026-06-19,JK,Y,1
TFB-100984,POL-507133,2026-03-22,C,T,A,0,76701,2026-05-06,DGL,Y,0
TFB-100985,POL-702791,2026-03-07,NR,D,C,0,75201,2026-04-28,CD,N,0
TFB-100986,POL-911452,2026-02-11,C,T,C,0,76710,2026-03-21,BE,N,0
TFB-100987,POL-956633,2026-02-11,D,H,B,0,76701,2026-03-20,BE,Y,0
TFB-100988,POL-639101,2026-03-13,C,C,C,0,75201,2026-04-14,J,Y,0
TFB-100989,POL-576807,2026-04-06,C,D,B,1,78701,2026-06-10,EIJ,N,0
TFB-100990,POL-800784,2026-04-10,C,H,A,1,78205,2026-06-30,FG,N,0
TFB-100991,POL-863193,2026-03-08,NR,D,B,0,78701,2026-05-04,C,Y,0
TFB-100992,POL-903057,2026-03-24,C,D,C,1,76701,2026-06-16,AFK,N,0
TFB-100993,POL-717653,2026-02-17,D,T,B,0,79901,2026-04-17,B,Y,0
TFB-100994,POL-501024,2026-04-16,D,D,C,1,76712,2026-06-20,BE,Y,0
TFB-100995,POL-789484,2026-03-21,NR,H,C,1,79901,2026-06-10,EKL,Y,1
TFB-100996,POL-710754,2026-01-29,D,T,B,1,77002,2026-04-20,FG,Y,0
TFB-100997,POL-572137,2026-01-18,NR,H,B,1,78701,2026-04-14,I,Y,0
TFB-100998,POL-986046,2026-03-24,C,T,C,0,76712,2026-04-11,AGH,Y,0
TFB-100999,POL-732939,2026-01-23,D,H,C,0,79901,2026-02-22,GHI,Y,0
TFB-101000,POL-886198,2026-03-03,NR,H,A,0,78205,2026-04-23,ABD,Y,0
TFB-101001,POL-642556,2026-01-22,C,C,A,0,78205,2026-03-10,A,N,0
TFB-101002,POL-731876,2026-01-16,C,H,B,1,76701,2026-03-31,B,Y,0
TFB-101003,POL-985564,2026-01-06,NR,H,A,1,79901,2026-03-10,JL,N,0
TFB-101004,POL-860278,2026-02-28,C,T,C,1,78701,2026-05-10,L,N,0
TFB-101005,POL-645288,2026-01-22,NR,D,B,0,76701,2026-03-18,J,Y,0
TFB-101006,POL-556508,2026-02-11,NR,T,A,1,76710,2026-04-25,ABL,Y,0
TFB-101007,POL-971367,2026-01-17,D,C,C,0,78701,2026-03-01,EK,Y,0
TFB-101008,POL-971637,2026-01-02,NR,D,C,0,76712,2026-02-10,BK,N,0
TFB-101009,POL-639596,2026-03-11,NR,D,A,1,75201,2026-05-24,ABD,Y,0
TFB-101010,POL-775478,2026-04-19,NR,C,A,1,79901,2026-06-18,A,Y,0
TFB-101011,POL-875923,2026-02-15,NR,H,B,1,76701,2026-05-13,E,N,0
TFB-101012,POL-828019,2026-01-14,D,D,C,0,77002,2026-03-12,IE,Y,0
TFB-101013,POL-987749,2026-02-19,C,T,A,0,75201,2026-04-07,D,Y,0
TFB-101014,POL-869587,2026-01-04,NR,H,B,1,78205,2026-03-18,E,Y,0
TFB-101015,POL-966596,2026-01-13,NR,D,C,1,79901,2026-04-08,CL,Y,0
TFB-101016,POL-557954,2026-03-01,D,H,C,0,78205,2026-04-25,K,N,0
TFB-101017,POL-723557,2026-01-23,NR,T,B,0,76710,2026-02-25,EJ,Y,0
TFB-101018,POL-687693,2026-02-14,D,D,A,0,76712,2026-04-13,AGH,Y,0
TFB-101019,POL-530377,2026-02-26,C,D,B,0,78701,2026-03-30,J,Y,0
TFB-101020,POL-790987,2026-01-25,C,T,A,0,76712,2026-03-06,J,Y,0
TFB-101021,POL-593096,2026-01-28,NR,C,A,1,75201,2026-04-23,J,Y,0
TFB-101022,POL-673253,2026-03-04,C,D,A,1,76701,2026-05-23,AEL,Y,0
TFB-101023,POL-671683,2026-03-24,NR,C,C,1,76712,2026-06-21,BDK,Y,0
TFB-101024,POL-584616,2026-01-14,NR,H,B,0,76712,2026-02-04,EF,N,0
TFB-101025,POL-758581,2026-01-30,C,C,C,0,79901,2026-03-07,I,Y,0
TFB-101026,POL-628446,2026-02-16,C,C,A,0,76701,2026-03-06,BFH,Y,0
TFB-101027,POL-603284,2026-02-08,NR,T,B,0,78701,2026-04-07,BCD,N,0
TFB-101028,POL-896593,2026-02-11,NR,D,A,0,75201,2026-04-06,EK,N,0
TFB-101029,POL-967284,2026-04-16,C,C,B,0,76710,2026-06-08,K,Y,0
TFB-101030,POL-948669,2026-03-28,D,C,B,0,75201,2026-04-27,DKL,N,0
TFB-101031,POL-587777,2026-01-04,C,D,C,0,78205,2025-12-30,IK,Y,1
TFB-101032,POL-889673,2026-03-25,C,C,B,1,76701,2026-06-04,BDG,Y,0
TFB-101033,POL-588605,2026-02-01,C,C,C,1,76712,2026-04-02,G,Y,0
TFB-101034,POL-627317,2026-03-19,D,C,A,1,76701,2026-06-14,CDE,Y,0
TFB-101035,POL-858519,2026-03-13,C,D,C,1,78205,2026-05-24,CEF,Y,0
TFB-101036,POL-673192,2026-02-14,D,T,B,0,78701,2026-03-11,J,Y,0
TFB-101037,POL-692440,2026-02-10,D,H,A,0,76710,2026-03-14,CGH,N,0
TFB-101038,POL-662827,2026-03-26,C,C,C,0,76701,2026-04-23,I,Y,0
TFB-101039,POL-678362,2026-03-30,D,T,A,1,76712,2026-06-09,FH,N,0
TFB-101040,POL-590299,2026-02-13,D,D,C,0,78701,2026-03-08,EK,Y,1
TFB-101041,POL-949196,2026-02-28,NR,T,C,0,78205,2026-04-21,BCG,Y,0
TFB-101042,POL-867368,2026-02-01,D,T,A,0,76710,2026-02-19,F,Y,0
TFB-101043,POL-781411,2026-01-03,C,C,C,0,79901,2026-01-29,EIL,N,0
TFB-101044,POL-570932,2026-01-23,NR,H,B,0,76712,2026-02-07,EI,N,0
TFB-101045,POL-535127,2026-04-04,NR,T,C,1,77002,2026-06-13,IL,Y,0
TFB-101046,POL-574749,2026-04-02,C,T,A,1,76701,2026-06-22,AI,Y,0
TFB-101047,POL-604765,2026-03-04,D,T,C,0,79901,2026-04-27,K,Y,1
TFB-101048,POL-673152,2026-03-06,C,D,B,1,77002,2026-05-16,DH,N,0
TFB-101049,POL-565711,2026-02-11,D,H,B,1,79901,2026-05-06,E,N,0
TFB-101050,POL-677352,2026-02-26,D,T,B,0,75201,2026-04-15,AEF,Y,0
TFB-101051,POL-677220,2026-03-24,NR,C,B,0,75201,2026-04-25,DEI,Y,0
TFB-101052,POL-824051,2026-03-15,C,T,C,1,76701,2026-05-31,BK,N,0
TFB-101053,POL-871672,2026-03-15,NR,T,C,0,76712,2026-04-23,HJ,Y,0
TFB-101054,POL-878695,2026-04-06,C,C,A,0,76701,2026-06-02,CJ,Y,0
TFB-101055,POL-616811,2026-01-25,D,C,C,0,76710,2026-02-12,EGJ,N,0
TFB-101056,POL-932186,2026-03-19,D,H,C,1,76701,2026-06-03,D,Y,0
TFB-101057,POL-689437,2026-02-11,D,D,C,1,77002,2026-05-09,JIG,Y,0
TFB-101058,POL-789624,2026-02-23,NR,H,B,0,77002,2026-04-03,CHL,N,0
TFB-101059,POL-723230,2026-01-11,C,D,C,0,75201,2026-01-28,DH,Y,0
TFB-101060,POL-904333,2026-01-27,NR,C,B,1,75201,2026-04-05,BL,Y,0
TFB-101061,POL-782088,2026-03-13,C,H,A,1,79901,2026-05-22,F,Y,0
TFB-101062,POL-834128,2026-02-10,C,T,A,0,76701,2026-04-06,EJ,Y,0
TFB-101063,POL-937089,2026-01-15,NR,C,C,0,77002,2026-02-08,AE,Y,0
TFB-101064,POL-931128,2026-04-12,NR,H,B,0,77002,2026-06-05,BJ,N,0
TFB-101065,POL-790307,2026-03-27,D,D,B,1,76701,2026-06-10,A,N,0
TFB-101066,POL-969225,2026-02-08,NR,D,A,1,78205,2026-04-09,DHJ,Y,0
TFB-101067,POL-649711,2026-02-15,C,C,B,1,76701,2026-05-14,GHI,Y,0
TFB-101068,POL-945016,2026-01-05,NR,C,B,1,76710,2026-04-04,F,Y,0
TFB-101069,POL-603919,2026-01-26,D,C,C,1,76701,2026-04-13,GI,N,0
TFB-101070,POL-644023,2026-01-02,D,D,A,1,77002,2026-03-28,GED,Y,0
TFB-101071,POL-755818,2026-03-16,C,T,A,0,75201,2026-04-13,CIK,Y,1
TFB-101072,POL-969866,2026-03-18,NR,C,C,0,75201,2026-05-15,D,Y,0
TFB-101073,POL-530164,2026-02-25,D,D,A,1,76712,2026-05-03,A,N,0
TFB-101074,POL-638938,2026-03-18,D,D,A,0,76710,2026-04-24,EI,N,0
TFB-101075,POL-694425,2026-04-10,D,D,B,0,79901,2026-06-05,DGH,N,0
TFB-101076,POL-714988,2026-01-18,NR,D,C,1,75201,2026-03-28,CEK,N,0
TFB-101077,POL-739376,2026-02-09,D,D,B,0,78701,2026-03-15,F,Y,0
TFB-101078,POL-593142,2026-02-09,D,C,A,1,75201,2026-04-30,AD,Y,0
TFB-101079,POL-773784,2026-03-16,NR,D,C,1,79901,2026-05-25,DI,N,0
TFB-101080,POL-653023,2026-01-20,C,D,C,1,79901,2026-04-06,L,Y,0
TFB-101081,POL-592931,2026-03-28,C,D,A,1,76712,2026-06-05,ADE,N,0
TFB-101082,POL-554237,2026-03-25,C,C,A,0,76712,2026-05-16,IJ,Y,0
TFB-101083,POL-923976,2026-02-19,NR,T,C,0,76701,2026-03-22,BJ,Y,0
TFB-101084,POL-643352,2026-03-23,NR,C,B,1,75201,2026-05-26,BC,Y,0
TFB-101085,POL-560280,2026-01-31,D,C,A,1,76701,2026-04-15,EF,Y,0
TFB-101086,POL-738860,2026-02-16,C,D,C,1,76701,2026-04-19,AEH,Y,0
TFB-101087,POL-942307,2026-03-11,D,D,C,0,78205,2026-03-06,DI,N,0
TFB-101088,POL-591164,2026-02-20,NR,C,B,1,78701,2026-05-14,BDJ,Y,0
TFB-101089,POL-832630,2026-01-06,D,H,C,0,76712,2026-02-13,GJ,N,0
TFB-101090,POL-947368,2026-03-06,NR,T,B,1,75201,2026-05-24,HK,N,0
TFB-101091,POL-527155,2026-01-02,D,T,B,1,76710,2026-03-07,GJK,Y,1
TFB-101092,POL-744014,2026-03-26,D,T,A,1,76712,2026-06-04,D,N,0
TFB-101093,POL-896679,2026-01-28,NR,C,C,1,78205,2026-04-18,AB,Y,0
TFB-101094,POL-970897,2026-02-19,NR,C,C,0,79901,2026-03-28,BCH,N,0
TFB-101095,POL-658779,2026-04-04,NR,C,B,0,78205,2026-05-12,AKL,Y,1
TFB-101096,POL-596068,2026-03-25,NR,C,C,1,78205,2026-06-17,K,Y,0
TFB-101097,POL-970971,2026-01-21,D,C,A,0,76712,2026-02-18,I,N,0
TFB-101098,POL-617382,2026-01-06,NR,T,B,0,77002,2026-03-04,K,Y,1
TFB-101099,POL-514792,2026-04-11,C,T,A,1,76712,2026-07-10,BGJ,Y,0
TFB-101100,POL-822126,2026-02-26,C,C,C,0,77002,2026-04-18,BHJ,N,0
TFB-101101,POL-570973,2026-04-14,NR,T,B,1,77002,2026-07-10,L,Y,0
TFB-101102,POL-895351,2026-03-26,NR,H,C,0,78701,2026-04-24,ABL,Y,0
TFB-101103,POL-554530,2026-04-03,C,D,B,0,76701,2026-05-01,BDI,N,0
TFB-101104,POL-739868,2026-02-19,D,D,A,1,78205,2026-05-15,FI,Y,0
TFB-101105,POL-526874,2026-03-19,NR,C,C,0,76701,2026-04-09,BJL,N,0
TFB-101106,POL-813373,2026-01-25,NR,C,A,1,79901,2026-04-23,C,Y,0
TFB-101107,POL-696265,2026-02-07,C,D,B,0,75201,2026-03-02,AFL,N,0
TFB-101108,POL-906566,2026-02-12,D,D,A,0,78205,2026-03-11,BD,Y,0
TFB-101109,POL-627753,2026-01-19,D,T,A,1,76712,2026-03-20,J,Y,0
TFB-101110,POL-878312,2026-02-12,NR,T,A,0,78701,2026-03-30,H,Y,0
TFB-101111,POL-773469,2026-02-17,C,T,B,0,77002,2026-04-09,CK,N,0
TFB-101112,POL-511694,2026-03-31,C,C,B,0,76710,2026-04-20,L,N,0
TFB-101113,POL-833604,2026-01-30,C,D,A,0,77002,2026-03-25,L,N,0
TFB-101114,POL-841847,2026-03-15,D,T,C,0,76701,2026-04-10,DE,Y,0
TFB-101115,POL-621729,2026-02-09,C,C,B,1,76701,2026-04-21,F,Y,0
TFB-101116,POL-950957,2026-02-06,C,T,C,0,76701,2026-03-01,DF,Y,0
TFB-101117,POL-539017,2026-02-19,C,H,B,1,77002,2026-05-06,AFH,Y,0
TFB-101118,POL-815710,2026-03-24,D,H,C,0,78701,2026-05-20,DEH,N,0
TFB-101119,POL-927935,2026-02-04,C,D,A,0,78205,2026-03-04,C,Y,0
TFB-101120,POL-562576,2026-03-29,NR,C,A,1,,2026-06-26,GK,Y,0
TFB-101121,POL-815281,2026-04-01,C,T,B,1,78701,2026-06-26,EGL,N,0
TFB-101122,POL-706554,2026-03-25,D,D,A,0,76701,2026-04-13,CI,N,0
TFB-101123,POL-549675,2026-02-27,C,T,B,1,77002,2026-05-12,EL,Y,0
TFB-101124,POL-503602,2026-04-01,NR,C,C,0,75201,2026-04-29,BCG,Y,0
TFB-101125,POL-671277,2026-03-06,C,H,A,0,76712,2026-03-30,IJ,N,0
TFB-101126,POL-665483,2026-03-30,C,T,C,0,76712,2026-05-19,BIK,N,0
TFB-101127,POL-690944,2026-03-21,D,D,A,1,76712,2026-06-08,C,Y,0
TFB-101128,POL-840894,2026-04-11,NR,T,B,1,76710,2026-07-01,E,N,0
TFB-101129,POL-803573,2026-03-24,C,T,A,1,75201,2026-05-26,B,Y,0
TFB-101130,POL-693971,2026-02-12,C,C,C,1,76710,2026-04-16,E,Y,0
TFB-101131,POL-569573,2026-01-21,NR,H,C,0,77002,2026-02-16,BL,Y,0
TFB-101132,POL-778439,2026-02-27,C,H,A,1,79901,2026-05-21,GIJ,N,0
TFB-101133,POL-873841,2026-03-25,NR,H,C,1,79901,2026-06-03,AC,Y,0
TFB-101134,POL-896690,2026-04-15,NR,C,C,1,78701,2026-06-14,EL,Y,0
TFB-101135,POL-755904,2026-02-13,C,C,A,0,78205,2026-03-23,J,N,0
TFB-101136,POL-866162,2026-02-23,NR,C,B,1,77002,2026-02-18,I,N,0
TFB-101137,POL-903266,2026-04-17,C,C,C,1,77002,2026-07-11,HJ,Y,0
TFB-101138,POL-826649,2026-02-06,NR,H,C,1,78205,2026-05-07,G,N,0
TFB-101139,POL-992373,2026-04-04,NR,H,A,1,76712,2026-07-03,G,Y,0
TFB-101140,POL-906056,2026-03-02,D,H,C,1,79901,2026-05-27,IK,Y,1
TFB-101141,POL-862726,2026-03-11,C,D,B,0,76712,2026-03-31,FG,N,0
TFB-101142,POL-982780,2026-01-17,NR,C,B,0,78701,2026-02-08,CEJ,N,0
TFB-101143,POL-546510,2026-04-10,C,H,B,1,78205,2026-06-12,H,Y,0
TFB-101144,POL-650418,2026-03-29,C,H,C,0,75201,2026-05-16,B,Y,0
TFB-101145,POL-638622,2026-03-06,C,H,A,0,76701,2026-04-29,HJL,Y,0
TFB-101146,POL-646055,2026-02-09,C,D,C,1,78701,2026-04-18,EIL,Y,0
TFB-101147,POL-982718,2026-01-15,NR,T,A,1,77002,2026-03-28,BEH,Y,0
TFB-101148,POL-500867,2026-01-08,C,C,A,0,76701,2026-03-04,CIL,Y,0
TFB-101149,POL-954944,2026-02-17,D,T,C,1,77002,2026-05-09,GK,Y,1
TFB-101150,POL-649192,2026-03-06,D,H,A,1,75201,2026-05-18,BH,N,0
TFB-101151,POL-826508,2026-01-16,C,H,B,0,,2026-03-12,BJ,N,0
TFB-101152,POL-759125,2026-01-14,C,C,A,0,77002,2026-03-04,J,N,0
TFB-101153,POL-635621,2026-01-02,NR,D,B,1,78701,2026-03-18,ADH,Y,0
TFB-101154,POL-771565,2026-01-11,D,C,A,0,77002,2026-03-08,DHI,N,0
TFB-101155,POL-995290,2026-02-18,C,T,A,0,76710,2026-03-17,ACF,N,0
TFB-101156,POL-948083,2026-01-11,D,D,A,1,76701,2026-04-04,G,Y,0
TFB-101157,POL-867798,2026-02-24,C,D,B,1,76701,2026-05-15,CGJ,Y,0
TFB-101158,POL-546028,2026-02-08,C,H,C,0,,2026-03-12,J,Y,0
TFB-101159,POL-693395,2026-03-31,NR,H,A,0,76712,2026-05-02,H,N,0
TFB-101160,POL-570643,2026-02-17,NR,H,C,1,78701,2026-05-03,BI,N,0
TFB-101161,POL-631812,2026-02-11,D,T,B,0,78701,2026-03-03,BIJ,N,0
TFB-101162,POL-615927,2026-04-14,C,D,B,0,78701,2026-06-05,E,N,0
TFB-101163,POL-712191,2026-02-20,D,C,C,1,79901,2026-05-10,DI,Y,0
TFB-101164,POL-880808,2026-02-08,NR,T,B,0,76701,2026-03-26,F,Y,0
TFB-101165,POL-948763,2026-01-21,NR,D,A,0,76710,2026-02-18,BI,Y,0
TFB-101166,POL-832696,2026-02-15,C,D,B,0,77002,2026-03-11,BF,N,0
TFB-101167,POL-985895,2026-01-16,D,H,B,1,79901,2026-03-23,DL,N,0
TFB-101168,POL-989366,2026-01-05,D,D,A,0,75201,2026-02-20,EK,Y,0
TFB-101169,POL-576163,2026-03-10,C,C,B,0,78701,2026-03-05,ACG,N,0
TFB-101170,POL-531322,2026-04-11,NR,H,C,0,76712,2026-06-09,AEL,N,0
TFB-101171,POL-970239,2026-01-11,D,T,C,0,78205,2026-02-04,CGI,Y,0
TFB-101172,POL-713753,2026-02-08,C,T,C,0,78701,2026-03-23,AC,Y,0
TFB-101173,POL-722369,2026-01-23,D,C,B,0,76701,2026-03-18,HI,Y,0
TFB-101174,POL-907214,2026-01-10,C,T,C,1,78701,2026-03-11,F,Y,0
TFB-101175,POL-896047,2026-03-13,D,H,B,1,78205,2026-05-17,B,Y,0
TFB-101176,POL-906397,2026-03-03,D,H,C,0,79901,2026-03-22,FIK,Y,1
TFB-101177,POL-609118,2026-03-29,D,H,B,0,78701,2026-05-11,ABE,N,0
TFB-101178,POL-526243,2026-02-03,NR,H,C,1,76712,2026-04-26,BGJ,N,0
TFB-101179,POL-895649,2026-02-15,D,D,A,1,78701,2026-05-02,BCE,Y,0
TFB-101180,POL-622053,2026-01-29,C,C,B,1,78701,2026-04-27,DEK,N,0
TFB-101181,POL-649469,2026-02-25,D,T,B,1,76710,2026-05-20,A,N,0
TFB-101182,POL-857987,2026-03-12,D,C,A,0,79901,2026-05-06,CEG,N,0
TFB-101183,POL-586409,2026-04-17,NR,H,B,1,77002,2026-06-25,H,Y,0
TFB-101184,POL-808126,2026-02-08,C,T,C,1,79901,2026-04-22,EFH,N,0
TFB-101185,POL-741427,2026-03-11,NR,D,A,1,78701,2026-05-18,DE,N,0
TFB-101186,POL-648731,2026-03-09,D,T,A,0,77002,2026-05-07,CGK,N,0
TFB-101187,POL-889516,2026-04-09,C,T,B,0,76710,2026-05-22,EJK,N,0
TFB-101188,POL-924256,2026-04-20,C,C,C,0,75201,2026-05-30,D,N,0
TFB-101189,POL-936906,2026-01-18,NR,T,B,0,78701,2026-02-10,EF,Y,0
TFB-101190,POL-866626,2026-02-17,D,H,B,1,76710,2026-05-07,HIL,Y,0
TFB-101191,POL-857509,2026-03-08,D,D,A,1,75201,2026-05-27,AEJ,Y,0
TFB-101192,POL-500471,2026-04-16,NR,T,C,0,75201,2026-05-15,DH,Y,0
TFB-101193,POL-551765,2026-04-21,C,D,C,0,78205,2026-06-15,F,N,0
TFB-101194,POL-713677,2026-02-13,D,D,A,1,78701,2026-05-07,AHK,Y,1
TFB-101195,POL-535554,2026-03-18,D,C,C,1,76712,2026-05-23,AH,Y,0
TFB-101196,POL-767730,2026-01-13,NR,H,C,0,78205,2026-02-19,HJ,Y,0
TFB-101197,POL-895369,2026-02-27,D,H,B,1,76710,2026-05-19,EIJ,Y,0
TFB-101198,POL-978195,2026-02-19,C,T,C,0,76701,2026-03-06,AE,N,0
TFB-101199,POL-978848,2026-03-29,D,D,A,0,76701,2026-05-10,D,Y,0
TFB-101200,POL-962948,2026-03-07,C,D,B,0,77002,2026-04-29,K,N,0
TFB-101201,POL-534532,2026-04-01,NR,D,B,0,75201,2026-04-20,CH,Y,0
TFB-101202,POL-679794,2026-01-02,C,C,B,0,78205,2026-01-29,CH,N,0
TFB-101203,POL-990793,2026-02-09,D,H,C,0,76701,2026-03-03,GFE,Y,0
TFB-101204,POL-600616,2026-03-02,C,D,A,0,79901,2026-04-06,F,Y,0
TFB-101205,POL-839998,2026-01-31,D,C,C,0,75201,2026-03-06,IJ,Y,0
TFB-101206,POL-722727,2026-02-28,C,C,C,1,76710,2026-05-05,GHK,Y,1
TFB-101207,POL-930160,2026-03-19,C,C,C,1,76710,2026-05-27,L,Y,0
TFB-101208,POL-584166,2026-01-27,D,D,A,0,78205,2026-03-11,AGI,Y,0
TFB-101209,POL-541646,2026-01-23,NR,H,B,0,78701,2026-03-20,ABF,N,0
TFB-101210,POL-821427,2026-03-22,D,T,B,0,78701,2026-05-16,J,Y,0
TFB-101211,POL-773262,2026-02-12,D,T,A,0,76712,2026-03-24,EL,Y,0
TFB-101212,POL-727292,2026-03-10,D,H,C,1,78205,2026-06-08,GKL,N,0
TFB-101213,POL-911875,2026-01-08,D,D,A,0,76712,2026-01-25,HJ,N,0
TFB-101214,POL-548131,2026-02-04,C,H,C,0,78205,2026-03-20,FL,Y,0
TFB-101215,POL-554058,2026-01-09,C,H,C,0,78701,2026-01-25,J,Y,0
TFB-101216,POL-540159,2026-04-21,C,D,B,1,75201,2026-06-29,ABF,Y,0
TFB-101217,POL-937602,2026-01-14,NR,T,B,0,76710,2026-02-03,ACF,N,0
TFB-101218,POL-926408,2026-03-10,C,H,A,0,78205,2026-04-01,I,N,0
TFB-101219,POL-942536,2026-04-06,D,T,B,0,75201,2026-05-06,AE,Y,0
TFB-101220,POL-932524,2026-03-18,D,C,C,0,76701,2026-04-10,AK,Y,1
TFB-101221,POL-618844,2026-03-02,D,C,A,1,76712,2026-05-19,CIK,N,0
TFB-101222,POL-780624,2026-02-14,C,D,C,0,76701,2026-04-13,H,Y,0
TFB-101223,POL-549019,2026-02-05,C,H,C,0,75201,2026-03-01,EG,N,0
TFB-101224,POL-614698,2026-03-11,C,D,A,0,78205,2026-03-27,BDK,N,0
TFB-101225,POL-545340,2026-03-05,D,D,C,1,78205,2026-05-04,BCG,N,0
TFB-101226,POL-789763,2026-03-15,C,T,A,0,76710,2026-04-16,CL,Y,0
TFB-101227,POL-960253,2026-04-15,C,T,A,1,79901,2026-06-25,DL,Y,0
TFB-101228,POL-544156,2026-04-21,C,H,C,0,77002,2026-05-25,ABC,N,0
TFB-101229,POL-646389,2026-02-20,NR,H,C,1,,2026-05-08,JK,N,0
TFB-101230,POL-760850,2026-03-26,D,C,A,0,76710,2026-05-22,FG,N,0
TFB-101231,POL-517644,2026-02-27,NR,T,C,1,76710,2026-04-28,FHJ,N,0
TFB-101232,POL-552634,2026-02-06,C,C,B,1,78205,2026-04-19,J,Y,0
TFB-101233,POL-839976,2026-01-27,D,C,B,0,76710,2026-03-17,HFB,Y,0
TFB-101234,POL-703820,2026-01-19,NR,C,B,0,75201,2026-02-18,FKL,N,0
TFB-101235,POL-921826,2026-02-06,D,T,C,0,76710,2026-03-07,EIJ,N,0
TFB-101236,POL-765022,2026-02-24,NR,C,B,0,75201,2026-03-12,AJ,Y,0
TFB-101237,POL-678205,2026-01-02,NR,D,C,0,77002,2026-03-01,E,Y,0
TFB-101238,POL-660854,2026-02-16,NR,C,C,1,78701,2026-04-22,AL,Y,0
TFB-101239,POL-972958,2026-01-21,D,D,A,1,78205,2026-04-01,BK,Y,1
TFB-101240,POL-851548,2026-03-28,D,D,C,0,78701,2026-05-10,J,Y,0
TFB-101241,POL-729488,2026-04-07,NR,T,C,1,78205,2026-06-26,CEI,Y,0
TFB-101242,POL-682126,2026-01-05,D,C,B,1,78205,2026-04-05,A,N,0
TFB-101243,POL-654989,2026-02-23,D,H,B,0,,2026-03-25,H,N,0
TFB-101244,POL-552137,2026-04-05,NR,T,B,0,76701,2026-05-19,AEF,N,0
TFB-101245,POL-795175,2026-01-01,D,C,A,0,76710,2026-02-18,AGK,Y,1
TFB-101246,POL-697586,2026-04-16,C,H,A,0,76712,2026-05-29,B,Y,0
TFB-101247,POL-713244,2026-03-30,NR,T,B,0,76710,2026-05-17,DGJ,N,0
TFB-101248,POL-829988,2026-02-19,D,C,A,0,78205,2026-02-14,FK,N,0
TFB-101249,POL-670691,2026-04-16,D,H,B,0,77002,2026-05-23,K,Y,1
TFB-101250,POL-806547,2026-03-31,NR,D,A,0,75201,2026-04-16,FL,Y,0
TFB-101251,POL-610150,2026-01-17,C,H,B,0,78205,2026-02-14,BJ,Y,0
TFB-101252,POL-557253,2026-03-13,D,H,C,0,76710,2026-05-11,H,Y,0
TFB-101253,POL-772033,2026-01-07,D,C,C,0,79901,2026-02-15,IL,Y,0
TFB-101254,POL-633687,2026-01-14,C,H,A,0,79901,2026-02-06,AL,Y,0
TFB-101255,POL-504825,2026-02-13,NR,C,A,0,,2026-03-22,FHL,Y,0
TFB-101256,POL-806484,2026-01-15,NR,C,B,0,75201,2026-03-14,BI,Y,0
TFB-101257,POL-926771,2026-02-26,C,T,C,1,76701,2026-05-15,I,Y,0
TFB-101258,POL-939779,2026-03-02,C,C,B,1,79901,2026-05-11,K,Y,1
TFB-101259,POL-615356,2026-03-24,D,C,C,0,78701,2026-04-12,H,N,0
TFB-101260,POL-904922,2026-03-19,NR,C,A,0,78701,2026-05-07,FHK,Y,1
TFB-101261,POL-615074,2026-01-05,C,C,B,0,76712,2026-02-25,DFK,Y,1
TFB-101262,POL-791121,2026-01-20,C,T,C,0,78701,2026-02-13,GIL,N,0
TFB-101263,POL-576899,2026-01-08,D,C,B,0,76712,2026-02-17,BC,N,0
TFB-101264,POL-913602,2026-04-12,C,D,B,1,78205,2026-06-15,BGI,Y,0
TFB-101265,POL-806796,2026-03-08,D,D,B,0,76710,2026-04-16,EIL,N,0
TFB-101266,POL-622509,2026-02-03,D,C,C,1,78701,2026-05-03,A,N,0
TFB-101267,POL-917386,2026-03-22,D,T,A,1,77002,2026-05-27,EGH,Y,0
TFB-101268,POL-734319,2026-04-13,C,T,B,0,78701,2026-05-10,IK,Y,1
TFB-101269,POL-701724,2026-03-13,D,H,C,1,77002,2026-05-30,BEF,Y,0
TFB-101270,POL-743757,2026-04-13,NR,C,A,1,75201,2026-06-28,L,Y,0
TFB-101271,POL-561999,2026-03-11,D,T,A,1,76710,2026-06-01,E,Y,0
TFB-101272,POL-511666,2026-04-06,C,D,C,0,79901,2026-05-03,EK,N,0
TFB-101273,POL-816341,2026-02-06,D,H,B,1,77002,2026-04-10,I,Y,0
TFB-101274,POL-547094,2026-04-18,NR,T,C,1,78205,2026-06-23,D,Y,0
TFB-101275,POL-642899,2026-04-05,D,T,B,1,77002,2026-06-07,BHI,Y,0
TFB-101276,POL-943887,2026-01-16,C,H,C,1,76712,2026-04-06,C,Y,0
TFB-101277,POL-696875,2026-04-17,C,H,C,1,77002,2026-06-17,FL,Y,0
TFB-101278,POL-564118,2026-01-20,D,C,C,1,75201,2026-03-26,AFH,N,0
TFB-101279,POL-860954,2026-02-16,D,T,A,1,76701,2026-04-30,C,N,0
TFB-101280,POL-870135,2026-01-18,D,D,A,0,76710,2026-03-09,AGL,Y,0
TFB-101281,POL-508943,2026-02-16,C,T,C,0,79901,2026-03-23,BFL,N,0
TFB-101282,POL-945303,2026-02-25,C,H,A,0,79901,2026-03-23,K,N,0
TFB-101283,POL-903960,2026-02-19,C,T,B,0,76701,2026-03-29,AFG,N,0
TFB-101284,POL-843794,2026-01-09,NR,D,C,1,75201,2026-03-17,DI,N,0
TFB-101285,POL-749009,2026-02-06,D,D,C,0,75201,2026-03-13,GH,N,0
TFB-101286,POL-722572,2026-01-15,D,C,B,0,78701,2026-03-08,BDG,Y,0
TFB-101287,POL-873693,2026-02-24,NR,C,B,0,75201,2026-04-06,CD,Y,0
TFB-101288,POL-693392,2026-02-26,C,C,C,1,79901,2026-05-16,HJ,Y,0
TFB-101289,POL-892120,2026-04-16,NR,D,A,0,76710,2026-05-22,CK,N,0
TFB-101290,POL-968284,2026-02-20,NR,C,A,0,76710,2026-03-07,I,Y,0
TFB-101291,POL-614091,2026-01-09,C,C,A,0,76712,2026-02-18,B,N,0
TFB-101292,POL-730674,2026-02-27,NR,T,A,1,75201,2026-05-20,J,Y,0
TFB-101293,POL-528532,2026-02-12,NR,D,A,1,79901,2026-05-13,K,Y,1
TFB-101294,POL-561957,2026-03-20,NR,H,A,0,79901,2026-04-18,CIJ,N,0
TFB-101295,POL-634667,2026-03-12,NR,D,B,0,78205,2026-05-10,AIL,N,0
TFB-101296,POL-633939,2026-03-24,D,T,A,0,78701,2026-04-26,DGH,Y,0
TFB-101297,POL-986164,2026-02-23,D,T,B,0,75201,2026-03-28,DEG,Y,0
TFB-101298,POL-998401,2026-03-19,NR,T,B,0,78701,2026-05-02,J,N,0
TFB-101299,POL-896090,2026-03-13,NR,D,B,0,79901,2026-05-03,E,N,0
TFB-101300,POL-941177,2026-01-20,C,H,C,1,77002,2026-04-03,HL,Y,0
TFB-101301,POL-994691,2026-01-23,NR,H,C,1,76710,2026-04-10,BCG,Y,0
TFB-101302,POL-727481,2026-01-30,C,C,C,0,79901,2026-02-15,CI,Y,0
TFB-101303,POL-786557,2026-01-27,D,D,A,0,78701,2026-03-02,E,Y,0
TFB-101304,POL-972503,2026-01-18,D,H,C,1,77002,2026-03-28,EGK,Y,0
TFB-101305,POL-943493,2026-04-15,NR,C,A,1,78701,2026-07-12,K,N,0
TFB-101306,POL-856726,2026-04-07,NR,H,C,0,78701,2026-04-29,E,N,0
TFB-101307,POL-847938,2026-01-09,C,D,B,1,76710,2026-03-14,DIK,N,0
TFB-101308,POL-810687,2026-03-09,C,C,A,1,77002,2026-05-30,AEI,Y,0
TFB-101309,POL-696906,2026-02-20,NR,C,C,0,78701,2026-03-27,DGJ,Y,0
TFB-101310,POL-863792,2026-04-15,NR,T,C,1,78701,2026-06-17,BE,N,0
TFB-101311,POL-809230,2026-03-14,D,C,A,0,76701,2026-04-15,DJ,N,0
TFB-101312,POL-850029,2026-01-24,D,T,C,1,78701,2026-04-21,DF,Y,0
TFB-101313,POL-859249,2026-01-21,NR,D,B,0,76712,2026-02-19,HIJ,Y,0
TFB-101314,POL-894283,2026-02-11,NR,H,B,0,78205,2026-03-12,CDG,N,0
TFB-101315,POL-696137,2026-02-13,C,C,C,0,77002,2026-02-28,IJL,Y,0
TFB-101316,POL-641197,2026-01-23,C,H,C,0,76701,2026-03-23,HIK,N,0
TFB-101317,POL-503453,2026-04-08,NR,H,B,0,75201,2026-05-12,AD,Y,0
TFB-101318,POL-770277,2026-03-18,D,H,B,0,76701,2026-04-15,C,N,0
TFB-101319,POL-503592,2026-01-05,D,D,A,0,79901,2026-01-30,JHD,Y,0
TFB-101320,POL-682495,2026-03-12,C,H,C,0,79901,2026-03-31,DG,Y,0
TFB-101321,POL-554911,2026-03-22,D,D,C,1,79901,2026-05-27,ADI,N,0
TFB-101322,POL-686108,2026-01-31,C,H,A,1,76701,2026-04-15,HK,N,0
TFB-101323,POL-542072,2026-03-27,NR,C,A,0,79901,2026-05-20,IL,Y,0
TFB-101324,POL-936036,2026-01-06,D,D,A,1,76710,2026-04-03,I,Y,0
TFB-101325,POL-563832,2026-01-10,NR,D,A,0,76712,2026-02-01,L,Y,0
TFB-101326,POL-872113,2026-01-17,C,D,B,0,76712,2026-02-17,H,Y,0
TFB-101327,POL-579699,2026-01-23,D,H,A,1,78205,2026-04-01,GL,Y,0
TFB-101328,POL-875371,2026-01-14,D,D,A,0,79901,2026-03-10,I,Y,0
TFB-101329,POL-978058,2026-04-04,C,H,C,0,76710,2026-05-05,AJ,Y,0
TFB-101330,POL-563714,2026-03-22,D,C,C,0,76712,2026-04-13,I,Y,0
TFB-101331,POL-566494,2026-04-08,C,D,B,0,78205,2026-05-14,J,Y,0
TFB-101332,POL-705356,2026-02-22,D,C,C,1,78701,2026-05-20,JK,Y,1
TFB-101333,POL-884074,2026-03-11,NR,T,A,1,75201,2026-05-15,FH,N,0
TFB-101334,POL-878600,2026-04-05,NR,T,A,0,78205,2026-04-29,F,Y,0
TFB-101335,POL-768910,2026-03-26,D,T,B,0,78701,2026-05-16,DKL,Y,1
TFB-101336,POL-634133,2026-01-18,D,C,B,0,77002,2026-02-11,A,Y,0
TFB-101337,POL-630677,2026-03-04,D,D,A,1,76712,2026-05-20,ADI,Y,0
TFB-101338,POL-773048,2026-02-04,NR,T,A,0,78205,2026-04-02,BE,Y,0
TFB-101339,POL-799819,2026-03-04,C,T,B,0,79901,2026-04-29,IJ,Y,0
TFB-101340,POL-651949,2026-03-10,NR,C,C,1,78205,2026-05-23,DEH,Y,0
TFB-101341,POL-694011,2026-01-09,D,H,A,1,76712,2026-04-01,L,N,0
TFB-101342,POL-983188,2026-02-23,D,D,B,0,76712,2026-04-04,BC,Y,0
TFB-101343,POL-578730,2026-03-31,C,H,B,0,76712,2026-05-04,FH,Y,0
TFB-101344,POL-877493,2026-01-12,C,D,B,0,79901,2026-02-16,JL,Y,0
TFB-101345,POL-738296,2026-03-07,D,H,C,1,77002,2026-05-20,DL,Y,0
TFB-101346,POL-844816,2026-02-19,C,H,C,1,78701,2026-05-16,DGJ,Y,0
TFB-101347,POL-845896,2026-01-14,C,D,B,0,75201,2026-01-31,EFJ,N,0
TFB-101348,POL-567128,2026-02-21,D,T,C,1,79901,2026-04-29,FL,Y,0
TFB-101349,POL-581326,2026-01-07,NR,D,A,0,76701,2026-01-29,BK,N,0
TFB-101350,POL-590847,2026-04-06,C,T,B,1,76712,2026-06-26,B,N,0
TFB-101351,POL-862184,2026-01-18,NR,D,C,0,79901,2026-03-12,EJL,Y,0
TFB-101352,POL-969080,2026-03-25,NR,D,C,0,76701,2026-04-23,FIL,Y,0
TFB-101353,POL-563551,2026-02-12,D,T,C,0,76712,2026-03-22,CK,Y,0
TFB-101354,POL-660663,2026-01-02,D,D,B,0,78701,2026-02-03,AIJ,N,0
TFB-101355,POL-871840,2026-02-12,D,D,A,1,76712,2026-04-30,HJ,Y,0
TFB-101356,POL-636081,2026-04-03,NR,T,C,0,76712,2026-04-19,EI,Y,0
TFB-101357,POL-670257,2026-02-20,NR,H,C,0,76712,2026-03-07,EGI,N,0
TFB-101358,POL-984577,2026-01-09,NR,H,C,0,79901,2026-03-09,FG,Y,0
TFB-101359,POL-549041,2026-03-16,D,C,C,0,76712,2026-05-03,F,Y,0
TFB-101360,POL-671081,2026-02-19,C,T,B,0,76710,2026-03-10,DIJ,N,0
TFB-101361,POL-747892,2026-01-05,NR,C,B,1,77002,2026-04-01,C,N,0
TFB-101362,POL-640265,2026-02-17,NR,D,B,1,78701,2026-05-17,FG,Y,0
TFB-101363,POL-840730,2026-01-18,C,C,C,1,78701,2026-03-21,AE,Y,0
TFB-101364,POL-549708,2026-01-24,NR,D,A,0,78205,2026-02-24,BDK,Y,0
TFB-101365,POL-649813,2026-02-12,NR,H,C,1,,2026-05-12,A,N,0
TFB-101366,POL-737771,2026-04-12,NR,C,B,1,76710,2026-06-12,DK,Y,1
TFB-101367,POL-544969,2026-01-07,D,H,A,0,79901,2026-02-11,BEH,N,0
TFB-101368,POL-540181,2026-03-08,D,T,A,1,78205,2026-06-01,J,N,0
TFB-101369,POL-712760,2026-03-04,NR,T,A,1,78205,2026-05-24,AF,Y,0
TFB-101370,POL-532675,2026-01-20,C,H,B,0,78701,2026-03-20,DHK,N,0
TFB-101371,POL-827463,2026-02-06,D,D,B,0,79901,2026-03-18,CL,Y,0
TFB-101372,POL-883051,2026-04-14,C,H,C,0,76701,2026-05-02,BC,Y,0
TFB-101373,POL-815979,2026-02-14,C,D,C,0,76701,2026-03-12,G,Y,0
TFB-101374,POL-990591,2026-01-07,C,T,A,1,76710,2026-03-29,BDI,Y,0
TFB-101375,POL-852822,2026-01-25,D,C,A,0,78205,2026-03-09,DK,Y,0
TFB-101376,POL-819248,2026-04-09,D,D,C,0,,2026-05-02,BL,N,0
TFB-101377,POL-615279,2026-02-07,NR,H,B,0,78701,2026-04-07,L,Y,0
TFB-101378,POL-955130,2026-02-06,C,C,A,0,76701,2026-02-01,K,Y,0
TFB-101379,POL-652893,2026-03-06,NR,D,B,0,76712,2026-05-02,IK,Y,0
TFB-101380,POL-692875,2026-01-09,C,T,A,0,78205,2026-02-20,EK,N,0
TFB-101381,POL-942918,2026-02-14,D,C,A,1,76701,2026-05-13,BJ,Y,0
TFB-101382,POL-728322,2026-02-16,NR,D,B,0,75201,2026-04-10,AJ,Y,0
TFB-101383,POL-866570,2026-03-18,C,H,B,0,75201,2026-04-24,JK,N,0
TFB-101384,POL-830295,2026-01-15,C,C,C,1,79901,2026-04-09,HI,N,0
TFB-101385,POL-759114,2026-04-17,C,H,A,0,76710,2026-06-06,DL,N,0
TFB-101386,POL-863645,2026-02-05,C,T,B,0,76701,2026-04-05,I,N,0
TFB-101387,POL-560725,2026-02-25,NR,H,B,1,78205,2026-05-08,HK,N,0
TFB-101388,POL-954467,2026-02-09,D,H,A,0,79901,2026-03-22,DJK,N,0
TFB-101389,POL-713752,2026-01-28,C,T,C,0,77002,2026-03-01,BFL,Y,0
TFB-101390,POL-836282,2026-01-14,D,D,B,0,76710,2026-02-05,GK,Y,1
TFB-101391,POL-723505,2026-01-03,NR,C,A,1,76701,2026-03-08,EH,N,0
TFB-101392,POL-551641,2026-02-18,NR,T,B,0,76712,2026-04-14,BK,N,0
TFB-101393,POL-955352,2026-02-19,D,C,A,1,78701,2026-05-09,ACK,Y,0
TFB-101394,POL-866078,2026-03-11,C,H,C,1,78205,2026-05-15,A,Y,0
TFB-101395,POL-894876,2026-04-12,C,C,C,0,76710,2026-05-09,B,N,0
TFB-101396,POL-649342,2026-01-17,NR,D,B,0,76701,2026-03-17,BJK,Y,1
TFB-101397,POL-677126,2026-01-20,NR,T,C,0,78205,2026-03-07,B,Y,0
TFB-101398,POL-548501,2026-04-19,D,D,B,0,76701,2026-06-14,BJK,Y,1
TFB-101399,POL-992299,2026-03-21,NR,T,B,1,76710,2026-06-12,D,N,0
TFB-101400,POL-616282,2026-02-02,NR,C,A,0,78205,2026-03-06,J,N,0
TFB-101401,POL-787869,2026-04-21,C,D,C,1,75201,2026-06-22,HJ,N,0
TFB-101402,POL-980381,2026-01-22,D,T,A,0,76701,2026-03-14,AC,Y,0
TFB-101403,POL-633216,2026-04-18,D,D,B,0,79901,2026-06-09,AG,N,0
TFB-101404,POL-505827,2026-02-08,C,H,B,1,76710,2026-04-19,DEH,Y,0
TFB-101405,POL-997590,2026-03-09,C,C,B,0,76712,2026-05-03,C,N,0
TFB-101406,POL-545409,2026-02-13,D,T,A,0,76712,2026-03-01,DEL,N,0
TFB-101407,POL-955121,2026-02-17,NR,T,C,1,77002,2026-04-22,A,Y,0
TFB-101408,POL-527784,2026-01-16,D,D,B,1,79901,2026-04-01,BCE,Y,0
TFB-101409,POL-885396,2026-04-17,D,H,A,0,76712,2026-06-14,CH,N,0
TFB-101410,POL-539308,2026-03-06,C,T,A,0,76710,2026-04-27,DEG,Y,0
TFB-101411,POL-739976,2026-03-09,D,C,B,0,75201,2026-04-19,D,Y,0
TFB-101412,POL-577142,2026-03-31,C,C,C,0,76701,2026-05-04,DG,N,0
TFB-101413,POL-695058,2026-02-19,NR,C,A,1,75201,2026-04-27,H,N,0
TFB-101414,POL-513074,2026-04-21,D,H,A,1,76710,2026-07-11,DHL,N,0
TFB-101415,POL-718780,2026-04-04,NR,H,A,0,76710,2026-04-24,JK,N,0
TFB-101416,POL-736852,2026-02-07,C,H,C,1,77002,2026-04-09,DJL,Y,0
TFB-101417,POL-619658,2026-03-02,NR,C,B,1,78205,2026-05-20,DHI,Y,0
TFB-101418,POL-504001,2026-02-20,NR,D,B,0,79901,2026-04-19,B,N,0
TFB-101419,POL-994780,2026-04-05,C,D,B,1,79901,2026-06-05,AI,N,0
TFB-101420,POL-892579,2026-03-15,D,H,C,1,76710,2026-06-10,FHI,N,0
TFB-101421,POL-544349,2026-02-04,D,C,A,0,75201,2026-03-10,BCH,Y,0
TFB-101422,POL-611917,2026-03-05,NR,D,A,1,77002,2026-05-14,DGK,N,0
TFB-101423,POL-810039,2026-01-28,C,T,B,1,76712,2026-03-31,B,N,0
TFB-101424,POL-760058,2026-03-01,D,D,B,0,78205,2026-03-25,AC,Y,0
TFB-101425,POL-621688,2026-02-19,D,C,B,0,79901,2026-03-26,G,Y,0
TFB-101426,POL-651899,2026-03-01,C,D,C,1,79901,2026-05-11,HIJ,Y,0
TFB-101427,POL-545820,2026-04-04,D,D,A,1,79901,2026-06-14,I,Y,0
TFB-101428,POL-974187,2026-04-10,NR,T,A,1,78701,2026-06-15,GI,N,0
TFB-101429,POL-742738,2026-02-27,D,H,C,1,75201,2026-05-21,FGK,N,0
TFB-101430,POL-562088,2026-03-24,C,C,C,1,75201,2026-06-19,EGI,N,0
TFB-101431,POL-590357,2026-03-21,NR,C,C,1,77002,2026-05-25,AG,Y,0
TFB-101432,POL-730042,2026-02-10,C,C,B,1,76710,2026-04-30,L,N,0
TFB-101433,POL-609032,2026-01-25,NR,D,C,0,79901,2026-03-16,BCD,N,0
TFB-101434,POL-538796,2026-03-01,NR,H,C,0,76710,2026-04-15,FGL,Y,0
TFB-101435,POL-647023,2026-03-04,NR,D,B,0,77002,2026-04-08,AG,N,0
TFB-101436,POL-911188,2026-04-09,NR,T,A,0,78205,2026-06-01,IK,N,0
TFB-101437,POL-730555,2026-02-18,C,T,A,1,77002,2026-04-22,L,Y,0
TFB-101438,POL-837569,2026-02-24,NR,D,C,0,75201,2026-04-20,F,N,0
TFB-101439,POL-784256,2026-04-15,NR,T,C,1,78701,2026-07-01,F,N,0
TFB-101440,POL-729723,2026-01-12,NR,H,A,0,78701,2026-02-26,FG,Y,0
TFB-101441,POL-820353,2026-02-02,NR,D,A,0,76712,2026-03-14,GL,Y,0
TFB-101442,POL-844685,2026-02-09,NR,T,C,1,76712,2026-04-10,ABD,N,0
TFB-101443,POL-853902,2026-04-07,C,D,B,1,76712,2026-06-29,FG,Y,0
TFB-101444,POL-857738,2026-02-13,C,H,C,0,77002,2026-03-26,A,Y,0
TFB-101445,POL-897762,2026-01-28,C,H,A,0,78701,2026-02-18,AF,N,0
TFB-101446,POL-830336,2026-03-03,D,C,C,1,78701,2026-05-26,FK,Y,1
TFB-101447,POL-663512,2026-01-21,NR,T,A,0,78701,2026-02-07,A,Y,0
TFB-101448,POL-673750,2026-01-06,C,C,C,1,76701,2026-03-08,H,Y,0
TFB-101449,POL-647315,2026-03-12,D,C,A,1,75201,2026-05-15,BL,N,0
TFB-101450,POL-787569,2026-04-01,NR,H,B,1,78701,2026-06-07,DH,Y,0
TFB-101451,POL-933411,2026-03-15,D,T,C,0,78205,2026-04-09,EJ,N,0
TFB-101452,POL-592905,2026-03-14,C,T,B,0,78701,2026-03-30,GK,Y,0
TFB-101453,POL-548708,2026-03-12,D,C,B,0,76710,2026-05-05,I,Y,0
TFB-101454,POL-531933,2026-01-02,NR,D,B,1,76701,2026-03-07,AD,N,0
TFB-101455,POL-840236,2026-01-30,D,D,A,1,76712,2026-04-15,B,Y,0
TFB-101456,POL-758774,2026-02-28,D,D,B,0,75201,2026-04-03,K,Y,1
TFB-101457,POL-578316,2026-02-13,C,D,A,0,78205,2026-03-23,CDF,N,0
TFB-101458,POL-801834,2026-01-11,C,C,A,1,75201,2026-04-01,I,N,0
TFB-101459,POL-728175,2026-03-14,D,T,B,1,78205,2026-05-18,G,Y,0
TFB-101460,POL-561705,2026-03-30,C,D,A,0,78701,2026-04-17,AC,Y,0
TFB-101461,POL-678164,2026-01-01,C,D,C,0,75201,2026-02-04,ACF,N,0
TFB-101462,POL-964760,2026-01-08,C,C,A,1,76701,2026-03-31,BIK,Y,0
TFB-101463,POL-917842,2026-03-10,NR,H,C,0,78205,2026-03-05,H,Y,0
TFB-101464,POL-563420,2026-04-14,C,T,C,0,78701,2026-06-08,EGH,N,0
TFB-101465,POL-522171,2026-03-29,C,H,C,1,75201,2026-06-26,J,N,0
TFB-101466,POL-704768,2026-04-18,D,T,C,0,,2026-06-14,F,Y,0
TFB-101467,POL-796323,2026-03-03,D,D,A,1,75201,2026-05-24,EF,Y,0
TFB-101468,POL-515571,2026-01-22,C,D,B,1,76712,2026-03-23,DFI,Y,0
TFB-101469,POL-848431,2026-01-04,C,T,B,0,77002,2026-02-22,AH,N,0
TFB-101470,POL-594465,2026-03-06,D,C,B,1,75201,2026-05-31,BJ,Y,0
TFB-101471,POL-677705,2026-02-08,C,C,B,0,76712,2026-02-27,I,Y,0
TFB-101472,POL-741814,2026-04-20,C,H,B,1,76710,2026-06-27,BIJ,Y,0
TFB-101473,POL-687006,2026-01-06,NR,D,C,0,78701,2026-02-17,G,N,0
TFB-101474,POL-589302,2026-04-06,NR,T,C,0,76701,2026-05-11,BJL,Y,0
TFB-101475,POL-928214,2026-02-03,C,T,C,0,78205,2026-03-24,BFH,Y,0
TFB-101476,POL-757760,2026-01-29,NR,D,C,1,78205,2026-04-29,L,N,0
TFB-101477,POL-646662,2026-02-15,C,D,B,0,76710,2026-04-11,ACE,N,0
TFB-101478,POL-733198,2026-04-06,C,D,C,0,76710,2026-05-07,D,Y,0
TFB-101479,POL-583994,2026-04-19,NR,C,C,1,78205,2026-07-10,HK,N,0
TFB-101480,POL-870524,2026-03-18,NR,C,C,0,76712,2026-04-05,BCE,N,0
TFB-101481,POL-826418,2026-03-28,NR,C,A,1,77002,2026-06-15,CH,N,0
TFB-101482,POL-537367,2026-03-14,D,C,A,1,76710,2026-06-06,BIJ,Y,0
TFB-101483,POL-920680,2026-02-10,NR,T,A,1,76710,2026-04-14,J,Y,0
TFB-101484,POL-658603,2026-02-15,NR,C,A,0,76701,2026-03-12,BF,Y,0
TFB-101485,POL-736312,2026-02-15,C,T,A,1,77002,2026-04-18,BH,N,0
TFB-101486,POL-879500,2026-04-03,D,C,C,0,78205,2026-05-14,BGK,Y,1
TFB-101487,POL-927840,2026-02-14,C,D,B,0,78701,2026-03-29,F,Y,0
TFB-101488,POL-621865,2026-04-11,NR,T,A,1,76701,2026-06-21,CK,Y,0
TFB-101489,POL-924150,2026-02-14,NR,H,C,0,78205,2026-03-09,EIK,Y,0
TFB-101490,POL-926859,2026-03-25,NR,C,C,1,78205,2026-06-04,F,Y,0
TFB-101491,POL-767524,2026-02-17,D,C,B,0,76712,2026-03-21,GI,N,0
TFB-101492,POL-566021,2026-03-06,C,D,A,0,79901,2026-03-01,I,Y,0
TFB-101493,POL-520059,2026-02-26,D,H,A,0,78205,2026-04-20,F,Y,0
TFB-101494,POL-569189,2026-04-17,NR,C,C,1,77002,2026-06-20,C,Y,0
TFB-101495,POL-719638,2026-02-13,D,H,B,0,78701,2026-03-08,D,N,0
TFB-101496,POL-867872,2026-01-19,NR,D,A,0,76710,2026-03-14,BG,N,0
TFB-101497,POL-789348,2026-02-22,NR,H,B,0,76701,2026-03-25,K,Y,1
TFB-101498,POL-783192,2026-04-05,D,T,A,1,79901,2026-06-06,H,Y,0
TFB-101499,POL-592965,2026-03-18,C,D,A,0,76712,2026-04-13,EHL,Y,0
TFB-101500,POL-508411,2026-03-21,C,H,C,1,76712,2026-06-01,A,Y,0
TFB-101501,POL-921213,2026-01-07,D,T,C,0,76712,2026-02-03,AFH,N,0
TFB-101502,POL-970325,2026-03-06,NR,H,B,0,78701,2026-04-28,G,Y,0
TFB-101503,POL-818862,2026-02-22,NR,D,A,0,76710,2026-04-17,B,Y,0
TFB-101504,POL-607727,2026-03-23,D,C,A,1,78205,2026-05-27,BDH,N,0
TFB-101505,POL-610684,2026-03-21,C,H,B,0,76710,2026-04-18,L,Y,0
TFB-101506,POL-803080,2026-01-19,NR,C,A,1,78701,2026-03-22,CFG,N,0
TFB-101507,POL-882740,2026-03-22,C,C,A,0,76701,2026-04-24,FI,N,0
TFB-101508,POL-818026,2026-02-23,C,H,B,1,76712,2026-05-11,J,N,0
TFB-101509,POL-895749,2026-03-23,D,H,B,0,78701,2026-05-16,DFI,Y,0
TFB-101510,POL-606602,2026-01-26,C,H,C,0,78701,2026-02-13,GL,Y,0
TFB-101511,POL-984920,2026-04-12,NR,D,A,1,79901,2026-07-10,EGH,Y,0
TFB-101512,POL-818083,2026-04-18,D,D,A,0,76701,2026-05-20,DHI,N,0
TFB-101513,POL-845898,2026-03-23,C,D,B,0,76701,2026-04-25,CHI,Y,0
TFB-101514,POL-760545,2026-04-01,NR,D,A,0,79901,2026-04-30,GK,N,0
TFB-101515,POL-992572,2026-04-14,D,C,B,0,77002,2026-05-15,GHL,N,0
TFB-101516,POL-884382,2026-03-08,D,C,A,0,75201,2026-05-05,AL,N,0
TFB-101517,POL-627827,2026-02-10,C,D,C,1,75201,2026-04-15,K,Y,1
TFB-101518,POL-947769,2026-04-21,C,T,A,1,75201,2026-07-11,CGJ,Y,0
TFB-101519,POL-587551,2026-01-22,D,T,A,1,77002,2026-04-10,AHL,N,0
TFB-101520,POL-887874,2026-01-21,C,C,C,0,76710,2026-01-16,ADH,N,0
TFB-101521,POL-500014,2026-04-01,D,T,B,0,79901,2026-05-12,B,Y,0
TFB-101522,POL-503867,2026-03-28,NR,H,C,1,76710,2026-06-17,CI,Y,0
TFB-101523,POL-802959,2026-04-05,C,T,A,1,76710,2026-06-15,C,N,0
TFB-101524,POL-593167,2026-04-09,C,C,B,0,78701,2026-05-04,G,Y,0
TFB-101525,POL-679296,2026-04-06,D,T,A,1,78205,2026-06-14,ACK,N,0
TFB-101526,POL-507240,2026-03-24,C,C,B,1,78205,2026-06-20,AJ,N,0
TFB-101527,POL-878823,2026-03-25,D,H,A,0,75201,2026-05-19,ADG,N,0
TFB-101528,POL-896641,2026-01-13,C,D,A,1,78701,2026-03-22,BI,Y,0
TFB-101529,POL-873247,2026-03-21,C,T,A,0,79901,2026-05-17,L,Y,0
TFB-101530,POL-981155,2026-04-17,NR,T,B,0,76712,2026-05-22,HL,Y,0
TFB-101531,POL-702422,2026-02-06,NR,C,A,1,78701,2026-04-21,GJ,N,0
TFB-101532,POL-884285,2026-01-12,NR,H,B,0,76710,2026-02-10,DE,N,0
TFB-101533,POL-742821,2026-03-25,D,T,B,1,76701,2026-05-30,AD,N,0
TFB-101534,POL-646878,2026-01-13,C,H,C,0,76710,2026-03-03,EI,N,0
TFB-101535,POL-759689,2026-03-24,C,H,B,1,77002,2026-05-28,ACJ,N,0
TFB-101536,POL-951395,2026-02-16,D,C,A,0,79901,2026-04-14,I,N,0
TFB-101537,POL-651094,2026-03-28,C,H,C,0,75201,2026-04-12,G,Y,0
TFB-101538,POL-985187,2026-04-18,C,D,B,1,76712,2026-07-13,BDK,N,0
TFB-101539,POL-888431,2026-04-01,D,D,A,1,76701,2026-06-19,DEL,Y,0
TFB-101540,POL-654329,2026-03-09,NR,H,B,0,77002,2026-04-07,GH,Y,0
TFB-101541,POL-991773,2026-03-03,NR,T,B,1,76712,2026-05-21,G,Y,0
TFB-101542,POL-607827,2026-03-25,NR,H,B,1,76701,2026-06-15,H,Y,0
TFB-101543,POL-776802,2026-02-19,D,C,B,0,76701,2026-03-23,DGK,Y,1
TFB-101544,POL-815941,2026-02-22,NR,T,C,0,76710,2026-03-28,H,N,0
TFB-101545,POL-937774,2026-03-17,D,C,B,0,76710,2026-04-18,AF,N,0
TFB-101546,POL-551919,2026-04-16,NR,T,B,0,76710,2026-05-10,CEJ,Y,0
TFB-101547,POL-992981,2026-03-06,NR,H,B,0,79901,2026-04-08,CL,N,0
TFB-101548,POL-516410,2026-01-17,D,C,C,0,76710,2026-03-03,FI,N,0
TFB-101549,POL-633734,2026-04-03,NR,C,C,0,78701,2026-05-14,BIL,N,0
TFB-101550,POL-965943,2026-02-25,NR,D,C,1,76710,2026-05-18,DEL,Y,0
TFB-101551,POL-953674,2026-01-20,NR,C,C,1,75201,2026-04-11,H,Y,0
TFB-101552,POL-874660,2026-04-03,NR,C,A,0,77002,2026-05-12,GK,Y,0
TFB-101553,POL-519050,2026-02-20,NR,T,C,0,76712,2026-03-12,HK,N,0
TFB-101554,POL-530535,2026-02-28,NR,C,B,0,78701,2026-03-21,EI,N,0
TFB-101555,POL-930406,2026-03-03,C,C,A,0,78701,2026-04-12,J,N,0
TFB-101556,POL-616362,2026-04-07,D,C,C,0,78205,2026-05-22,DF,Y,0
TFB-101557,POL-973787,2026-03-24,NR,C,B,0,76712,2026-04-28,I,Y,0
TFB-101558,POL-777535,2026-03-06,C,D,C,1,78701,2026-05-19,E,Y,0
TFB-101559,POL-871571,2026-03-19,D,T,C,1,79901,2026-06-17,EH,N,0
TFB-101560,POL-976361,2026-03-24,C,D,B,1,75201,2026-06-20,H,N,0
TFB-101561,POL-658057,2026-04-12,C,H,B,1,76712,2026-06-19,I,Y,0
TFB-101562,POL-837016,2026-04-19,NR,C,A,1,78205,2026-07-09,L,Y,0
TFB-101563,POL-854489,2026-01-29,C,C,B,0,76701,2026-03-25,E,Y,0
TFB-101564,POL-739759,2026-04-02,NR,D,C,0,75201,2026-05-10,AKL,Y,1
TFB-101565,POL-820646,2026-02-02,D,H,B,0,76701,2026-04-02,ACH,Y,0
TFB-101566,POL-990633,2026-03-05,C,D,B,0,75201,2026-03-29,AEJ,Y,0
TFB-101567,POL-844876,2026-01-03,C,C,B,1,78701,2026-03-17,B,Y,0
TFB-101568,POL-957484,2026-01-27,C,T,A,0,76710,2026-02-25,FHI,N,0
TFB-101569,POL-530877,2026-01-03,NR,D,A,0,76712,2026-02-17,AD,Y,0
TFB-101570,POL-901046,2026-01-24,NR,D,B,0,78205,2026-02-16,G,Y,0
TFB-101571,POL-674075,2026-02-17,C,T,A,0,79901,2026-04-07,IK,Y,0
TFB-101572,POL-688265,2026-02-22,D,T,A,1,75201,2026-05-09,HIJ,N,0
TFB-101573,POL-885436,2026-04-01,C,D,C,0,76710,2026-04-17,B,Y,0
TFB-101574,POL-582968,2026-03-01,C,D,B,1,78205,2026-05-10,BI,N,0
TFB-101575,POL-701199,2026-04-14,C,H,B,0,78701,2026-06-07,BI,Y,0
TFB-101576,POL-733246,2026-01-21,D,C,B,1,76701,2026-03-27,AG,Y,0
TFB-101577,POL-556743,2026-04-12,NR,H,A,1,79901,2026-06-13,J,Y,0
TFB-101578,POL-617418,2026-04-16,D,T,A,1,77002,2026-06-20,LKE,Y,1
TFB-101579,POL-604301,2026-03-21,C,T,C,0,77002,2026-05-19,FK,Y,1
TFB-101580,POL-559631,2026-04-17,D,D,A,0,76712,2026-05-30,BEF,N,0
TFB-101581,POL-905093,2026-01-09,C,C,B,0,78701,2026-02-20,AIL,N,0
TFB-101582,POL-644918,2026-03-23,C,T,B,0,77002,2026-04-25,CF,N,0
TFB-101583,POL-854053,2026-02-02,C,C,A,0,79901,2026-03-05,ACF,Y,0
TFB-101584,POL-746289,2026-03-21,NR,C,C,0,,2026-04-20,I,Y,0
TFB-101585,POL-933170,2026-02-06,C,C,C,0,76710,2026-03-12,DGH,Y,0
TFB-101586,POL-725876,2026-02-04,D,H,A,0,78205,2026-04-04,EKL,N,0
TFB-101587,POL-833521,2026-03-08,NR,C,B,1,78205,2026-05-28,DEF,N,0
TFB-101588,POL-609907,2026-03-22,C,D,C,1,78701,2026-06-16,AE,Y,0
TFB-101589,POL-687650,2026-03-15,NR,D,C,0,76710,2026-05-07,H,Y,0
TFB-101590,POL-861225,2026-03-19,C,H,B,1,76701,2026-06-04,D,Y,0
TFB-101591,POL-680684,2026-02-27,C,T,B,0,75201,2026-04-14,DGJ,Y,0
TFB-101592,POL-623007,2026-02-13,D,D,B,1,76710,2026-05-11,I,Y,0
TFB-101593,POL-568331,2026-01-11,C,C,B,0,79901,2026-02-11,ABH,Y,0
TFB-101594,POL-904650,2026-03-15,NR,H,C,1,76710,2026-06-08,D,N,0
TFB-101595,POL-539145,2026-01-27,C,H,A,1,78701,2026-04-09,CHI,N,0
TFB-101596,POL-964275,2026-01-27,NR,T,B,0,78205,2026-03-04,AE,Y,0
TFB-101597,POL-761801,2026-02-28,C,D,A,0,78701,2026-04-01,FL,Y,0
TFB-101598,POL-996851,2026-02-24,NR,D,C,0,78205,2026-03-26,CG,N,0
TFB-101599,POL-895645,2026-02-05,NR,H,A,0,76710,2026-03-28,E,Y,0
TFB-101600,POL-710444,2026-03-05,D,T,B,0,79901,2026-04-24,L,Y,0
TFB-101601,POL-776629,2026-01-01,D,H,C,0,76712,2026-02-12,G,Y,0
TFB-101602,POL-762358,2026-02-27,D,H,C,1,78205,2026-02-22,EJ,N,0
TFB-101603,POL-701624,2026-03-28,C,C,C,0,75201,2026-05-14,A,N,0
TFB-101604,POL-522380,2026-04-10,D,C,A,0,75201,2026-05-30,GKL,Y,0
TFB-101605,POL-908573,2026-02-15,D,C,B,0,77002,2026-02-10,J,Y,0
TFB-101606,POL-909142,2026-03-28,C,C,B,0,76710,2026-05-04,DGI,Y,0
TFB-101607,POL-574540,2026-03-23,D,T,A,1,76712,2026-06-20,CDI,Y,0
TFB-101608,POL-938408,2026-01-18,C,D,B,0,76701,2026-02-23,BIL,Y,0
TFB-101609,POL-982052,2026-01-08,C,T,A,1,76712,2026-03-11,DFL,N,0
TFB-101610,POL-733951,2026-02-05,C,D,C,0,75201,2026-01-31,FK,Y,1
TFB-101611,POL-561529,2026-01-22,C,D,B,1,76712,2026-04-16,DJL,Y,0
TFB-101612,POL-531581,2026-02-25,NR,C,A,0,76710,2026-04-21,H,Y,0
TFB-101613,POL-781031,2026-04-20,NR,H,C,0,76701,2026-05-29,B,N,0
TFB-101614,POL-868358,2026-04-20,C,C,A,0,75201,2026-06-10,A,Y,0
TFB-101615,POL-887290,2026-04-17,D,T,C,0,76701,2026-05-17,DIJ,Y,0
TFB-101616,POL-685663,2026-01-27,C,H,C,1,,2026-04-22,H,N,0
TFB-101617,POL-783390,2026-03-31,NR,H,A,1,77002,2026-05-31,A,N,0
TFB-101618,POL-851183,2026-03-11,D,D,A,0,78205,2026-05-09,DE,N,0
TFB-101619,POL-822439,2026-02-05,C,C,C,1,75201,2026-04-12,EHI,N,0
TFB-101620,POL-713936,2026-01-25,D,T,C,1,78701,2026-04-22,DL,Y,0
TFB-101621,POL-881084,2026-04-17,C,T,B,0,78701,2026-05-13,CEH,N,0
TFB-101622,POL-534520,2026-02-25,NR,H,A,0,78701,2026-03-12,IK,Y,0
TFB-101623,POL-914866,2026-03-01,NR,C,C,1,76701,2026-05-24,A,N,0
TFB-101624,POL-751347,2026-01-23,C,D,A,0,75201,2026-03-02,AHI,Y,0
TFB-101625,POL-827646,2026-01-02,C,H,A,0,76712,2026-02-06,BDJ,N,0
TFB-101626,POL-699648,2026-03-08,D,H,B,0,76710,2026-04-07,B,Y,0
TFB-101627,POL-908607,2026-02-19,NR,H,A,0,76712,2026-03-20,FK,N,0
TFB-101628,POL-617829,2026-02-26,NR,C,A,0,78701,2026-03-23,AD,Y,0
TFB-101629,POL-700451,2026-01-16,C,D,B,1,77002,2026-03-31,L,N,0
TFB-101630,POL-911804,2026-02-20,NR,C,A,0,76712,2026-04-08,ADL,Y,0
TFB-101631,POL-540572,2026-02-23,D,H,C,0,75201,2026-04-19,C,N,0
TFB-101632,POL-535225,2026-02-20,NR,H,B,1,76712,2026-04-27,CD,N,0
TFB-101633,POL-830584,2026-02-02,NR,C,B,1,76712,2026-04-12,A,Y,0
TFB-101634,POL-540229,2026-02-01,D,C,A,1,76712,2026-04-20,BGK,N,0
TFB-101635,POL-658699,2026-03-10,C,T,B,0,78205,2026-04-28,CJ,Y,0
TFB-101636,POL-645289,2026-02-13,NR,D,C,0,78701,2026-03-16,BL,N,0
TFB-101637,POL-660459,2026-01-19,NR,D,B,0,76701,2026-02-21,FGJ,Y,0
TFB-101638,POL-597684,2026-02-27,C,C,C,1,77002,2026-05-01,L,Y,0
TFB-101639,POL-577475,2026-01-01,D,T,C,0,78205,2026-02-28,EH,Y,0
TFB-101640,POL-972329,2026-04-08,C,H,A,1,77002,2026-06-26,CK,N,0
TFB-101641,POL-876113,2026-02-26,NR,D,A,1,76712,2026-04-29,H,Y,0
TFB-101642,POL-623718,2026-04-11,D,H,B,0,76712,2026-05-13,BCG,Y,0
TFB-101643,POL-652009,2026-01-30,C,H,C,0,76710,2026-03-10,BCE,Y,0
TFB-101644,POL-749114,2026-03-22,NR,H,A,0,76710,2026-05-11,BEI,N,0
TFB-101645,POL-989349,2026-03-12,NR,C,A,0,76701,2026-04-02,A,N,0
TFB-101646,POL-731030,2026-03-15,C,T,A,0,77002,2026-04-03,DF,Y,0
TFB-101647,POL-952292,2026-02-08,NR,T,C,0,75201,2026-03-05,JK,Y,1
TFB-101648,POL-942603,2026-03-18,NR,C,A,0,,2026-05-01,HI,N,0
TFB-101649,POL-824676,2026-04-09,D,T,C,1,78205,2026-06-15,L,N,0
TFB-101650,POL-591876,2026-02-16,D,C,B,1,,2026-05-01,FL,Y,0
TFB-101651,POL-719715,2026-02-28,D,C,B,1,76710,2026-05-18,JKL,N,0
TFB-101652,POL-666406,2026-04-12,D,C,B,1,78701,2026-06-16,G,N,0
TFB-101653,POL-734256,2026-02-05,D,D,A,1,75201,2026-04-22,L,Y,0
TFB-101654,POL-729828,2026-03-08,C,T,A,0,76710,2026-04-19,CF,Y,0
TFB-101655,POL-692446,2026-01-17,D,T,B,1,76701,2026-04-04,H,Y,0
TFB-101656,POL-938801,2026-01-12,NR,C,B,0,75201,2026-02-08,DHJ,Y,0
TFB-101657,POL-873806,2026-03-12,NR,T,B,1,79901,2026-05-12,CD,Y,0
TFB-101658,POL-889590,2026-01-04,D,D,B,0,75201,2026-01-28,I,Y,0
TFB-101659,POL-919217,2026-04-10,C,C,C,0,76701,2026-05-06,FJ,Y,0
TFB-101660,POL-964098,2026-03-18,D,C,A,0,77002,2026-04-09,AH,Y,0
TFB-101661,POL-826779,2026-04-15,D,H,B,1,75201,2026-07-05,I,N,0
TFB-101662,POL-852957,2026-01-25,D,T,A,1,78205,2026-03-29,DH,Y,0
TFB-101663,POL-761671,2026-02-16,NR,H,A,1,76701,2026-05-03,FK,N,0
TFB-101664,POL-536474,2026-03-02,C,H,B,1,79901,2026-05-30,BDH,Y,0
TFB-101665,POL-988383,2026-03-07,D,C,A,1,77002,2026-05-28,AIJ,N,0
TFB-101666,POL-839964,2026-04-19,D,D,B,0,78701,2026-06-14,FGK,N,0
TFB-101667,POL-717545,2026-03-19,D,T,C,0,,2026-04-17,BEH,Y,0
TFB-101668,POL-948425,2026-01-14,D,D,A,1,79901,2026-03-26,E,Y,0
TFB-101669,POL-832871,2026-04-13,C,C,A,0,78701,2026-06-09,DFI,N,0
TFB-101670,POL-610429,2026-04-01,D,H,B,1,77002,2026-06-22,CHJ,Y,0
TFB-101671,POL-507290,2026-02-06,NR,H,A,0,76710,2026-03-03,I,Y,0
TFB-101672,POL-617142,2026-01-28,D,H,C,1,76701,2026-04-08,B,Y,0
TFB-101673,POL-907115,2026-04-20,NR,D,C,0,79901,2026-05-17,GJ,Y,0
TFB-101674,POL-808439,2026-02-03,C,T,C,0,76710,2026-03-21,B,Y,0
TFB-101675,POL-585854,2026-03-19,D,C,B,0,78701,2026-05-15,CG,N,0
TFB-101676,POL-956464,2026-03-17,C,T,A,0,75201,2026-04-20,C,N,0
TFB-101677,POL-844392,2026-01-25,C,H,A,1,77002,2026-04-13,BD,N,0
TFB-101678,POL-790496,2026-03-01,NR,C,C,0,79901,2026-03-23,D,N,0
TFB-101679,POL-743659,2026-03-04,C,C,A,1,77002,2026-05-23,K,Y,1
TFB-101680,POL-544817,2026-02-17,C,C,B,1,76712,2026-04-23,DGH,Y,0
TFB-101681,POL-982702,2026-02-27,NR,T,B,1,76710,2026-05-16,AE,N,0
TFB-101682,POL-770361,2026-02-24,NR,C,A,0,77002,2026-03-14,B,N,0
TFB-101683,POL-587483,2026-04-04,NR,H,B,1,75201,2026-06-12,F,N,0
TFB-101684,POL-632839,2026-02-18,NR,D,C,1,78205,2026-05-19,BE,Y,0
TFB-101685,POL-869043,2026-04-20,C,D,B,1,79901,2026-07-05,CL,Y,0
TFB-101686,POL-630261,2026-02-15,C,T,B,1,75201,2026-04-18,B,N,0
TFB-101687,POL-816202,2026-04-15,C,D,B,1,78205,2026-06-21,HC,Y,0
TFB-101688,POL-813791,2026-01-06,NR,D,B,0,76712,2026-02-21,EL,Y,0
TFB-101689,POL-841539,2026-02-14,C,C,C,0,79901,2026-04-02,CL,Y,0
TFB-101690,POL-791844,2026-03-10,C,H,B,1,76701,2026-05-15,CFJ,N,0
TFB-101691,POL-898048,2026-03-31,C,T,C,1,75201,2026-06-27,L,N,0
TFB-101692,POL-870658,2026-01-10,D,T,A,0,76701,2026-03-08,CH,N,0
TFB-101693,POL-889205,2026-04-09,NR,T,A,0,79901,2026-05-27,BFI,N,0
TFB-101694,POL-973006,2026-02-24,NR,H,B,1,78205,2026-04-26,DEG,N,0
TFB-101695,POL-882687,2026-02-03,NR,T,C,1,76701,2026-04-07,K,N,0
TFB-101696,POL-840617,2026-04-14,NR,T,C,0,76701,2026-05-14,AHL,Y,0
TFB-101697,POL-540948,2026-01-14,NR,C,B,1,77002,2026-03-25,BCF,Y,0
TFB-101698,POL-863480,2026-04-12,D,D,C,1,77002,2026-06-17,IL,N,0
TFB-101699,POL-905639,2026-03-14,C,H,C,0,77002,2026-05-02,ADH,Y,0
TFB-101700,POL-850210,2026-01-07,C,D,A,1,79901,2026-03-30,DJL,Y,0
TFB-101701,POL-938248,2026-02-19,D,H,C,1,76712,2026-05-11,F,N,0
TFB-101702,POL-724043,2026-03-17,NR,C,B,0,77002,2026-04-09,J,Y,0
TFB-101703,POL-888379,2026-01-15,NR,T,B,1,75201,2026-04-08,LB,Y,0
TFB-101704,POL-829472,2026-01-04,NR,C,C,0,79901,2026-02-13,BIJ,N,0
TFB-101705,POL-910298,2026-03-21,C,D,C,0,76710,2026-05-01,GH,Y,0
TFB-101706,POL-782272,2026-02-20,C,T,B,0,76710,2026-03-26,BGJ,Y,0
TFB-101707,POL-535746,2026-04-13,NR,D,B,0,78205,2026-06-08,CDE,Y,0
TFB-101708,POL-564874,2026-02-06,C,T,C,1,78701,2026-05-05,C,Y,0
TFB-101709,POL-741718,2026-01-05,C,D,C,1,76701,2026-03-12,DHL,Y,0
TFB-101710,POL-693068,2026-01-02,C,H,C,0,78701,2026-01-21,DFL,Y,0
TFB-101711,POL-787766,2026-03-27,D,C,B,0,76710,2026-05-05,E,N,0
TFB-101712,POL-678202,2026-03-18,C,D,C,1,78701,2026-05-26,EH,Y,0
TFB-101713,POL-978772,2026-03-05,NR,H,A,0,76710,2026-03-21,B,N,0
TFB-101714,POL-636818,2026-03-17,D,T,B,1,78205,2026-06-01,J,N,0
TFB-101715,POL-559058,2026-01-03,C,D,A,1,78701,2026-03-06,B,Y,0
TFB-101716,POL-815852,2026-03-10,D,T,B,0,76712,2026-05-08,FGI,Y,0
TFB-101717,POL-826342,2026-03-23,C,H,A,0,79901,2026-04-14,BFJ,Y,0
TFB-101718,POL-620875,2026-02-04,D,C,C,1,76701,2026-04-12,J,N,0
TFB-101719,POL-681666,2026-04-05,NR,D,B,0,75201,2026-05-27,AEI,N,0
TFB-101720,POL-977134,2026-01-29,C,D,B,1,78701,2026-04-15,C,N,0
TFB-101721,POL-528079,2026-04-07,D,T,A,1,78205,2026-06-07,D,N,0
TFB-101722,POL-881832,2026-03-23,D,H,B,1,79901,2026-05-25,BCD,N,0
TFB-101723,POL-804112,2026-03-28,C,C,A,0,75201,2026-05-07,BI,N,0
TFB-101724,POL-680711,2026-03-31,D,C,B,1,76712,2026-06-05,FHK,Y,1
TFB-101725,POL-766985,2026-02-03,C,T,C,1,77002,2026-04-04,CL,Y,0
TFB-101726,POL-703169,2026-02-10,D,C,C,1,76701,2026-05-11,EH,Y,0
TFB-101727,POL-711374,2026-02-21,NR,C,A,0,77002,2026-04-12,AL,Y,0
TFB-101728,POL-786007,2026-01-07,D,T,B,1,76712,2026-04-02,BK,Y,1
TFB-101729,POL-851028,2026-03-01,D,D,C,0,79901,2026-04-17,B,N,0
TFB-101730,POL-966299,2026-03-24,C,C,C,0,76710,2026-04-16,EFH,Y,0
TFB-101731,POL-869228,2026-02-03,D,T,B,0,76712,2026-03-14,D,N,0
TFB-101732,POL-819641,2026-04-06,D,T,C,1,77002,2026-06-24,FGI,Y,0
TFB-101733,POL-552980,2026-02-16,D,T,C,0,79901,2026-04-02,C,Y,0
TFB-101734,POL-815378,2026-02-28,D,H,C,0,76710,2026-04-28,AFI,N,0
TFB-101735,POL-581165,2026-03-27,C,C,A,1,78701,2026-06-03,AI,Y,0
TFB-101736,POL-884994,2026-03-03,D,D,A,1,75201,2026-05-10,E,N,0
TFB-101737,POL-535411,2026-03-15,NR,H,C,1,75201,2026-05-22,GJL,N,0
TFB-101738,POL-982581,2026-03-08,NR,H,A,1,79901,2026-05-15,DFK,N,0
TFB-101739,POL-691474,2026-02-01,NR,T,C,0,76710,2026-02-18,DL,Y,0
TFB-101740,POL-694338,2026-02-03,NR,C,C,0,78701,2026-02-20,BH,N,0
TFB-101741,POL-752842,2026-04-09,NR,C,C,0,79901,2026-04-30,DG,Y,0
TFB-101742,POL-943118,2026-02-07,D,H,C,0,75201,2026-03-07,A,N,0
TFB-101743,POL-814411,2026-03-06,NR,D,A,0,76712,2026-04-05,E,Y,0
TFB-101744,POL-577642,2026-03-22,NR,H,A,0,76710,2026-04-08,H,N,0
TFB-101745,POL-795054,2026-04-18,D,C,B,1,79901,2026-07-09,BF,N,0
TFB-101746,POL-625255,2026-01-09,NR,D,A,0,79901,2026-03-09,G,Y,0
TFB-101747,POL-565156,2026-01-25,NR,C,B,0,79901,2026-03-07,BC,Y,0
TFB-101748,POL-884449,2026-03-28,C,T,A,0,79901,2026-05-26,F,N,0
TFB-101749,POL-805818,2026-04-20,NR,C,C,0,76712,2026-05-17,CGJ,N,0
TFB-101750,POL-894677,2026-02-20,C,T,B,1,76712,2026-05-02,C,N,0
TFB-101751,POL-955786,2026-02-09,D,T,A,1,78205,2026-04-17,B,Y,0
TFB-101752,POL-689721,2026-04-18,NR,H,C,1,76710,2026-04-13,E,Y,0
TFB-101753,POL-926469,2026-04-10,D,H,A,0,78701,2026-05-26,ACF,N,0
TFB-101754,POL-748674,2026-03-17,NR,D,C,1,79901,2026-05-16,GI,N,0
TFB-101755,POL-949248,2026-01-28,NR,T,C,0,76712,2026-03-15,B,Y,0
TFB-101756,POL-531438,2026-03-20,NR,D,C,0,76710,2026-04-22,GKL,N,0
TFB-101757,POL-643778,2026-04-10,D,D,C,0,75201,2026-05-21,EL,Y,0
TFB-101758,POL-864344,2026-02-03,C,H,B,0,75201,2026-03-23,ADE,N,0
TFB-101759,POL-882061,2026-03-21,C,C,C,0,78701,2026-04-05,DF,Y,0
TFB-101760,POL-853330,2026-01-06,D,T,B,0,77002,2026-02-24,AHK,N,0
TFB-101761,POL-877411,2026-04-19,C,H,C,1,77002,2026-06-18,J,N,0
TFB-101762,POL-916436,2026-04-01,D,T,B,1,77002,2026-06-24,ACH,Y,0
TFB-101763,POL-968993,2026-03-24,C,C,A,1,78205,2026-06-11,GJ,Y,0
TFB-101764,POL-690119,2026-01-18,C,C,C,0,75201,2026-03-13,K,N,0
TFB-101765,POL-680771,2026-01-12,C,H,A,1,77002,2026-04-03,G,Y,0
TFB-101766,POL-864183,2026-01-24,D,C,C,0,77002,2026-01-19,H,Y,0
TFB-101767,POL-774294,2026-03-27,C,C,A,0,76701,2026-04-11,CDI,Y,0
TFB-101768,POL-992926,2026-04-02,D,D,A,0,77002,2026-05-22,BIK,N,0
TFB-101769,POL-956367,2026-03-02,D,D,A,0,79901,2026-04-25,G,N,0
TFB-101770,POL-883512,2026-02-16,D,H,C,1,76710,2026-04-19,BDI,Y,0
TFB-101771,POL-692475,2026-01-16,NR,H,B,0,76710,2026-02-25,AH,Y,0
TFB-101772,POL-631981,2026-04-02,NR,C,B,0,75201,2026-05-21,BCK,N,0
TFB-101773,POL-838843,2026-04-16,NR,T,C,1,76710,2026-06-30,CJ,Y,0
TFB-101774,POL-591472,2026-03-24,NR,C,A,1,79901,2026-06-16,EH,Y,0
TFB-101775,POL-836043,2026-03-03,D,H,C,0,79901,2026-04-12,EJ,Y,0
TFB-101776,POL-848071,2026-02-25,NR,T,C,0,76701,2026-04-02,GJ,N,0
TFB-101777,POL-971716,2026-01-02,D,D,A,1,76710,2026-03-04,ADJ,Y,0
TFB-101778,POL-766204,2026-01-20,C,H,C,0,76712,2026-03-06,CEH,Y,0
TFB-101779,POL-900277,2026-04-05,C,C,B,1,76710,2026-06-24,IK,N,0
TFB-101780,POL-564199,2026-02-13,C,H,A,1,76712,2026-05-11,D,Y,0
TFB-101781,POL-842445,2026-04-19,D,H,B,0,76710,2026-05-27,EJ,Y,0
TFB-101782,POL-981320,2026-01-12,C,D,B,0,79901,2026-03-02,CI,N,0
TFB-101783,POL-690183,2026-04-10,NR,D,C,0,76710,2026-06-07,ADH,N,0
TFB-101784,POL-999843,2026-03-06,NR,T,A,0,76710,2026-04-08,IJ,N,0
TFB-101785,POL-919995,2026-04-20,C,D,B,1,75201,2026-07-18,HJL,Y,0
TFB-101786,POL-770874,2026-04-05,NR,D,B,1,78701,2026-06-19,BCH,Y,0
TFB-101787,POL-733609,2026-01-24,NR,C,C,0,75201,2026-03-19,GH,Y,0
TFB-101788,POL-696780,2026-01-30,C,D,A,0,76701,2026-02-17,HKL,Y,1
TFB-101789,POL-737347,2026-02-21,D,D,B,1,75201,2026-04-25,CEL,Y,0
TFB-101790,POL-570108,2026-01-04,D,C,B,0,76712,2026-02-05,A,Y,0
TFB-101791,POL-569245,2026-01-16,D,H,A,0,75201,2026-03-01,BE,Y,0
TFB-101792,POL-903202,2026-01-21,D,T,C,0,78205,2026-02-16,C,Y,0
TFB-101793,POL-859097,2026-02-09,C,T,B,0,76712,2026-03-18,I,N,0
TFB-101794,POL-635374,2026-01-28,C,H,B,0,76710,2026-03-02,E,N,0
TFB-101795,POL-943102,2026-03-09,D,C,A,0,78205,2026-03-24,DG,N,0
TFB-101796,POL-806038,2026-03-22,D,C,C,1,79901,2026-05-23,BC,N,0
TFB-101797,POL-752009,2026-04-16,NR,D,A,1,78205,2026-06-27,E,Y,0
TFB-101798,POL-571030,2026-04-15,NR,H,A,1,76710,2026-06-27,ADL,Y,0
TFB-101799,POL-850060,2026-01-16,NR,H,A,1,79901,2026-04-12,DK,N,0
TFB-101800,POL-631128,2026-01-30,D,H,B,1,79901,2026-04-09,DG,Y,0
TFB-101801,POL-979277,2026-01-14,C,D,C,0,75201,2026-02-26,EGK,Y,1
TFB-101802,POL-728189,2026-02-20,D,C,A,1,76712,2026-04-23,E,Y,0
TFB-101803,POL-892258,2026-03-16,NR,D,B,0,76710,2026-04-09,AEL,Y,0
TFB-101804,POL-586844,2026-03-08,C,C,B,0,78701,2026-04-07,FL,N,0
TFB-101805,POL-842519,2026-02-20,C,C,A,0,79901,2026-04-11,EHJ,N,0
TFB-101806,POL-645210,2026-01-23,D,H,B,0,78205,2026-02-12,L,Y,0
TFB-101807,POL-541201,2026-03-06,NR,T,C,0,78205,2026-04-09,L,N,0
TFB-101808,POL-744071,2026-03-13,D,C,C,0,76712,2026-04-14,C,Y,0
TFB-101809,POL-735023,2026-01-23,C,C,B,0,76712,2026-02-07,D,Y,0
TFB-101810,POL-788959,2026-03-22,C,D,A,0,78701,2026-04-16,ABE,N,0
TFB-101811,POL-801735,2026-03-11,D,H,C,0,76710,2026-04-09,CK,N,0
TFB-101812,POL-757626,2026-02-07,D,T,B,1,78205,2026-04-14,BDK,N,0
TFB-101813,POL-942789,2026-01-15,NR,H,A,0,,2026-02-03,BG,N,0
TFB-101814,POL-856725,2026-03-29,C,T,C,0,77002,2026-05-10,HL,Y,0
TFB-101815,POL-960525,2026-04-12,D,D,C,0,76712,2026-06-07,AK,Y,0
TFB-101816,POL-813412,2026-02-28,D,H,B,0,76701,2026-04-03,A,Y,0
TFB-101817,POL-538334,2026-01-24,C,T,B,1,78205,2026-03-26,H,Y,0
TFB-101818,POL-841683,2026-04-19,D,D,B,0,,2026-06-17,ACE,N,0
TFB-101819,POL-832350,2026-01-04,NR,H,C,1,77002,2026-04-03,GK,N,0
TFB-101820,POL-503153,2026-01-16,NR,H,A,0,77002,2026-01-11,L,N,0
TFB-101821,POL-631360,2026-04-05,C,H,C,0,78205,2026-05-23,DI,Y,0
TFB-101822,POL-665608,2026-02-25,D,C,C,1,79901,2026-02-20,H,Y,0
TFB-101823,POL-744192,2026-02-10,C,C,C,0,76701,2026-02-05,K,N,0
TFB-101824,POL-989641,2026-02-14,C,D,C,0,78205,2026-02-09,C,Y,0
TFB-101825,POL-747183,2026-02-01,D,C,B,1,76701,2026-05-02,J,Y,0
TFB-101826,POL-695760,2026-02-07,D,D,B,1,76710,2026-05-07,GH,N,0
TFB-101827,POL-877921,2026-02-08,C,H,B,0,79901,2026-02-24,B,Y,0
TFB-101828,POL-749028,2026-03-05,C,D,C,1,79901,2026-05-14,DH,N,0
TFB-101829,POL-981855,2026-01-04,NR,D,C,0,78701,2026-02-13,CFL,Y,0
TFB-101830,POL-573965,2026-03-03,D,C,B,1,78205,2026-05-28,C,Y,0
TFB-101831,POL-614684,2026-04-02,D,C,A,1,76701,2026-06-04,GHJ,Y,0
TFB-101832,POL-536116,2026-04-19,NR,T,A,0,76710,2026-06-11,CG,Y,0
TFB-101833,POL-717928,2026-03-19,NR,H,A,0,75201,2026-04-03,EI,Y,0
TFB-101834,POL-815015,2026-02-03,C,D,A,1,77002,2026-04-22,GIL,N,0
TFB-101835,POL-527548,2026-04-12,D,H,B,1,78205,2026-06-21,AFG,N,0
TFB-101836,POL-936624,2026-02-11,NR,T,A,0,76710,2026-03-09,CL,Y,0
TFB-101837,POL-812770,2026-03-13,NR,C,B,0,79901,2026-04-19,AHK,Y,0
TFB-101838,POL-513702,2026-03-11,C,H,C,1,77002,2026-06-02,I,Y,0
TFB-101839,POL-861984,2026-03-19,D,C,A,0,76712,2026-04-17,J,N,0
TFB-101840,POL-952082,2026-01-29,NR,T,B,1,76712,2026-03-30,AFG,Y,0
TFB-101841,POL-749956,2026-01-15,D,D,A,1,76712,2026-03-23,G,N,0
TFB-101842,POL-901200,2026-01-25,D,H,A,1,78701,2026-03-30,D,Y,0
TFB-101843,POL-609263,2026-03-16,C,H,B,0,76710,2026-04-22,HIK,Y,1
TFB-101844,POL-793555,2026-01-04,D,D,B,0,79901,2026-03-01,DF,N,0
TFB-101845,POL-953887,2026-02-25,NR,C,A,1,78701,2026-05-26,AL,N,0
TFB-101846,POL-893960,2026-03-19,D,C,A,1,75201,2026-05-21,E,Y,0
TFB-101847,POL-500509,2026-02-10,NR,D,B,1,76701,2026-04-18,CFI,Y,0
TFB-101848,POL-960508,2026-01-29,NR,D,A,0,77002,2026-02-27,K,N,0
TFB-101849,POL-833239,2026-01-25,D,D,C,1,78205,2026-03-29,FH,Y,0
TFB-101850,POL-849137,2026-01-17,C,C,B,0,78205,2026-02-26,BIL,Y,0
TFB-101851,POL-572543,2026-02-17,D,T,A,0,76712,2026-04-01,A,Y,0
TFB-101852,POL-892099,2026-01-20,NR,H,C,0,78701,2026-02-25,FGI,N,0
TFB-101853,POL-830239,2026-02-21,C,H,A,1,76701,2026-04-24,GJ,Y,0
TFB-101854,POL-612765,2026-01-20,NR,D,C,0,78205,2026-02-16,ABJ,Y,0
TFB-101855,POL-896558,2026-02-11,NR,C,B,0,77002,2026-03-30,A,N,0
TFB-101856,POL-705024,2026-01-18,D,T,A,0,,2026-03-04,G,N,0
TFB-101857,POL-977051,2026-02-06,C,T,C,0,76710,2026-03-14,BEL,Y,0
TFB-101858,POL-887081,2026-02-09,C,T,B,0,78701,2026-03-29,ABF,Y,0
TFB-101859,POL-695510,2026-01-20,NR,C,A,1,78701,2026-04-13,A,N,0
TFB-101860,POL-965420,2026-01-10,D,C,B,1,79901,2026-03-29,EFI,Y,0
TFB-101861,POL-543009,2026-02-13,NR,C,A,0,78205,2026-03-05,J,N,0
TFB-101862,POL-790046,2026-03-16,NR,T,C,0,76712,2026-05-12,HL,N,0
TFB-101863,POL-884110,2026-01-14,C,D,B,0,78701,2026-03-09,EGL,N,0
TFB-101864,POL-525506,2026-02-15,D,D,B,1,77002,2026-05-08,DEI,N,0
TFB-101865,POL-506584,2026-02-28,D,C,C,1,75201,2026-04-30,CG,Y,0
TFB-101866,POL-533816,2026-01-11,NR,T,A,0,76712,2026-02-26,BFI,Y,0
TFB-101867,POL-537589,2026-02-16,D,T,B,0,78701,2026-03-12,F,Y,0
TFB-101868,POL-558665,2026-01-06,C,C,A,0,78701,2026-02-06,GKL,Y,1
TFB-101869,POL-918520,2026-03-04,NR,D,C,0,76712,2026-04-18,BCE,Y,0
TFB-101870,POL-514456,2026-03-11,NR,C,C,0,78205,2026-05-05,E,N,0
TFB-101871,POL-947959,2026-03-14,NR,C,C,0,76701,2026-04-07,GK,Y,1
TFB-101872,POL-721753,2026-04-08,D,C,A,0,78701,2026-05-06,GK,N,0
TFB-101873,POL-930641,2026-04-18,NR,C,C,0,78701,2026-05-12,I,N,0
TFB-101874,POL-796989,2026-01-22,NR,C,C,0,76712,2026-02-16,H,Y,0
TFB-101875,POL-725742,2026-03-07,NR,C,A,0,79901,2026-04-25,FGL,Y,0
TFB-101876,POL-653854,2026-02-21,NR,D,C,1,76710,2026-04-29,AK,Y,1
TFB-101877,POL-700855,2026-04-12,C,D,C,0,77002,2026-06-05,FG,N,0
TFB-101878,POL-596851,2026-02-09,D,T,B,0,75201,2026-03-30,C,Y,0
TFB-101879,POL-927925,2026-01-17,NR,H,B,0,75201,2026-02-27,K,N,0
TFB-101880,POL-552122,2026-02-14,NR,H,B,1,75201,2026-04-24,F,Y,0
TFB-101881,POL-697160,2026-01-01,C,D,A,0,75201,2026-02-13,G,Y,0
TFB-101882,POL-710029,2026-02-02,C,C,A,1,78205,2026-04-29,CH,Y,0
TFB-101883,POL-548547,2026-04-21,D,H,B,1,77002,2026-06-29,H,Y,0
TFB-101884,POL-662301,2026-04-20,NR,C,B,1,77002,2026-07-13,B,Y,0
TFB-101885,POL-660940,2026-03-06,D,T,C,1,77002,2026-05-06,FHK,Y,1
TFB-101886,POL-781694,2026-02-23,NR,D,B,1,78701,2026-05-15,IK,Y,0
TFB-101887,POL-915536,2026-04-14,C,T,C,0,79901,2026-05-22,BFH,Y,0
TFB-101888,POL-585412,2026-01-24,NR,T,B,0,,2026-02-15,F,Y,0
TFB-101889,POL-913882,2026-01-06,D,C,C,1,75201,2026-03-09,BCF,Y,0
TFB-101890,POL-900822,2026-03-22,C,H,C,0,79901,2026-04-29,CI,N,0
TFB-101891,POL-990433,2026-01-29,D,T,A,0,78205,2026-03-19,BJL,Y,0
TFB-101892,POL-937798,2026-03-09,D,D,C,0,79901,2026-03-28,C,N,0
TFB-101893,POL-577855,2026-02-17,NR,T,A,1,76710,2026-05-10,BCH,Y,0
TFB-101894,POL-703094,2026-01-01,D,T,B,0,76710,2026-02-28,BGK,Y,0
TFB-101895,POL-721311,2026-04-08,NR,D,C,1,75201,2026-06-27,IL,N,0
TFB-101896,POL-974500,2026-01-26,D,H,C,0,78205,2026-02-17,CFK,Y,1
TFB-101897,POL-534834,2026-01-06,D,D,B,0,76710,2026-01-28,CI,Y,0
TFB-101898,POL-638075,2026-03-02,D,C,B,0,76710,2026-04-04,BIL,Y,0
TFB-101899,POL-712341,2026-02-18,NR,T,A,0,76701,2026-03-22,BKL,N,0
TFB-101900,POL-601087,2026-01-21,C,D,B,1,76701,2026-04-20,A,Y,0
TFB-101901,POL-718234,2026-02-22,D,T,C,0,76710,2026-04-12,EJ,N,0
TFB-101902,POL-921432,2026-03-12,D,C,B,1,77002,2026-06-09,CFK,N,0
TFB-101903,POL-656353,2026-03-30,NR,D,B,0,78701,2026-05-12,L,N,0
TFB-101904,POL-645332,2026-04-02,C,H,B,0,79901,2026-05-19,D,N,0
TFB-101905,POL-813029,2026-03-13,C,D,A,0,78205,2026-05-08,E,N,0
TFB-101906,POL-731840,2026-02-02,C,T,A,0,78205,2026-03-04,A,Y,0
TFB-101907,POL-725005,2026-04-03,NR,T,B,0,77002,2026-05-06,BGH,N,0
TFB-101908,POL-626861,2026-04-10,C,T,B,0,76710,2026-05-08,EIL,Y,0
TFB-101909,POL-525798,2026-02-16,C,T,C,0,76701,2026-04-03,BCF,Y,0
TFB-101910,POL-869099,2026-04-09,C,D,C,0,78701,2026-06-05,BIK,Y,1
TFB-101911,POL-599164,2026-04-01,D,H,A,1,78701,2026-06-19,DEJ,Y,0
TFB-101912,POL-680346,2026-01-10,NR,T,C,1,76701,2026-04-07,EGL,Y,0
TFB-101913,POL-569089,2026-03-15,NR,C,B,1,75201,2026-05-26,C,N,0
TFB-101914,POL-630608,2026-01-04,D,T,A,0,79901,2026-02-26,DF,Y,0
TFB-101915,POL-536648,2026-02-15,NR,D,A,1,78701,2026-05-08,G,Y,0
TFB-101916,POL-935140,2026-02-28,NR,H,A,0,75201,2026-04-21,A,Y,0
TFB-101917,POL-593505,2026-04-11,C,H,A,0,76701,2026-04-27,E,N,0
TFB-101918,POL-770697,2026-02-02,C,T,C,0,78701,2026-02-20,AEG,N,0
TFB-101919,POL-552945,2026-04-15,NR,T,A,1,78205,2026-06-18,BCI,N,0
TFB-101920,POL-529977,2026-03-23,NR,T,B,0,78205,2026-05-21,DEH,N,0
TFB-101921,POL-669334,2026-04-10,D,D,B,1,76701,2026-06-11,AH,Y,0
TFB-101922,POL-626427,2026-01-15,D,T,B,1,78701,2026-03-31,J,N,0
TFB-101923,POL-898512,2026-02-13,NR,C,B,1,76712,2026-05-12,HI,Y,0
TFB-101924,POL-579469,2026-01-13,C,C,A,0,76701,2026-01-28,HJ,Y,0
TFB-101925,POL-854572,2026-01-22,NR,H,B,0,77002,2026-01-17,CL,Y,0
TFB-101926,POL-773216,2026-03-23,D,T,B,1,78701,2026-06-08,A,N,0
TFB-101927,POL-992554,2026-01-28,D,H,C,0,76701,2026-03-14,JL,Y,0
TFB-101928,POL-997650,2026-02-14,D,T,A,0,76712,2026-03-23,A,Y,0
TFB-101929,POL-515416,2026-03-04,NR,C,C,1,78205,2026-05-11,IJ,N,0
TFB-101930,POL-865867,2026-01-25,D,C,C,1,76710,2026-04-18,GL,N,0
TFB-101931,POL-639922,2026-01-11,D,T,A,0,78205,2026-03-02,BE,Y,0
TFB-101932,POL-750352,2026-02-24,D,C,B,0,75201,2026-04-19,L,N,0
TFB-101933,POL-826660,2026-02-25,D,D,A,0,76701,2026-03-17,A,N,0
TFB-101934,POL-651505,2026-04-06,NR,D,C,0,79901,2026-05-23,D,N,0
TFB-101935,POL-547260,2026-04-20,D,C,C,0,76701,2026-06-16,FHI,N,0
TFB-101936,POL-588740,2026-01-13,C,D,C,1,76701,2026-03-17,CDG,Y,0
TFB-101937,POL-996731,2026-01-27,C,C,B,0,76712,2026-02-19,K,N,0
TFB-101938,POL-964712,2026-04-20,C,D,A,1,76712,2026-06-29,H,Y,0
TFB-101939,POL-647714,2026-04-20,D,D,C,1,77002,2026-07-05,H,N,0
TFB-101940,POL-532499,2026-04-05,NR,H,A,0,78701,2026-05-30,CE,N,0
TFB-101941,POL-577632,2026-04-15,D,H,B,0,77002,2026-05-18,CFK,Y,0
TFB-101942,POL-897009,2026-03-17,C,T,C,1,76712,2026-05-21,AG,N,0
TFB-101943,POL-622738,2026-02-17,D,H,C,0,76712,2026-03-04,AGI,Y,0
TFB-101944,POL-822734,2026-03-13,C,T,A,1,77002,2026-05-15,CEL,N,0
TFB-101945,POL-667699,2026-01-27,NR,H,C,1,75201,2026-04-26,F,Y,0
TFB-101946,POL-710629,2026-04-16,NR,T,B,0,75201,2026-05-26,AJ,N,0
TFB-101947,POL-583601,2026-03-16,D,D,A,0,76710,2026-05-11,FGL,Y,0
TFB-101948,POL-887499,2026-01-05,C,C,B,0,76710,2026-02-09,AD,Y,0
TFB-101949,POL-616906,2026-04-13,D,H,C,0,78205,2026-05-23,DEK,N,0
TFB-101950,POL-521759,2026-04-19,D,D,B,0,76710,2026-05-05,D,N,0
TFB-101951,POL-884347,2026-02-27,D,C,A,0,,2026-03-28,CGK,Y,1
TFB-101952,POL-794824,2026-04-20,D,C,B,1,78701,2026-07-01,CK,N,0
TFB-101953,POL-993000,2026-02-19,NR,D,B,0,79901,2026-03-07,CH,Y,0
TFB-101954,POL-679203,2026-03-05,D,D,B,0,78701,2026-04-02,BFK,Y,1
TFB-101955,POL-711339,2026-04-11,D,H,A,0,77002,2026-05-24,AL,N,0
TFB-101956,POL-679211,2026-01-28,D,H,B,0,76712,2026-03-23,BD,N,0
TFB-101957,POL-620005,2026-02-02,NR,T,B,0,75201,2026-03-10,BC,Y,0
TFB-101958,POL-735256,2026-04-10,NR,T,C,1,78205,2026-06-30,DIL,N,0
TFB-101959,POL-504580,2026-02-16,C,D,C,0,76712,2026-03-10,B,N,0
TFB-101960,POL-659403,2026-03-27,D,C,B,1,77002,2026-06-02,D,N,0
TFB-101961,POL-968263,2026-02-03,C,T,B,1,79901,2026-04-09,B,Y,0
TFB-101962,POL-589716,2026-04-21,C,D,A,1,78205,2026-07-18,J,N,0
TFB-101963,POL-893094,2026-02-07,NR,H,B,0,78205,2026-02-22,EK,Y,1
TFB-101964,POL-969951,2026-03-24,D,T,B,1,78205,2026-06-09,HJL,Y,0
TFB-101965,POL-902929,2026-01-11,C,H,B,1,77002,2026-03-29,D,Y,0
TFB-101966,POL-505100,2026-03-14,C,C,C,1,79901,2026-05-20,H,N,0
TFB-101967,POL-535176,2026-04-06,NR,H,C,1,79901,2026-06-18,CH,Y,0
TFB-101968,POL-589690,2026-01-20,C,H,A,0,75201,2026-02-14,K,Y,1
TFB-101969,POL-585054,2026-02-12,NR,T,B,1,79901,2026-04-16,CGI,N,0
TFB-101970,POL-697329,2026-03-14,C,T,B,0,76701,2026-04-24,DFH,N,0
TFB-101971,POL-823441,2026-04-07,C,H,C,0,75201,2026-05-07,DEF,Y,0
TFB-101972,POL-535385,2026-02-28,NR,H,C,0,76701,2026-03-28,AF,Y,0
TFB-101973,POL-591655,2026-02-11,D,H,B,0,76701,2026-03-07,ADJ,N,0
TFB-101974,POL-686227,2026-03-31,C,H,A,0,76712,2026-04-22,I,N,0
TFB-101975,POL-937904,2026-03-19,C,T,C,0,76710,2026-04-26,E,Y,0
TFB-101976,POL-665952,2026-03-06,NR,T,A,0,78205,2026-03-27,AEI,N,0
TFB-101977,POL-655962,2026-04-15,NR,C,B,1,76710,2026-07-13,CFH,N,0
TFB-101978,POL-581705,2026-03-25,NR,T,B,0,77002,2026-05-10,BG,N,0
TFB-101979,POL-716249,2026-03-25,D,C,B,0,78701,2026-04-14,C,Y,0
TFB-101980,POL-852069,2026-03-05,C,T,C,1,76712,2026-05-16,AEH,N,0
TFB-101981,POL-965136,2026-01-20,D,C,C,0,78701,2026-02-18,DE,Y,0
TFB-101982,POL-533147,2026-01-23,D,T,B,1,76701,2026-04-12,J,N,0
TFB-101983,POL-908077,2026-02-04,D,H,C,0,79901,2026-03-23,ACE,Y,0
TFB-101984,POL-955991,2026-04-16,NR,T,A,0,78205,2026-06-05,GJK,Y,1
TFB-101985,POL-834797,2026-02-15,NR,D,B,0,79901,2026-04-05,F,Y,0
TFB-101986,POL-589030,2026-03-17,NR,H,C,1,78701,2026-06-12,EK,Y,1
TFB-101987,POL-807547,2026-04-05,NR,T,C,1,75201,2026-07-01,DFK,Y,1
TFB-101988,POL-890162,2026-04-09,D,H,A,1,77002,2026-06-30,CK,Y,1
TFB-101989,POL-962062,2026-01-24,NR,H,C,0,77002,2026-03-03,DJ,N,0
TFB-101990,POL-541798,2026-01-02,NR,C,B,0,77002,2026-01-29,GIJ,Y,0
TFB-101991,POL-803526,2026-03-02,C,H,B,1,79901,2026-05-17,EFI,Y,0
TFB-101992,POL-687844,2026-03-30,C,C,A,1,78205,2026-05-29,F,Y,0
TFB-101993,POL-786333,2026-02-15,NR,C,B,0,77002,2026-04-10,G,Y,0
TFB-101994,POL-910696,2026-03-17,D,D,C,0,78205,2026-05-07,HL,N,0
TFB-101995,POL-683570,2026-01-29,D,D,A,1,76701,2026-04-10,G,N,0
TFB-101996,POL-780989,2026-04-16,NR,D,C,0,78205,2026-05-13,EFI,Y,0
TFB-101997,POL-828833,2026-04-15,D,C,C,1,76710,2026-04-10,DL,N,0
TFB-101998,POL-777771,2026-04-09,NR,H,B,0,75201,2026-05-14,BHL,Y,0
TFB-101999,POL-557109,2026-03-29,NR,D,A,0,79901,2026-05-27,GH,Y,0
TFB-102000,POL-549858,2026-01-29,NR,C,C,0,76712,2026-03-14,DL,Y,0
TFB-102001,POL-754555,2026-03-05,D,H,B,0,77002,2026-04-28,E,Y,0
TFB-102002,POL-810193,2026-03-09,C,C,B,0,76712,2026-04-16,CGH,Y,0
TFB-102003,POL-848468,2026-03-08,C,T,A,0,78205,2026-03-30,L,Y,0
TFB-102004,POL-846729,2026-02-20,D,D,B,1,75201,2026-05-01,GKL,N,0
TFB-102005,POL-510204,2026-03-08,NR,H,A,0,78701,2026-04-07,G,Y,0
TFB-102006,POL-993088,2026-04-15,D,D,B,1,75201,2026-06-15,F,N,0
TFB-102007,POL-578360,2026-02-25,C,C,A,1,76710,2026-05-08,CFK,Y,1
TFB-102008,POL-660113,2026-04-03,NR,D,B,1,76710,2026-06-26,GHK,Y,0
TFB-102009,POL-572811,2026-01-31,C,D,A,0,79901,2026-03-22,FGJ,N,0
TFB-102010,POL-539473,2026-02-15,C,T,C,1,78205,2026-04-26,ACD,N,0
TFB-102011,POL-564054,2026-02-26,C,C,A,1,76712,2026-05-07,B,N,0
TFB-102012,POL-655086,2026-03-19,D,H,C,0,76712,2026-05-05,B,Y,0
TFB-102013,POL-537152,2026-01-16,NR,C,A,0,78701,2026-02-24,K,N,0
TFB-102014,POL-623434,2026-04-20,NR,C,B,1,79901,2026-06-19,CD,Y,0
TFB-102015,POL-755496,2026-01-14,C,T,B,0,78205,2026-02-22,AF,Y,0
TFB-102016,POL-939459,2026-02-07,NR,H,B,0,78701,2026-03-26,I,Y,0
TFB-102017,POL-792498,2026-02-08,C,C,C,0,76710,2026-03-22,K,Y,0
TFB-102018,POL-579820,2026-04-15,C,D,A,0,78205,2026-06-10,F,Y,0
TFB-102019,POL-622052,2026-03-18,C,T,A,0,75201,2026-04-05,E,Y,0
TFB-102020,POL-992495,2026-02-07,D,C,A,1,77002,2026-04-15,BF,Y,0
TFB-102021,POL-611633,2026-03-25,C,D,B,1,76701,2026-05-25,DI,N,0
TFB-102022,POL-681003,2026-03-16,NR,C,B,1,76710,2026-05-31,BGJ,Y,0
TFB-102023,POL-683389,2026-04-11,NR,D,A,1,76701,2026-06-21,DHJ,N,0
TFB-102024,POL-681327,2026-04-10,D,D,C,0,78205,2026-05-10,ACI,N,0
TFB-102025,POL-540068,2026-01-28,C,T,B,0,77002,2026-02-20,AEF,Y,0
TFB-102026,POL-722644,2026-02-15,C,T,A,0,76710,2026-04-07,CDL,Y,0
TFB-102027,POL-500200,2026-02-10,C,H,B,1,79901,2026-04-15,CI,N,0
TFB-102028,POL-879860,2026-02-13,NR,H,B,1,79901,2026-05-11,CFI,Y,0
TFB-102029,POL-837507,2026-01-27,D,H,C,1,76701,2026-04-27,K,Y,1
TFB-102030,POL-648564,2026-01-28,D,C,A,1,78701,2026-04-24,D,N,0
TFB-102031,POL-986341,2026-03-29,C,H,A,1,,2026-06-08,K,N,0
TFB-102032,POL-889043,2026-03-11,C,C,B,0,76710,2026-04-04,HL,N,0
TFB-102033,POL-691251,2026-04-12,C,C,C,1,78205,2026-07-03,EL,Y,0
TFB-102034,POL-753369,2026-04-05,NR,D,C,0,75201,2026-05-29,CFK,N,0
TFB-102035,POL-544725,2026-01-26,NR,H,B,0,76701,2026-03-02,AGK,Y,0
TFB-102036,POL-510801,2026-02-14,D,D,A,1,75201,2026-05-15,HKL,N,0
TFB-102037,POL-938680,2026-04-06,D,D,B,0,76710,2026-05-21,GHL,Y,0
TFB-102038,POL-880715,2026-02-08,D,T,A,0,78205,2026-03-27,IL,Y,0
TFB-102039,POL-936269,2026-01-15,C,T,B,0,76712,2026-03-03,GH,Y,0
TFB-102040,POL-684910,2026-02-03,D,D,B,0,78701,2026-03-01,A,N,0
TFB-102041,POL-535320,2026-01-16,C,D,C,0,76701,2026-02-15,L,Y,0
TFB-102042,POL-671113,2026-03-12,D,T,C,0,79901,2026-04-06,FIK,Y,0
TFB-102043,POL-834599,2026-01-08,D,D,B,0,76710,2026-02-25,BFJ,Y,0
TFB-102044,POL-713886,2026-01-19,D,D,C,1,76701,2026-03-20,CH,Y,0
TFB-102045,POL-625544,2026-01-30,C,C,C,0,77002,2026-03-23,CHJ,N,0
TFB-102046,POL-760758,2026-03-02,D,H,A,1,78205,2026-05-04,EJ,Y,0
TFB-102047,POL-804805,2026-04-11,D,C,B,0,76710,2026-05-16,AL,Y,0
TFB-102048,POL-506545,2026-04-07,C,D,B,0,78205,2026-04-27,F,Y,0
TFB-102049,POL-605435,2026-02-26,D,T,B,1,79901,2026-05-08,J,N,0
TFB-102050,POL-506192,2026-03-08,D,C,B,0,76712,2026-05-05,CIK,Y,0
TFB-102051,POL-871751,2026-01-23,C,C,A,0,76701,2026-03-04,GH,Y,0
TFB-102052,POL-531416,2026-01-28,NR,H,A,1,76712,2026-04-21,C,N,0
TFB-102053,POL-780951,2026-01-24,D,C,C,0,75201,2026-03-02,HK,Y,1
TFB-102054,POL-952819,2026-04-14,C,D,C,0,76710,2026-05-23,H,N,0
TFB-102055,POL-845370,2026-01-06,D,T,C,1,78205,2026-03-12,A,N,0
TFB-102056,POL-984145,2026-02-09,NR,D,B,0,76710,2026-03-09,CI,Y,0
TFB-102057,POL-525091,2026-04-20,NR,H,A,0,79901,2026-06-12,G,N,0
TFB-102058,POL-516013,2026-03-10,C,C,B,0,76710,2026-04-09,ACH,Y,0
TFB-102059,POL-968487,2026-02-06,NR,C,A,0,79901,2026-03-26,L,Y,0
TFB-102060,POL-840091,2026-01-23,C,H,C,0,78701,2026-03-05,DHJ,Y,0
TFB-102061,POL-794381,2026-01-15,NR,T,B,0,78205,2026-02-28,G,Y,0
TFB-102062,POL-655825,2026-02-23,D,C,B,0,77002,2026-04-10,ACD,N,0
TFB-102063,POL-732508,2026-01-10,D,C,C,1,76710,2026-01-05,AC,N,0
TFB-102064,POL-933844,2026-01-02,D,T,A,1,76701,2026-03-17,BDG,N,0
TFB-102065,POL-606479,2026-02-11,NR,T,C,0,78701,2026-03-15,DEL,Y,0
TFB-102066,POL-561376,2026-01-31,D,C,C,1,78205,2026-04-11,DF,Y,0
TFB-102067,POL-533892,2026-02-05,C,C,B,0,76701,2026-03-16,BGH,N,0
TFB-102068,POL-711239,2026-01-15,C,D,A,0,75201,2026-01-30,BCE,Y,0
TFB-102069,POL-596544,2026-03-14,D,T,C,1,76701,2026-05-25,HI,N,0
TFB-102070,POL-863827,2026-02-15,C,T,B,1,78701,2026-04-27,HIJ,N,0
TFB-102071,POL-921030,2026-03-01,NR,C,B,0,76701,2026-03-29,BF,N,0
TFB-102072,POL-731883,2026-03-06,NR,H,C,1,79901,2026-05-30,G,Y,0
TFB-102073,POL-880639,2026-02-17,C,H,B,1,76701,2026-04-21,D,Y,0
TFB-102074,POL-980575,2026-02-11,D,H,C,1,79901,2026-04-18,AHJ,Y,0
TFB-102075,POL-767420,2026-01-14,C,T,B,0,75201,2026-02-08,B,Y,0
TFB-102076,POL-966846,2026-02-19,C,H,C,0,76712,2026-02-14,CI,Y,0
TFB-102077,POL-526750,2026-03-20,C,C,C,1,78205,2026-06-13,ADE,Y,0
TFB-102078,POL-813844,2026-04-13,C,T,C,1,76701,2026-06-24,CK,Y,1
TFB-102079,POL-840414,2026-03-28,C,C,C,1,79901,2026-03-23,EF,Y,0
TFB-102080,POL-751102,2026-03-17,C,H,B,1,76712,2026-06-11,AEK,Y,1
TFB-102081,POL-827665,2026-01-29,D,H,B,0,79901,2026-02-15,ABH,N,0
TFB-102082,POL-876990,2026-01-24,D,T,B,1,76712,2026-04-07,GL,Y,0
TFB-102083,POL-786127,2026-03-21,D,C,A,1,76712,2026-06-11,L,N,0
TFB-102084,POL-565425,2026-01-09,D,H,B,1,79901,2026-03-22,IL,Y,0
TFB-102085,POL-694721,2026-02-18,D,C,C,1,76712,2026-05-11,B,Y,0
TFB-102086,POL-822993,2026-02-27,C,T,C,0,77002,2026-04-01,D,N,0
TFB-102087,POL-844988,2026-02-07,C,H,C,1,75201,2026-04-23,BC,Y,0
TFB-102088,POL-589940,2026-03-29,D,H,A,0,78205,2026-05-19,EJ,Y,0
TFB-102089,POL-781296,2026-03-27,C,D,C,0,79901,2026-04-24,EHL,N,0
TFB-102090,POL-739150,2026-03-13,C,H,C,0,77002,2026-04-14,EHL,N,0
TFB-102091,POL-914378,2026-04-11,NR,D,B,1,79901,2026-06-21,BK,Y,1
TFB-102092,POL-745262,2026-04-13,NR,C,A,1,78205,2026-07-11,CFI,Y,0
TFB-102093,POL-545735,2026-03-01,C,C,A,0,75201,2026-04-09,ABJ,Y,0
TFB-102094,POL-606676,2026-03-12,NR,H,B,1,78205,2026-03-07,H,N,0
TFB-102095,POL-959499,2026-02-20,C,D,A,1,76710,2026-04-26,F,Y,0
TFB-102096,POL-522615,2026-03-18,C,C,A,1,76712,2026-06-09,AH,Y,0
TFB-102097,POL-999924,2026-01-29,C,C,A,0,78701,2026-02-19,BDG,Y,0
TFB-102098,POL-723370,2026-03-19,C,T,A,0,79901,2026-04-23,GL,N,0
TFB-102099,POL-847633,2026-01-22,NR,T,C,1,77002,2026-04-22,GK,Y,1
TFB-102100,POL-807552,2026-04-17,D,H,A,0,75201,2026-06-03,D,Y,0
TFB-102101,POL-832020,2026-02-28,C,D,B,0,78205,2026-04-07,DFL,N,0
TFB-102102,POL-844462,2026-04-20,C,H,C,0,79901,2026-05-23,CL,Y,0
TFB-102103,POL-651628,2026-02-03,D,T,A,0,76712,2026-03-29,ADL,Y,0
TFB-102104,POL-501647,2026-02-03,NR,H,B,0,76701,2026-03-18,AKL,Y,1
TFB-102105,POL-889424,2026-03-19,C,H,B,1,76710,2026-05-24,L,N,0
TFB-102106,POL-926668,2026-03-25,C,D,A,1,78205,2026-06-03,DE,Y,0
TFB-102107,POL-828498,2026-01-14,C,D,C,0,77002,2026-02-16,DE,Y,0
TFB-102108,POL-899888,2026-03-17,C,D,B,0,77002,2026-04-24,G,Y,0
TFB-102109,POL-743886,2026-01-26,C,H,C,1,78701,2026-04-01,D,N,0
TFB-102110,POL-763386,2026-02-22,NR,H,C,1,78701,2026-04-23,A,Y,0
TFB-102111,POL-945738,2026-04-07,NR,H,A,0,79901,2026-05-06,BCL,N,0
TFB-102112,POL-656229,2026-02-22,NR,T,C,0,76710,2026-03-28,GHK,Y,1
TFB-102113,POL-863853,2026-04-01,D,H,B,0,77002,2026-05-22,F,Y,0
TFB-102114,POL-877083,2026-04-03,NR,H,B,0,78701,2026-05-08,BDE,Y,0
TFB-102115,POL-917134,2026-02-10,C,C,B,1,76701,2026-05-06,ABF,Y,0
TFB-102116,POL-864942,2026-03-28,NR,T,A,1,77002,2026-05-28,I,Y,0
TFB-102117,POL-551013,2026-03-13,NR,H,B,0,76710,2026-04-30,BCF,N,0
TFB-102118,POL-825235,2026-01-09,C,D,A,0,78205,2026-02-24,CEL,N,0
TFB-102119,POL-635828,2026-02-24,D,C,A,1,76710,2026-04-29,DHK,N,0
TFB-102120,POL-893672,2026-01-06,NR,C,B,1,75201,2026-03-31,FI,Y,0
TFB-102121,POL-624611,2026-01-18,D,D,B,0,78205,2026-02-14,BEH,N,0
TFB-102122,POL-871589,2026-04-17,D,D,C,1,76710,2026-06-22,H,N,0
TFB-102123,POL-802064,2026-01-13,D,H,A,0,78701,2026-02-18,FI,N,0
TFB-102124,POL-521230,2026-03-03,NR,H,C,0,75201,2026-03-24,ACE,Y,0
TFB-102125,POL-823476,2026-01-26,NR,D,C,0,76710,2026-02-18,FL,Y,0
TFB-102126,POL-606325,2026-01-10,C,H,B,1,77002,2026-04-01,AEH,Y,0
TFB-102127,POL-917684,2026-03-31,D,T,A,1,76710,2026-06-25,G,Y,0
TFB-102128,POL-610047,2026-03-17,C,D,C,1,78205,2026-06-02,EG,Y,0
TFB-102129,POL-825374,2026-03-26,NR,T,A,0,76710,2026-04-21,L,N,0
TFB-102130,POL-737960,2026-02-28,C,D,B,0,76701,2026-04-01,HJ,N,0
TFB-102131,POL-693076,2026-01-30,D,C,B,1,78205,2026-01-25,ACK,Y,1
TFB-102132,POL-727101,2026-02-13,C,C,A,0,77002,2026-04-12,EHK,N,0
TFB-102133,POL-626000,2026-03-16,D,D,B,0,79901,2026-04-10,BKL,N,0
TFB-102134,POL-994535,2026-04-10,C,C,C,0,76710,2026-06-07,AH,N,0
TFB-102135,POL-656897,2026-02-16,NR,H,A,0,78205,2026-04-16,F,N,0
TFB-102136,POL-568041,2026-02-06,NR,T,B,1,79901,2026-05-02,A,N,0
TFB-102137,POL-506931,2026-03-02,C,H,B,1,77002,2026-05-09,K,N,0
TFB-102138,POL-592610,2026-02-03,NR,C,B,0,78701,2026-03-28,CE,N,0
TFB-102139,POL-590260,2026-04-02,C,T,C,1,76712,2026-06-05,H,N,0
TFB-102140,POL-689500,2026-03-12,C,C,B,1,78701,2026-05-29,A,N,0
TFB-102141,POL-762631,2026-03-27,NR,T,B,1,77002,2026-06-23,GHJ,N,0
TFB-102142,POL-913455,2026-03-29,D,T,A,0,76710,2026-05-22,IL,N,0
TFB-102143,POL-652224,2026-01-04,D,T,A,0,79901,2026-01-30,CHL,N,0
TFB-102144,POL-848443,2026-01-17,NR,C,B,1,78701,2026-04-14,HJ,Y,0
TFB-102145,POL-525155,2026-03-21,D,D,A,0,79901,2026-03-16,ABF,N,0
TFB-102146,POL-888640,2026-02-13,D,H,A,0,78205,2026-03-06,BG,Y,0
TFB-102147,POL-677552,2026-01-10,D,C,B,1,78205,2026-03-12,HG,Y,0
TFB-102148,POL-566865,2026-03-26,C,C,A,1,75201,2026-06-08,IJ,Y,0
TFB-102149,POL-906705,2026-04-07,NR,D,A,0,77002,2026-04-30,CHI,N,0
TFB-102150,POL-527240,2026-01-08,NR,H,C,0,79901,2026-02-22,FH,Y,0
TFB-102151,POL-800643,2026-01-15,D,D,C,0,75201,2026-02-28,D,N,0
TFB-102152,POL-678803,2026-03-16,NR,C,A,0,78205,2026-04-16,BC,N,0
TFB-102153,POL-896794,2026-01-29,D,H,C,0,76710,2026-03-27,BH,Y,0
TFB-102154,POL-750802,2026-01-25,D,T,B,1,79901,2026-04-10,FHJ,Y,0
TFB-102155,POL-662148,2026-04-06,D,C,A,1,76710,2026-06-27,ABG,Y,0
TFB-102156,POL-710106,2026-02-25,D,D,C,1,76710,2026-05-03,D,N,0
TFB-102157,POL-713539,2026-03-29,C,H,C,0,78701,2026-05-03,FGJ,N,0
TFB-102158,POL-534591,2026-01-22,C,C,B,1,76712,2026-04-01,F,Y,0
TFB-102159,POL-910025,2026-03-25,D,T,B,0,76701,2026-05-10,GH,N,0
TFB-102160,POL-658942,2026-02-27,C,T,C,0,76712,2026-04-01,H,N,0
TFB-102161,POL-954659,2026-01-29,C,T,C,1,76712,2026-04-10,F,N,0
TFB-102162,POL-795721,2026-02-27,C,T,C,1,78701,2026-05-03,CH,N,0
TFB-102163,POL-502240,2026-02-16,D,T,A,1,79901,2026-04-25,I,Y,0
TFB-102164,POL-533478,2026-02-07,D,T,C,0,76701,2026-03-11,CDJ,N,0
TFB-102165,POL-734523,2026-03-31,NR,H,B,1,78701,2026-06-23,BHI,Y,0
TFB-102166,POL-696380,2026-02-25,D,T,A,1,78205,2026-05-22,CD,N,0
TFB-102167,POL-684968,2026-03-13,NR,C,A,1,76712,2026-05-12,C,Y,0
TFB-102168,POL-957043,2026-02-27,NR,D,C,1,75201,2026-02-22,HK,Y,1
TFB-102169,POL-938817,2026-03-14,C,D,B,1,76710,2026-05-14,B,Y,0
TFB-102170,POL-965313,2026-02-01,NR,C,B,0,,2026-03-30,DJK,Y,1
TFB-102171,POL-597169,2026-01-25,C,T,A,1,76712,2026-03-31,FL,Y,0
TFB-102172,POL-509959,2026-01-15,NR,D,A,0,76701,2026-02-14,BCH,N,0
TFB-102173,POL-961369,2026-02-12,C,T,B,1,76710,2026-04-19,E,Y,0
TFB-102174,POL-652940,2026-02-23,C,D,C,1,77002,2026-05-24,AF,Y,0
TFB-102175,POL-643956,2026-01-06,D,T,B,1,79901,2026-01-01,CGJ,Y,0
TFB-102176,POL-655983,2026-03-16,C,T,C,0,78701,2026-04-11,BIL,N,0
TFB-102177,POL-947852,2026-03-18,NR,T,B,0,76710,2026-04-21,DE,Y,0
TFB-102178,POL-572069,2026-02-07,C,D,B,0,77002,2026-03-01,JK,Y,1
TFB-102179,POL-644561,2026-01-19,NR,H,B,0,78701,2026-01-14,DIL,N,0
TFB-102180,POL-945292,2026-01-03,C,T,B,0,76710,2026-02-16,GJ,Y,0
TFB-102181,POL-737510,2026-04-19,C,T,C,0,76710,2026-05-30,CDG,N,0
TFB-102182,POL-526921,2026-01-27,C,H,B,1,76710,2026-04-08,A,N,0
TFB-102183,POL-740895,2026-02-18,NR,C,A,1,79901,2026-04-23,J,N,0
TFB-102184,POL-581413,2026-03-21,D,T,C,1,77002,2026-06-19,AKL,N,0
TFB-102185,POL-965855,2026-02-28,NR,D,C,1,75201,2026-05-26,AGI,Y,0
TFB-102186,POL-991531,2026-03-09,D,T,C,1,76701,2026-05-28,I,Y,0
TFB-102187,POL-984414,2026-01-30,C,D,A,0,76710,2026-02-17,I,N,0
TFB-102188,POL-867501,2026-02-19,C,C,C,1,78205,2026-04-25,AC,Y,0
TFB-102189,POL-774291,2026-03-16,C,T,B,0,78701,2026-04-20,AG,Y,0
TFB-102190,POL-636677,2026-01-03,C,H,A,1,78701,2026-03-09,G,N,0
TFB-102191,POL-531074,2026-02-12,D,C,B,0,79901,2026-03-22,GJ,Y,0
TFB-102192,POL-813720,2026-01-09,C,C,A,0,76701,2026-02-26,K,Y,1
TFB-102193,POL-537734,2026-03-16,NR,H,C,0,77002,2026-05-05,G,Y,0
TFB-102194,POL-800848,2026-02-23,D,T,B,0,76712,2026-03-15,CDH,Y,0
TFB-102195,POL-576030,2026-01-04,C,C,C,1,76701,2026-03-05,AHL,N,0
TFB-102196,POL-544953,2026-01-24,C,D,A,1,75201,2026-04-04,KL,Y,1
TFB-102197,POL-897991,2026-02-25,NR,C,A,1,77002,2026-05-16,K,Y,1
TFB-102198,POL-859534,2026-03-28,C,D,B,0,76701,2026-05-01,JK,N,0
TFB-102199,POL-730110,2026-03-09,C,D,A,0,78701,2026-04-06,C,Y,0
TFB-102200,POL-792259,2026-01-29,NR,H,A,1,76710,2026-04-26,L,N,0
TFB-102201,POL-897539,2026-02-11,NR,H,A,0,76712,2026-03-11,HJ,Y,0
TFB-102202,POL-609509,2026-03-13,C,H,B,0,75201,2026-04-13,C,Y,0
TFB-102203,POL-757270,2026-04-07,C,H,C,0,79901,2026-05-17,J,Y,0
TFB-102204,POL-922881,2026-01-26,D,D,A,0,79901,2026-03-15,BCH,N,0
TFB-102205,POL-517414,2026-04-18,NR,H,A,0,77002,2026-05-24,L,Y,0
TFB-102206,POL-911764,2026-01-24,C,H,A,0,77002,2026-03-21,CF,Y,0
TFB-102207,POL-737832,2026-02-16,D,H,B,0,78205,2026-03-09,BG,N,0
TFB-102208,POL-705268,2026-01-01,D,C,C,1,75201,2026-03-17,BEK,N,0
TFB-102209,POL-981693,2026-03-21,D,H,B,1,75201,2026-05-31,JK,Y,0
TFB-102210,POL-809889,2026-03-21,C,D,A,1,77002,2026-06-08,G,N,0
TFB-102211,POL-528485,2026-01-03,NR,H,B,0,76712,2026-01-18,I,Y,0
TFB-102212,POL-531776,2026-03-09,NR,C,C,0,76712,2026-04-14,B,N,0
TFB-102213,POL-886149,2026-03-13,NR,H,C,1,75201,2026-05-23,BCG,N,0
TFB-102214,POL-960413,2026-03-04,NR,D,A,1,76710,2026-05-29,FGH,Y,0
TFB-102215,POL-923337,2026-04-04,C,C,C,1,77002,2026-06-19,A,Y,0
TFB-102216,POL-582569,2026-01-03,D,H,A,0,76712,2026-01-24,A,Y,0
TFB-102217,POL-569329,2026-01-25,NR,C,B,1,79901,2026-03-26,FGL,N,0
TFB-102218,POL-765229,2026-04-01,C,C,B,0,78205,2026-05-09,BE,N,0
TFB-102219,POL-972711,2026-04-07,NR,T,C,1,75201,2026-06-29,FK,Y,1
TFB-102220,POL-978110,2026-04-06,NR,C,A,1,75201,2026-06-18,K,N,0
TFB-102221,POL-738787,2026-01-22,NR,D,A,0,76701,2026-03-05,HIL,N,0
TFB-102222,POL-598845,2026-02-13,C,H,B,0,79901,2026-03-25,DJL,N,0
TFB-102223,POL-849458,2026-01-28,NR,C,B,0,79901,2026-03-11,I,Y,0
TFB-102224,POL-814607,2026-03-01,NR,C,C,1,78205,2026-05-23,ACE,Y,0
TFB-102225,POL-797584,2026-03-09,D,H,A,0,79901,2026-03-04,G,Y,0
TFB-102226,POL-518363,2026-03-01,D,C,B,0,,2026-04-23,C,Y,0
TFB-102227,POL-958390,2026-02-04,NR,H,A,0,78701,2026-03-18,DIJ,Y,0
TFB-102228,POL-609948,2026-01-09,D,H,A,0,78701,2026-02-04,CEL,Y,0
TFB-102229,POL-985538,2026-04-03,NR,T,A,1,78205,2026-06-03,FIJ,Y,0
TFB-102230,POL-891897,2026-01-25,NR,D,B,0,78205,2026-03-06,ACH,Y,0
TFB-102231,POL-965238,2026-03-27,D,H,A,1,75201,2026-06-10,BF,Y,0
TFB-102232,POL-519530,2026-01-24,C,D,B,1,76710,2026-04-17,AHL,Y,0
TFB-102233,POL-661423,2026-03-21,D,C,C,1,76712,2026-06-18,BDE,N,0
TFB-102234,POL-572920,2026-01-01,NR,D,C,1,76701,2025-12-27,KL,Y,1
TFB-102235,POL-787128,2026-01-02,D,H,B,1,76712,2026-03-04,AFG,Y,0
TFB-102236,POL-849128,2026-02-15,D,H,B,0,76701,2026-03-22,I,N,0
TFB-102237,POL-842011,2026-02-26,NR,C,C,0,75201,2026-04-06,BE,N,0
TFB-102238,POL-892403,2026-01-18,C,T,A,1,78205,2026-04-10,D,Y,0
TFB-102239,POL-679476,2026-03-12,C,T,B,0,76701,2026-03-28,DL,N,0
TFB-102240,POL-546310,2026-04-14,NR,C,B,0,77002,2026-05-03,AHJ,Y,0
TFB-102241,POL-694644,2026-01-25,C,C,B,0,78701,2026-02-16,DH,N,0
TFB-102242,POL-705472,2026-04-02,C,C,B,0,78205,2026-05-12,CEL,N,0
TFB-102243,POL-739081,2026-01-21,D,C,A,0,78701,2026-02-21,BH,Y,0
TFB-102244,POL-802439,2026-01-25,NR,C,A,0,78701,2026-03-08,ADG,Y,0
TFB-102245,POL-801824,2026-01-23,D,C,B,0,79901,2026-03-15,CHL,Y,0
TFB-102246,POL-953388,2026-02-24,D,T,A,0,79901,2026-03-27,AJ,N,0
TFB-102247,POL-672700,2026-04-11,NR,D,A,0,76710,2026-06-05,J,Y,0
TFB-102248,POL-746330,2026-01-21,D,C,A,1,78205,2026-03-27,EIJ,Y,0
TFB-102249,POL-820161,2026-02-13,NR,T,B,1,76701,2026-04-24,AC,Y,0
TFB-102250,POL-962474,2026-02-07,D,T,B,1,75201,2026-04-21,D,N,0
TFB-102251,POL-949757,2026-03-22,D,C,B,0,79901,2026-04-21,AF,Y,0
TFB-102252,POL-869739,2026-04-09,C,T,B,1,77002,2026-06-10,C,Y,0
TFB-102253,POL-832489,2026-01-19,D,C,C,1,78205,2026-03-28,EFG,N,0
TFB-102254,POL-507827,2026-03-15,NR,D,A,1,76712,2026-06-04,FH,N,0
TFB-102255,POL-822957,2026-02-26,NR,H,C,0,78701,2026-04-23,AL,N,0
TFB-102256,POL-554483,2026-03-06,C,D,A,0,76710,2026-04-19,I,Y,0
TFB-102257,POL-517282,2026-02-13,NR,T,B,1,76712,2026-05-07,BL,N,0
TFB-102258,POL-609180,2026-02-19,D,C,C,0,77002,2026-03-12,DJ,Y,0
TFB-102259,POL-725563,2026-02-03,NR,C,A,0,79901,2026-03-08,AEK,Y,0
TFB-102260,POL-994798,2026-02-25,C,D,C,0,77002,2026-04-12,BIL,Y,0
TFB-102261,POL-988660,2026-01-12,C,D,A,0,76712,2026-01-28,GJ,N,0
TFB-102262,POL-689388,2026-02-21,C,D,C,0,76710,2026-03-11,J,N,0
TFB-102263,POL-615391,2026-04-15,C,D,B,1,76710,2026-06-22,D,Y,0
TFB-102264,POL-699722,2026-03-18,C,H,C,0,76710,2026-04-17,G,N,0
TFB-102265,POL-963261,2026-04-21,NR,C,B,0,78205,2026-06-07,BC,Y,0
TFB-102266,POL-667065,2026-03-20,D,D,A,1,,2026-06-18,HK,Y,1
TFB-102267,POL-951879,2026-03-27,D,T,B,0,78205,2026-05-12,CDJ,Y,0
TFB-102268,POL-826345,2026-01-17,NR,D,B,1,75201,2026-04-07,G,Y,0
TFB-102269,POL-667045,2026-03-04,C,T,C,0,78205,2026-03-22,BIK,N,0
TFB-102270,POL-722002,2026-04-09,C,D,A,1,77002,2026-06-13,AEH,Y,0
TFB-102271,POL-898301,2026-04-09,C,C,A,1,76712,2026-06-10,C,N,0
TFB-102272,POL-941747,2026-03-11,C,D,C,0,76710,2026-04-15,A,Y,0
TFB-102273,POL-723747,2026-03-02,D,C,B,0,75201,2026-03-26,AD,N,0
TFB-102274,POL-632189,2026-02-04,D,C,A,0,77002,2026-03-27,GHL,N,0
TFB-102275,POL-679355,2026-01-29,D,D,A,0,,2026-03-01,L,N,0
TFB-102276,POL-991617,2026-02-04,C,C,B,0,78205,2026-04-04,D,Y,0
TFB-102277,POL-700954,2026-04-06,NR,H,B,1,78205,2026-06-14,G,N,0
TFB-102278,POL-973800,2026-01-04,D,T,A,1,77002,2026-03-23,AKL,Y,1
TFB-102279,POL-586692,2026-02-08,NR,H,A,1,76701,2026-04-21,J,Y,0
TFB-102280,POL-877671,2026-04-01,NR,T,B,0,78701,2026-05-20,I,N,0
TFB-102281,POL-906458,2026-03-29,NR,D,C,1,76712,2026-06-12,DEK,Y,1
TFB-102282,POL-681042,2026-03-02,NR,C,A,0,,2026-04-10,CG,N,0
TFB-102283,POL-727250,2026-01-13,D,C,A,0,78701,2026-02-13,E,Y,0
TFB-102284,POL-624071,2026-01-18,NR,C,B,0,76712,2026-02-12,E,Y,0
TFB-102285,POL-883013,2026-02-04,NR,H,A,0,76710,2026-02-22,CE,Y,0
TFB-102286,POL-523715,2026-01-02,C,H,A,1,,2026-03-31,DJ,N,0
TFB-102287,POL-975396,2026-03-03,NR,H,A,0,79901,2026-03-27,GH,Y,0
TFB-102288,POL-612013,2026-04-01,NR,H,C,0,79901,2026-05-02,CJ,N,0
TFB-102289,POL-884147,2026-04-03,NR,D,A,0,76712,2026-05-09,AJ,N,0
TFB-102290,POL-504137,2026-04-17,D,H,A,1,76710,2026-07-09,ABG,N,0
TFB-102291,POL-952685,2026-03-18,C,D,B,0,75201,2026-04-09,AI,Y,0
TFB-102292,POL-503355,2026-03-05,NR,H,A,0,76712,2026-04-24,EG,Y,0
TFB-102293,POL-542145,2026-03-26,C,D,A,1,76712,2026-06-24,AC,N,0
TFB-102294,POL-525034,2026-02-03,NR,D,C,0,76701,2026-04-03,GK,Y,1
TFB-102295,POL-970839,2026-04-10,C,H,A,1,76710,2026-07-02,DFI,Y,0
TFB-102296,POL-975511,2026-03-09,NR,D,C,0,76701,2026-04-16,I,Y,0
TFB-102297,POL-823638,2026-03-08,C,D,A,1,76701,2026-05-22,AFK,Y,1
TFB-102298,POL-775775,2026-01-19,NR,T,B,1,76701,2026-04-16,IJK,Y,1
TFB-102299,POL-708387,2026-01-20,NR,H,C,1,,2026-04-17,AD,N,0
TFB-102300,POL-676846,2026-03-22,NR,T,B,0,75201,2026-05-01,H,N,0
TFB-102301,POL-547698,2026-04-13,NR,C,C,0,78701,2026-05-17,CH,Y,0
TFB-102302,POL-778364,2026-03-06,C,D,C,0,79901,2026-04-10,K,N,0
TFB-102303,POL-601869,2026-04-18,D,C,A,1,76710,2026-06-24,AEK,N,0
TFB-102304,POL-971222,2026-01-14,D,D,C,0,75201,2026-02-04,CFH,Y,0
TFB-102305,POL-852315,2026-02-06,NR,D,C,0,78205,2026-02-27,E,N,0
TFB-102306,POL-966511,2026-01-30,NR,C,A,0,78205,2026-03-11,L,Y,0
TFB-102307,POL-969314,2026-01-25,NR,T,B,0,78205,2026-02-16,B,N,0
TFB-102308,POL-739179,2026-02-19,D,T,B,1,76710,2026-05-04,FI,Y,0
TFB-102309,POL-719560,2026-04-15,D,D,A,0,76712,2026-06-05,F,N,0
TFB-102310,POL-632375,2026-01-24,C,H,C,0,76701,2026-02-19,EF,Y,0
TFB-102311,POL-645833,2026-04-13,NR,C,C,0,78701,2026-05-28,EK,N,0
TFB-102312,POL-736912,2026-01-10,C,C,A,0,75201,2026-02-01,EL,Y,0
TFB-102313,POL-678813,2026-02-08,NR,C,C,0,76710,2026-03-16,E,N,0
TFB-102314,POL-861994,2026-03-03,D,C,B,0,76712,2026-04-07,FL,Y,0
TFB-102315,POL-721437,2026-02-21,D,D,A,0,76710,2026-04-10,KJA,Y,1
TFB-102316,POL-785058,2026-04-03,C,H,A,1,77002,2026-07-02,AEF,N,0
TFB-102317,POL-712923,2026-03-18,C,C,A,1,77002,2026-06-04,BK,N,0
TFB-102318,POL-745931,2026-01-24,C,D,B,1,76710,2026-04-19,EGH,N,0
TFB-102319,POL-534788,2026-04-09,NR,C,B,1,78701,2026-07-06,EJL,N,0
TFB-102320,POL-960461,2026-01-12,NR,T,C,1,76701,2026-03-24,DK,Y,1
TFB-102321,POL-858020,2026-01-24,C,D,A,0,76712,2026-02-21,G,Y,0
TFB-102322,POL-507487,2026-02-12,C,D,C,1,77002,2026-04-23,DEJ,N,0
TFB-102323,POL-722526,2026-02-01,C,H,C,1,78701,2026-04-19,H,Y,0
TFB-102324,POL-853109,2026-03-25,NR,T,C,1,76710,2026-05-28,B,N,0
TFB-102325,POL-980940,2026-02-24,D,T,B,1,78205,2026-05-17,J,N,0
TFB-102326,POL-751275,2026-04-04,D,C,B,0,77002,2026-05-19,J,N,0
TFB-102327,POL-732813,2026-01-29,D,T,A,1,76712,2026-04-25,HJ,N,0
TFB-102328,POL-641723,2026-03-10,NR,D,A,0,78205,2026-04-29,ACK,Y,1
TFB-102329,POL-783801,2026-04-21,NR,C,A,0,77002,2026-06-06,CFG,Y,0
TFB-102330,POL-505202,2026-04-20,D,C,B,0,76701,2026-05-14,B,N,0
TFB-102331,POL-609227,2026-01-31,C,T,C,1,75201,2026-04-06,BH,N,0
TFB-102332,POL-991398,2026-02-17,C,T,A,1,79901,2026-05-02,EFL,Y,0
TFB-102333,POL-654775,2026-02-24,C,D,C,0,79901,2026-03-22,BEI,N,0
TFB-102334,POL-727896,2026-02-07,D,T,B,0,79901,2026-02-24,C,N,0
TFB-102335,POL-972615,2026-02-28,D,D,C,1,78205,2026-05-05,B,Y,0
TFB-102336,POL-736512,2026-01-13,NR,D,B,1,76701,2026-03-22,CJ,Y,0
TFB-102337,POL-849784,2026-04-20,C,H,A,0,76701,2026-05-29,AK,Y,1
TFB-102338,POL-754751,2026-01-14,C,T,B,1,76701,2026-03-18,ABL,N,0
TFB-102339,POL-665955,2026-03-31,D,H,A,0,76701,2026-04-20,A,Y,0
TFB-102340,POL-530136,2026-03-14,C,C,C,1,78205,2026-06-04,HCB,N,0
TFB-102341,POL-644138,2026-02-26,D,H,A,1,75201,2026-05-17,BFG,N,0
TFB-102342,POL-813848,2026-01-17,C,T,C,1,76701,2026-04-06,ACD,Y,0
TFB-102343,POL-807654,2026-02-21,D,H,B,0,76701,2026-03-18,E,N,0
TFB-102344,POL-856886,2026-04-10,D,C,C,1,76712,2026-06-21,BI,Y,0
TFB-102345,POL-722756,2026-03-24,NR,T,B,0,79901,2026-05-10,EI,Y,0
TFB-102346,POL-887941,2026-03-29,C,C,B,0,75201,2026-04-26,AB,N,0
TFB-102347,POL-674353,2026-02-08,NR,H,A,0,75201,2026-02-28,BH,Y,0
TFB-102348,POL-602952,2026-03-04,C,D,B,0,78205,2026-04-11,DGI,N,0
TFB-102349,POL-847519,2026-02-03,C,D,C,1,75201,2026-05-01,HI,N,0
TFB-102350,POL-796164,2026-04-14,D,D,A,0,78205,2026-05-31,BF,N,0
TFB-102351,POL-711226,2026-01-06,C,H,B,1,78205,2026-03-26,C,N,0
TFB-102352,POL-991559,2026-03-21,D,D,B,0,78205,2026-05-14,CIJ,Y,0
TFB-102353,POL-515679,2026-03-22,D,H,B,0,76701,2026-04-23,BD,Y,0
TFB-102354,POL-772607,2026-01-07,D,H,C,0,79901,2026-02-16,J,N,0
TFB-102355,POL-649686,2026-01-31,NR,H,B,1,76712,2026-04-09,AJ,N,0
TFB-102356,POL-567421,2026-02-03,D,T,B,0,76701,2026-03-13,L,N,0
TFB-102357,POL-923426,2026-01-24,D,T,B,1,76710,2026-04-11,AG,Y,0
TFB-102358,POL-920023,2026-01-22,C,D,B,1,79901,2026-04-09,I,Y,0
TFB-102359,POL-800068,2026-04-07,D,H,B,0,76710,2026-04-27,EL,Y,0
TFB-102360,POL-567604,2026-02-24,D,C,C,0,78205,2026-03-14,ADJ,Y,0
TFB-102361,POL-540304,2026-04-12,NR,H,A,1,76712,2026-06-27,FGI,Y,0
TFB-102362,POL-687464,2026-01-12,C,D,C,1,79901,2026-03-27,ACL,Y,0
TFB-102363,POL-645639,2026-02-27,D,H,A,1,75201,2026-05-01,G,Y,0
TFB-102364,POL-898478,2026-03-11,NR,C,C,1,77002,2026-06-06,BK,N,0
TFB-102365,POL-609696,2026-03-26,C,T,C,0,76712,2026-04-29,L,Y,0
TFB-102366,POL-764573,2026-01-01,C,T,B,1,75201,2026-03-22,DFG,Y,0
TFB-102367,POL-934651,2026-01-22,D,T,C,0,78701,2026-03-14,IJL,N,0
TFB-102368,POL-861315,2026-03-06,C,H,A,0,79901,2026-03-27,A,N,0
TFB-102369,POL-744700,2026-01-16,NR,T,B,0,76701,2026-02-20,GKL,N,0
TFB-102370,POL-563998,2026-03-19,C,T,C,0,76710,2026-04-18,H,N,0
TFB-102371,POL-835010,2026-02-02,D,C,B,1,77002,2026-04-03,I,Y,0
TFB-102372,POL-582782,2026-01-12,D,T,B,0,79901,2026-02-14,AFL,Y,0
TFB-102373,POL-610012,2026-04-08,NR,H,A,0,76712,2026-05-14,IK,N,0
TFB-102374,POL-694502,2026-02-20,D,D,C,0,79901,2026-04-17,HK,N,0
TFB-102375,POL-674336,2026-04-21,D,D,A,0,76701,2026-06-01,AFG,N,0
TFB-102376,POL-646337,2026-02-26,D,H,B,0,75201,2026-03-30,AFK,Y,1
TFB-102377,POL-671961,2026-02-23,NR,C,A,0,76712,2026-03-24,DFH,N,0
TFB-102378,POL-793627,2026-04-04,NR,H,C,0,78701,2026-05-04,C,Y,0
TFB-102379,POL-768431,2026-01-22,NR,C,A,0,76712,2026-02-08,A,Y,0
TFB-102380,POL-786836,2026-03-08,NR,C,A,1,76701,2026-05-31,D,N,0
TFB-102381,POL-649864,2026-03-25,NR,H,B,0,76712,2026-05-12,DJ,Y,0
TFB-102382,POL-772557,2026-03-28,D,D,C,0,76712,2026-05-26,ADI,Y,0
TFB-102383,POL-902824,2026-03-15,D,D,B,1,78205,2026-06-07,HJ,Y,0
TFB-102384,POL-638340,2026-03-28,D,H,C,0,75201,2026-04-17,CDJ,Y,0
TFB-102385,POL-870840,2026-01-05,NR,C,B,1,79901,2026-04-03,GKL,Y,1
TFB-102386,POL-999950,2026-02-14,C,D,C,0,78205,2026-03-11,BF,Y,0
TFB-102387,POL-524400,2026-03-01,NR,C,A,1,78205,2026-05-09,AI,Y,0
TFB-102388,POL-972139,2026-04-18,D,H,B,0,79901,2026-05-14,BC,N,0
TFB-102389,POL-548601,2026-03-10,D,T,A,1,77002,2026-05-14,GL,N,0
TFB-102390,POL-871120,2026-02-28,C,C,B,0,76701,2026-03-30,LE,N,0
TFB-102391,POL-536720,2026-03-22,NR,H,C,1,76712,2026-06-05,E,N,0
TFB-102392,POL-869727,2026-04-05,C,D,C,0,76712,2026-05-05,ACL,N,0
TFB-102393,POL-547592,2026-01-18,NR,C,B,0,78701,2026-01-13,DIK,Y,1
TFB-102394,POL-844881,2026-01-13,D,T,B,1,78701,2026-04-08,AGL,N,0
TFB-102395,POL-621382,2026-03-28,D,T,A,0,76710,2026-05-01,DE,Y,0
TFB-102396,POL-813599,2026-03-07,D,T,B,1,75201,2026-05-11,CEJ,N,0
TFB-102397,POL-978062,2026-02-13,C,T,A,1,76701,2026-05-07,HI,Y,0
TFB-102398,POL-511181,2026-03-08,C,T,A,0,78701,2026-05-05,H,Y,0
TFB-102399,POL-686479,2026-01-14,C,D,B,0,78701,2026-02-19,GJ,N,0
TFB-102400,POL-931977,2026-04-11,NR,D,B,0,78205,2026-05-26,AKL,Y,0
TFB-102401,POL-807424,2026-02-22,C,D,A,0,76712,2026-03-29,FIK,Y,1
TFB-102402,POL-920587,2026-01-14,C,D,C,1,78205,2026-03-28,CEJ,Y,0
TFB-102403,POL-901747,2026-03-19,C,T,C,1,78205,2026-06-17,G,Y,0
TFB-102404,POL-931195,2026-03-20,NR,D,C,1,76701,2026-05-28,HJ,N,0
TFB-102405,POL-742387,2026-02-06,NR,C,B,0,76712,2026-03-27,HK,Y,1
TFB-102406,POL-574451,2026-03-04,NR,H,B,0,78701,2026-04-10,BE,Y,0
TFB-102407,POL-773734,2026-02-27,D,H,C,0,76701,2026-03-17,CL,Y,0
TFB-102408,POL-762985,2026-04-13,C,H,A,0,76710,2026-05-14,HJ,Y,0
TFB-102409,POL-596041,2026-01-10,C,D,A,0,78205,2026-02-15,DGL,N,0
TFB-102410,POL-685611,2026-01-12,C,C,B,1,79901,2026-03-14,CJK,Y,1
TFB-102411,POL-954679,2026-03-07,NR,H,B,0,78205,2026-05-03,DEL,N,0
TFB-102412,POL-779526,2026-01-16,NR,C,B,0,79901,2026-02-07,G,N,0
TFB-102413,POL-784068,2026-04-05,D,H,A,1,75201,2026-06-27,BGH,N,0
TFB-102414,POL-822445,2026-03-13,C,T,C,0,78701,2026-05-07,FJ,Y,0
TFB-102415,POL-628133,2026-03-14,C,C,C,0,78205,2026-04-13,AB,Y,0
TFB-102416,POL-500875,2026-01-17,D,D,C,1,78701,2026-04-15,DE,Y,0
TFB-102417,POL-955101,2026-02-16,C,D,B,1,76712,2026-05-07,EKL,Y,1
TFB-102418,POL-694338,2026-03-09,C,T,C,1,76710,2026-05-09,GJK,Y,0
TFB-102419,POL-667906,2026-04-06,NR,C,B,0,76701,2026-04-30,AJL,N,0
TFB-102420,POL-570834,2026-02-21,D,D,C,1,77002,2026-04-27,E,Y,0
TFB-102421,POL-862049,2026-01-18,NR,H,B,1,78701,2026-03-24,CI,Y,0
TFB-102422,POL-861094,2026-01-29,NR,D,B,0,76701,2026-02-25,CGH,Y,0
TFB-102423,POL-922168,2026-02-20,C,H,B,0,78205,2026-04-04,AFK,Y,1
TFB-102424,POL-793574,2026-02-02,NR,H,C,1,75201,2026-04-24,FG,Y,0
TFB-102425,POL-902108,2026-03-09,NR,T,B,0,76710,2026-05-03,CHI,N,0
TFB-102426,POL-733180,2026-04-03,C,D,C,1,76701,2026-06-25,J,Y,0
TFB-102427,POL-750188,2026-04-11,C,T,C,0,77002,2026-05-20,A,Y,0
TFB-102428,POL-750189,2026-03-31,NR,H,A,1,76701,2026-06-07,DKL,N,0
TFB-102429,POL-918838,2026-03-13,NR,D,B,0,76701,2026-04-25,J,Y,0
TFB-102430,POL-992313,2026-03-24,C,H,B,0,77002,2026-05-08,AJL,Y,0
TFB-102431,POL-570302,2026-03-31,D,C,B,0,76701,2026-05-14,AL,N,0
TFB-102432,POL-510203,2026-04-02,D,C,B,1,78701,2026-06-22,CJ,N,0
TFB-102433,POL-521214,2026-02-10,C,C,A,1,76701,2026-04-19,BCI,N,0
TFB-102434,POL-893864,2026-04-11,NR,H,A,1,79901,2026-06-18,EI,N,0
TFB-102435,POL-909246,2026-04-20,C,T,B,0,76701,2026-05-20,HA,Y,0
TFB-102436,POL-952474,2026-01-31,D,C,B,1,79901,2026-04-19,GL,N,0
TFB-102437,POL-822409,2026-03-11,D,D,A,1,76701,2026-06-08,CEJ,Y,0
TFB-102438,POL-698952,2026-03-26,D,D,A,0,76712,2026-05-06,E,Y,0
TFB-102439,POL-720026,2026-03-04,NR,T,C,0,76701,2026-04-04,BE,N,0
TFB-102440,POL-840467,2026-02-03,NR,C,C,0,75201,2026-02-23,A,Y,0
TFB-102441,POL-998089,2026-04-02,D,C,B,1,78205,2026-06-23,GK,N,0
TFB-102442,POL-909322,2026-04-18,NR,T,C,1,78701,2026-06-23,AEK,Y,1
TFB-102443,POL-876229,2026-04-16,NR,H,C,0,76712,2026-05-12,HK,N,0
TFB-102444,POL-728773,2026-01-25,C,H,A,1,76701,2026-04-21,KL,N,0
TFB-102445,POL-737777,2026-04-04,D,D,C,0,79901,2026-05-20,BK,Y,1
TFB-102446,POL-888361,2026-01-20,C,C,C,0,79901,2026-03-14,GH,Y,0
TFB-102447,POL-960505,2026-04-19,C,H,B,0,76701,2026-05-27,BFG,Y,0
TFB-102448,POL-980803,2026-01-23,C,H,A,0,78701,2026-02-14,J,N,0
TFB-102449,POL-807865,2026-04-04,C,D,A,0,78205,2026-05-27,BDE,N,0
TFB-102450,POL-999264,2026-04-21,NR,T,C,0,77002,2026-05-18,ACI,Y,0
TFB-102451,POL-860600,2026-04-06,D,T,A,1,78701,2026-06-26,B,Y,0
TFB-102452,POL-999613,2026-04-01,D,T,A,1,79901,2026-06-23,CD,Y,0
TFB-102453,POL-981180,2026-02-19,C,T,B,0,78701,2026-04-02,BK,Y,0
TFB-102454,POL-887429,2026-02-28,C,C,A,0,77002,2026-04-20,E,N,0
TFB-102455,POL-892422,2026-02-09,D,H,C,0,76701,2026-04-03,AH,Y,0
TFB-102456,POL-895907,2026-04-18,D,T,A,0,77002,2026-05-20,FJ,N,0
TFB-102457,POL-874354,2026-01-29,C,T,C,1,79901,2026-01-24,IL,Y,0
TFB-102458,POL-724364,2026-01-30,D,C,B,0,76701,2026-02-25,I,N,0
TFB-102459,POL-638472,2026-02-20,NR,T,A,1,76710,2026-04-27,IGA,Y,0
TFB-102460,POL-841358,2026-01-03,C,T,B,0,77002,2026-01-22,CJ,Y,0
TFB-102461,POL-704362,2026-01-14,C,H,C,0,78205,2026-02-21,FKL,Y,1
TFB-102462,POL-648752,2026-03-12,C,D,A,1,76701,2026-05-14,AL,N,0
TFB-102463,POL-634361,2026-03-17,C,C,C,0,79901,2026-04-14,BFJ,Y,0
TFB-102464,POL-808840,2026-04-21,NR,D,C,0,78205,2026-06-05,JL,N,0
TFB-102465,POL-855846,2026-01-29,D,T,C,0,78701,2026-03-04,E,Y,0
TFB-102466,POL-678985,2026-01-04,NR,C,B,0,76712,2026-01-31,AHI,N,0
TFB-102467,POL-791305,2026-04-11,NR,H,C,0,76710,2026-05-15,FH,Y,0
TFB-102468,POL-711145,2026-04-05,D,H,C,1,77002,2026-06-08,BG,N,0
TFB-102469,POL-826514,2026-04-21,NR,D,A,1,75201,2026-07-07,EH,N,0
TFB-102470,POL-656534,2026-03-29,NR,H,A,1,77002,2026-06-01,CFJ,Y,0
TFB-102471,POL-547998,2026-01-16,NR,C,A,1,,2026-03-31,AK,N,0
TFB-102472,POL-661103,2026-01-10,C,D,A,0,76701,2026-03-07,F,N,0
TFB-102473,POL-636186,2026-02-27,C,C,C,1,76710,2026-05-22,EFI,Y,0
TFB-102474,POL-994654,2026-04-03,C,C,B,1,75201,2026-06-25,DI,Y,0
TFB-102475,POL-838311,2026-01-15,D,H,C,0,75201,2026-02-12,DJK,Y,1
TFB-102476,POL-514845,2026-02-19,C,C,C,0,76701,2026-03-10,L,N,0
TFB-102477,POL-918793,2026-01-30,C,H,A,1,76710,2026-04-01,BFH,Y,0
TFB-102478,POL-795503,2026-01-23,NR,D,A,1,76710,2026-04-19,AFI,Y,0
TFB-102479,POL-711779,2026-02-05,C,D,C,1,77002,2026-04-26,HL,Y,0
TFB-102480,POL-879103,2026-04-12,D,D,C,1,75201,2026-06-24,E,N,0
TFB-102481,POL-579963,2026-03-23,D,T,B,0,77002,2026-05-16,L,N,0
TFB-102482,POL-549205,2026-03-12,NR,C,A,1,79901,2026-05-20,GHJ,N,0
TFB-102483,POL-844259,2026-03-23,C,D,B,1,77002,2026-05-24,EL,Y,0
TFB-102484,POL-885352,2026-01-16,NR,C,B,1,75201,2026-03-30,D,Y,0
TFB-102485,POL-831004,2026-01-05,NR,C,A,0,76701,2026-02-11,D,Y,0
TFB-102486,POL-773062,2026-03-30,D,H,A,1,76710,2026-06-15,BCF,Y,0
TFB-102487,POL-520306,2026-04-19,NR,T,C,1,76701,2026-06-21,GI,Y,0
TFB-102488,POL-611359,2026-01-18,C,C,B,0,78205,2026-02-27,D,N,0
TFB-102489,POL-990839,2026-03-11,D,D,C,0,78205,2026-05-08,FGH,N,0
TFB-102490,POL-977809,2026-01-05,NR,C,A,0,76712,2026-01-24,DGL,Y,0
TFB-102491,POL-713653,2026-03-19,C,C,A,1,79901,2026-05-26,ABE,Y,0
TFB-102492,POL-971433,2026-02-23,NR,C,C,0,78701,2026-03-19,B,N,0
TFB-102493,POL-706094,2026-03-02,D,H,C,1,76701,2026-05-14,FJ,Y,0
TFB-102494,POL-694578,2026-02-06,NR,D,A,0,78701,2026-04-02,BIK,Y,1
TFB-102495,POL-641943,2026-03-06,D,H,A,1,78701,2026-05-16,EH,N,0
TFB-102496,POL-750655,2026-03-18,NR,C,C,1,79901,2026-06-13,AIK,Y,0
TFB-102497,POL-802172,2026-02-23,C,H,A,0,79901,2026-03-25,BHJ,N,0
TFB-102498,POL-564118,2026-04-01,D,T,C,0,75201,2026-05-18,D,Y,0
TFB-102499,POL-962253,2026-04-19,NR,D,A,1,78701,2026-06-21,A,Y,0
TFB-102500,POL-779038,2026-03-21,NR,C,B,0,76712,2026-04-20,CDG,N,0
TFB-102501,POL-919097,2026-03-19,D,H,C,0,79901,2026-05-15,C,Y,0
TFB-102502,POL-774186,2026-02-07,C,C,B,0,78205,2026-03-13,H,Y,0
TFB-102503,POL-978324,2026-02-22,NR,D,C,0,76701,2026-04-19,DGI,N,0
TFB-102504,POL-547289,2026-01-02,D,C,A,0,76710,2026-02-22,AE,Y,0
TFB-102505,POL-624957,2026-02-22,D,T,A,1,76701,2026-05-18,B,Y,0
TFB-102506,POL-584044,2026-01-10,D,T,B,1,76710,2026-03-25,L,Y,0
TFB-102507,POL-922841,2026-01-24,C,D,B,1,,2026-03-25,H,Y,0
TFB-102508,POL-522645,2026-02-01,D,C,A,1,76710,2026-04-02,FG,N,0
TFB-102509,POL-554950,2026-02-09,D,D,A,0,79901,2026-04-01,H,Y,0
TFB-102510,POL-709757,2026-02-25,NR,D,C,0,78205,2026-04-09,E,N,0
TFB-102511,POL-623695,2026-01-26,C,H,A,1,75201,2026-04-06,FI,Y,0
TFB-102512,POL-901143,2026-03-13,NR,C,C,0,79901,2026-05-03,H,Y,0
TFB-102513,POL-968375,2026-03-09,C,D,B,1,77002,2026-05-22,DIL,N,0
TFB-102514,POL-637232,2026-01-27,NR,C,C,0,77002,2026-02-16,BDJ,N,0
TFB-102515,POL-791277,2026-02-08,C,H,C,1,77002,2026-04-15,CEJ,Y,0
TFB-102516,POL-837860,2026-02-27,D,T,B,0,79901,2026-04-07,BG,Y,0
TFB-102517,POL-806592,2026-04-01,NR,T,A,1,75201,2026-06-17,AC,Y,0
TFB-102518,POL-741124,2026-01-01,NR,C,B,0,76701,2026-02-15,KL,N,0
TFB-102519,POL-778201,2026-01-06,D,T,C,0,76701,2026-01-27,GH,N,0
TFB-102520,POL-965092,2026-03-16,C,C,A,0,79901,2026-05-03,AEI,Y,0
TFB-102521,POL-823197,2026-01-26,C,H,C,0,75201,2026-03-15,G,Y,0
TFB-102522,POL-734987,2026-01-27,C,H,B,1,79901,2026-04-08,JL,Y,0
TFB-102523,POL-590583,2026-04-07,C,T,C,0,77002,2026-04-23,ACJ,N,0
TFB-102524,POL-774514,2026-01-21,NR,C,A,0,78205,2026-03-09,JK,Y,1
TFB-102525,POL-886982,2026-01-24,D,C,B,0,76701,2026-02-26,C,Y,0
TFB-102526,POL-963671,2026-03-15,D,H,A,1,78205,2026-06-09,EFH,Y,0
TFB-102527,POL-986409,2026-03-13,C,C,A,0,78205,2026-04-18,GIJ,Y,0
TFB-102528,POL-668556,2026-03-27,D,H,C,0,76710,2026-05-21,C,Y,0
TFB-102529,POL-639245,2026-01-07,NR,C,A,0,79901,2026-02-11,AIK,Y,1
TFB-102530,POL-581612,2026-01-08,D,T,C,1,79901,2026-03-22,CIL,N,0
TFB-102531,POL-503789,2026-01-31,C,C,A,1,76710,2026-04-06,BCJ,N,0
TFB-102532,POL-636022,2026-03-01,NR,D,A,1,75201,2026-05-15,AJ,Y,0
TFB-102533,POL-986696,2026-02-14,D,H,B,0,75201,2026-04-04,BFH,Y,0
TFB-102534,POL-883514,2026-02-14,D,D,C,1,75201,2026-05-08,B,Y,0
TFB-102535,POL-586241,2026-04-21,D,D,B,0,77002,2026-05-25,BFJ,N,0
TFB-102536,POL-955850,2026-04-01,NR,T,B,1,78205,2026-05-31,ADH,Y,0
TFB-102537,POL-835575,2026-02-26,D,H,B,1,76701,2026-05-02,AEG,N,0
TFB-102538,POL-872542,2026-03-08,D,H,B,0,77002,2026-03-31,BJK,N,0
TFB-102539,POL-910099,2026-02-27,D,H,C,0,76701,2026-04-03,F,N,0
TFB-102540,POL-893185,2026-04-08,NR,D,C,0,75201,2026-05-21,BD,Y,0
TFB-102541,POL-934232,2026-01-05,NR,C,A,0,79901,2026-02-01,E,N,0
TFB-102542,POL-807227,2026-02-23,NR,T,B,0,75201,2026-04-13,CJL,N,0
TFB-102543,POL-769644,2026-02-02,NR,H,A,1,76710,2026-04-29,DEL,N,0
TFB-102544,POL-968654,2026-04-20,D,C,B,0,76710,2026-05-16,CJ,Y,0
TFB-102545,POL-561782,2026-03-29,D,H,B,0,78205,2026-05-14,CGI,N,0
TFB-102546,POL-502812,2026-02-02,NR,C,B,0,77002,2026-03-04,A,N,0
TFB-102547,POL-916879,2026-02-18,C,H,A,0,,2026-04-05,ABH,N,0
TFB-102548,POL-723109,2026-02-20,C,T,B,0,76710,2026-04-02,AEI,N,0
TFB-102549,POL-764054,2026-01-22,D,T,C,1,76701,2026-03-28,F,Y,0
TFB-102550,POL-900597,2026-03-21,D,H,B,0,78205,2026-04-25,K,Y,1
TFB-102551,POL-549608,2026-02-18,NR,C,B,1,76710,2026-04-19,FG,N,0
TFB-102552,POL-908350,2026-03-04,NR,H,B,0,79901,2026-02-27,H,Y,0
TFB-102553,POL-616502,2026-04-03,NR,C,A,1,76710,2026-06-19,FJ,Y,0
TFB-102554,POL-583553,2026-04-17,NR,C,C,0,76701,2026-06-03,E,Y,0
TFB-102555,POL-672823,2026-03-10,NR,T,B,0,78701,2026-04-05,AFJ,N,0
TFB-102556,POL-915009,2026-01-07,D,H,C,0,76710,2026-02-18,DEJ,N,0
TFB-102557,POL-766548,2026-01-13,D,T,A,0,77002,2026-02-20,B,N,0
TFB-102558,POL-661642,2026-02-08,D,C,B,0,76710,2026-03-30,I,Y,0
TFB-102559,POL-840852,2026-01-04,C,T,C,0,76712,2026-01-24,CJL,Y,0
TFB-102560,POL-903663,2026-04-08,D,C,A,0,78701,2026-05-01,HK,Y,1
TFB-102561,POL-551116,2026-02-22,D,D,A,0,75201,2026-03-11,K,Y,1
TFB-102562,POL-725265,2026-04-20,D,D,A,1,76701,2026-06-19,BDL,N,0
TFB-102563,POL-534143,2026-02-05,C,H,C,1,78701,2026-04-18,BCJ,N,0
TFB-102564,POL-877341,2026-01-24,NR,C,C,0,76701,2026-03-10,IK,Y,1
TFB-102565,POL-548930,2026-02-09,D,C,C,0,77002,2026-03-21,IL,N,0
TFB-102566,POL-889717,2026-02-10,C,T,A,1,78205,2026-04-24,GH,N,0
TFB-102567,POL-627330,2026-03-03,C,T,B,1,77002,2026-05-31,A,Y,0
TFB-102568,POL-707539,2026-03-28,NR,T,A,0,77002,2026-05-12,EHI,N,0
TFB-102569,POL-955190,2026-04-09,C,D,A,0,75201,2026-06-04,CGI,Y,0
TFB-102570,POL-970153,2026-02-25,NR,H,A,1,78701,2026-05-02,DIJ,Y,0
TFB-102571,POL-836575,2026-04-21,NR,T,A,1,,2026-07-12,BL,Y,0
TFB-102572,POL-662719,2026-01-02,D,D,C,1,76701,2026-03-15,HGB,Y,0
TFB-102573,POL-836814,2026-03-26,D,D,C,1,76710,2026-06-11,B,N,0
TFB-102574,POL-503900,2026-01-06,C,T,A,0,77002,2026-03-06,A,N,0
TFB-102575,POL-660819,2026-04-02,NR,C,A,1,76712,2026-06-30,AEK,N,0
TFB-102576,POL-647192,2026-01-28,C,D,C,0,77002,2026-03-09,CL,Y,0
TFB-102577,POL-982440,2026-01-29,D,H,B,0,78701,2026-02-19,BJ,Y,0
TFB-102578,POL-933648,2026-01-23,NR,T,B,1,76701,2026-03-26,L,Y,0
TFB-102579,POL-847509,2026-03-15,D,H,A,0,76701,2026-05-03,HIJ,Y,0
TFB-102580,POL-947018,2026-03-13,NR,T,B,0,76712,2026-04-27,AHI,N,0
TFB-102581,POL-568174,2026-02-10,NR,H,C,1,75201,2026-04-24,AF,Y,0
TFB-102582,POL-969331,2026-03-07,NR,C,A,0,76701,2026-04-14,K,Y,1
TFB-102583,POL-670923,2026-01-24,D,C,A,1,76701,2026-03-29,DG,Y,0
TFB-102584,POL-681806,2026-03-09,D,T,A,1,79901,2026-05-28,J,N,0
TFB-102585,POL-800358,2026-02-14,NR,T,B,0,78701,2026-03-04,J,Y,0
TFB-102586,POL-552496,2026-01-25,NR,D,B,0,76710,2026-03-16,KA,Y,1
TFB-102587,POL-673470,2026-02-15,D,C,A,1,76701,2026-05-11,B,Y,0
TFB-102588,POL-676102,2026-03-21,C,T,A,0,78205,2026-04-20,I,Y,0
TFB-102589,POL-617014,2026-04-02,NR,H,C,0,76710,2026-05-30,GIL,Y,0
TFB-102590,POL-950367,2026-01-30,NR,D,B,0,76701,2026-03-15,CDF,N,0
TFB-102591,POL-611820,2026-02-09,NR,T,C,0,77002,2026-03-15,CJL,N,0
TFB-102592,POL-928820,2026-03-04,NR,H,A,0,75201,2026-04-06,L,Y,0
TFB-102593,POL-871276,2026-02-02,C,D,A,0,76712,2026-02-26,DI,N,0
TFB-102594,POL-822202,2026-03-10,NR,H,A,1,76712,2026-05-25,BFH,Y,0
TFB-102595,POL-786082,2026-03-08,NR,D,A,0,76712,2026-05-01,B,Y,0
TFB-102596,POL-877321,2026-02-10,D,T,B,0,75201,2026-03-05,L,N,0
TFB-102597,POL-771585,2026-01-05,NR,C,A,1,76701,2025-12-31,FK,Y,1
TFB-102598,POL-614694,2026-02-06,D,C,C,0,77002,2026-03-14,GIJ,N,0
TFB-102599,POL-637718,2026-02-02,NR,H,C,0,77002,2026-03-06,IFA,Y,0
TFB-102600,POL-557962,2026-01-25,D,H,C,0,79901,2026-02-10,JL,Y,0
TFB-102601,POL-986779,2026-02-20,NR,C,A,0,76701,2026-04-05,FH,N,0
TFB-102602,POL-603632,2026-02-06,NR,C,A,0,79901,2026-03-02,F,Y,0
TFB-102603,POL-667018,2026-04-02,D,T,C,0,76701,2026-05-24,C,N,0
TFB-102604,POL-714650,2026-01-10,D,H,C,0,76712,2026-02-15,AD,N,0
TFB-102605,POL-597562,2026-03-25,NR,C,B,0,78205,2026-05-08,F,Y,0
TFB-102606,POL-687387,2026-04-15,C,D,C,1,77002,2026-06-18,AE,Y,0
TFB-102607,POL-644079,2026-02-23,D,H,C,1,76712,2026-04-25,CH,Y,0
TFB-102608,POL-686723,2026-02-19,C,T,A,1,79901,2026-04-27,KL,N,0
TFB-102609,POL-898695,2026-03-05,C,H,A,0,78701,2026-04-02,I,Y,0
TFB-102610,POL-935798,2026-01-23,NR,T,A,0,78205,2026-03-03,ACD,Y,0
TFB-102611,POL-695841,2026-03-25,D,C,C,0,79901,2026-04-12,BG,Y,0
TFB-102612,POL-562190,2026-01-17,NR,D,A,0,78205,2026-02-23,L,Y,0
TFB-102613,POL-687204,2026-02-12,D,C,B,0,76701,2026-03-06,AEG,Y,0
TFB-102614,POL-886824,2026-03-19,C,H,B,0,77002,2026-04-18,G,N,0
TFB-102615,POL-564315,2026-01-03,C,D,A,1,79901,2026-03-22,GI,Y,0
TFB-102616,POL-716021,2026-04-15,C,D,C,0,76710,2026-05-08,BEG,Y,0
TFB-102617,POL-645417,2026-04-07,D,C,A,1,76710,2026-07-03,BFG,Y,0
TFB-102618,POL-851079,2026-04-02,D,D,B,0,75201,2026-04-22,EJ,N,0
TFB-102619,POL-974564,2026-04-13,D,T,C,0,76701,2026-05-16,ACF,Y,0
TFB-102620,POL-533447,2026-04-09,C,D,C,0,76710,2026-05-06,L,Y,0
TFB-102621,POL-713669,2026-02-26,D,C,A,0,76701,2026-04-17,BDE,Y,0
TFB-102622,POL-937985,2026-01-03,C,D,B,0,75201,2026-02-25,I,Y,0
TFB-102623,POL-903293,2026-01-30,C,C,A,1,77002,2026-04-20,DG,Y,0
TFB-102624,POL-984030,2026-03-11,C,C,A,1,77002,2026-06-09,HI,Y,0
TFB-102625,POL-543778,2026-04-14,D,H,A,0,,2026-04-29,AHJ,Y,0
TFB-102626,POL-523033,2026-02-24,D,C,B,0,76710,2026-03-22,GHI,N,0
TFB-102627,POL-781082,2026-01-12,D,D,B,0,75201,2026-01-07,A,Y,0
TFB-102628,POL-655072,2026-04-12,C,H,B,0,78205,2026-04-30,AE,Y,0
TFB-102629,POL-739019,2026-01-18,D,C,C,0,76701,2026-02-26,AEI,Y,0
TFB-102630,POL-561971,2026-04-11,C,T,B,1,77002,2026-07-09,AD,N,0
TFB-102631,POL-754434,2026-01-07,C,C,B,1,,2026-03-11,F,Y,0
TFB-102632,POL-785274,2026-03-10,D,H,C,0,78205,2026-04-21,AIJ,N,0
TFB-102633,POL-517326,2026-03-09,NR,D,C,0,76710,2026-04-09,IGB,N,0
TFB-102634,POL-633829,2026-02-15,C,C,A,1,78701,2026-05-07,EHI,Y,0
TFB-102635,POL-603159,2026-02-17,C,H,B,1,76712,2026-04-29,EK,Y,1
TFB-102636,POL-536239,2026-03-18,C,H,A,1,75201,2026-06-01,I,Y,0
TFB-102637,POL-667074,2026-02-04,C,D,B,0,75201,2026-03-07,IK,N,0
TFB-102638,POL-573500,2026-04-05,C,D,B,1,77002,2026-06-06,BC,N,0
TFB-102639,POL-629496,2026-01-20,NR,T,C,1,76701,2026-04-02,E,Y,0
TFB-102640,POL-813913,2026-02-09,D,H,B,1,76701,2026-04-11,DEH,Y,0
TFB-102641,POL-809886,2026-03-28,C,D,A,1,78701,2026-06-21,FI,Y,0
TFB-102642,POL-561724,2026-03-08,NR,H,A,0,75201,2026-04-14,D,N,0
TFB-102643,POL-977309,2026-01-22,D,D,B,0,79901,2026-02-19,BL,N,0
TFB-102644,POL-888251,2026-02-12,C,H,C,1,,2026-04-20,F,N,0
TFB-102645,POL-867050,2026-01-11,NR,C,B,0,79901,2026-03-08,ACL,Y,0
TFB-102646,POL-716638,2026-04-13,NR,D,B,0,76701,2026-05-21,D,Y,0
TFB-102647,POL-695388,2026-02-01,C,D,C,1,76712,2026-05-01,DF,Y,0
TFB-102648,POL-834164,2026-02-13,NR,T,C,0,75201,2026-03-12,DL,Y,0
TFB-102649,POL-571105,2026-01-12,D,H,C,0,75201,2026-03-10,CFI,N,0
TFB-102650,POL-939167,2026-03-31,D,C,C,0,77002,2026-05-29,I,Y,0
TFB-102651,POL-545496,2026-01-27,D,D,A,1,78701,2026-04-26,AHK,N,0
TFB-102652,POL-522894,2026-01-09,NR,C,B,0,76701,2026-02-23,BEL,Y,0
TFB-102653,POL-550339,2026-03-04,NR,H,A,0,78701,2026-03-24,B,Y,0
TFB-102654,POL-820945,2026-01-08,C,D,A,1,75201,2026-03-13,AGJ,Y,0
TFB-102655,POL-846666,2026-04-17,NR,H,B,1,78205,2026-06-26,HJL,Y,0
TFB-102656,POL-766920,2026-03-09,D,D,A,0,76712,2026-04-09,BH,Y,0
TFB-102657,POL-617314,2026-02-09,C,H,B,0,77002,2026-03-11,HI,Y,0
TFB-102658,POL-874160,2026-02-07,C,C,B,0,79901,2026-03-09,EJ,Y,0
TFB-102659,POL-879968,2026-03-02,C,D,C,0,78701,2026-04-30,ACK,N,0
TFB-102660,POL-511881,2026-02-22,C,D,B,0,76710,2026-03-27,F,Y,0
TFB-102661,POL-901426,2026-01-10,C,C,C,0,75201,2026-03-10,CHK,N,0
TFB-102662,POL-874864,2026-03-23,NR,C,C,1,78701,2026-06-14,G,Y,0
TFB-102663,POL-979168,2026-04-08,D,T,C,0,76701,2026-05-08,J,Y,0
TFB-102664,POL-600003,2026-03-19,D,H,C,1,78701,2026-05-18,BFJ,N,0
TFB-102665,POL-590120,2026-03-09,NR,T,B,1,78701,2026-06-05,CDG,Y,0
TFB-102666,POL-960377,2026-03-20,C,C,B,1,79901,2026-05-19,CDL,Y,0
TFB-102667,POL-559093,2026-01-14,D,H,A,0,76701,2026-02-03,F,Y,0
TFB-102668,POL-549793,2026-02-03,D,D,B,1,76710,2026-04-30,E,N,0
TFB-102669,POL-526176,2026-04-12,D,H,A,1,76701,2026-06-12,CJ,Y,0
TFB-102670,POL-805162,2026-04-04,C,C,A,1,79901,2026-06-22,FG,Y,0
TFB-102671,POL-719064,2026-01-29,NR,D,B,0,76701,2026-03-27,ADI,N,0
TFB-102672,POL-938685,2026-01-25,NR,T,A,1,78205,2026-04-07,CL,Y,0
TFB-102673,POL-978372,2026-03-03,NR,T,C,0,77002,2026-03-27,AH,N,0
TFB-102674,POL-940376,2026-02-20,C,H,C,1,76712,2026-05-19,E,N,0
TFB-102675,POL-891860,2026-03-13,D,D,A,0,78701,2026-04-20,CGI,Y,0
TFB-102676,POL-801461,2026-02-15,C,C,C,0,78205,2026-03-07,K,Y,1
TFB-102677,POL-519275,2026-02-06,D,H,C,1,76712,2026-04-11,ABG,N,0
TFB-102678,POL-745295,2026-03-18,C,C,B,1,76710,2026-06-12,AIJ,N,0
TFB-102679,POL-701838,2026-04-13,NR,D,C,0,76701,2026-05-30,EHL,N,0
TFB-102680,POL-975641,2026-04-08,NR,T,C,1,78701,2026-06-07,FG,Y,0
TFB-102681,POL-606532,2026-01-28,C,C,A,0,77002,2026-02-28,G,Y,0
TFB-102682,POL-873997,2026-03-25,C,D,C,0,78205,2026-04-12,BCG,N,0
TFB-102683,POL-602236,2026-03-17,D,C,C,0,75201,2026-04-06,EI,Y,0
TFB-102684,POL-965394,2026-02-18,D,D,B,0,76701,2026-04-14,D,Y,0
TFB-102685,POL-699988,2026-03-06,NR,C,C,1,77002,2026-05-20,B,Y,0
TFB-102686,POL-887212,2026-01-30,NR,D,A,1,78701,2026-04-27,GK,Y,1
TFB-102687,POL-520885,2026-04-11,C,C,C,0,76712,2026-05-23,DGJ,Y,0
TFB-102688,POL-646036,2026-03-09,C,C,C,0,77002,2026-04-18,H,Y,0
TFB-102689,POL-876342,2026-02-23,D,D,C,0,76701,2026-04-09,G,N,0
TFB-102690,POL-607218,2026-03-05,NR,D,A,0,78205,2026-04-12,CDH,N,0
TFB-102691,POL-747609,2026-01-09,C,C,B,1,76710,2026-04-07,AH,Y,0
TFB-102692,POL-766509,2026-03-29,C,H,B,0,76701,2026-05-02,EG,N,0
TFB-102693,POL-805095,2026-03-25,NR,D,B,1,76710,2026-06-07,AH,Y,0
TFB-102694,POL-867005,2026-03-17,D,H,A,0,77002,2026-04-06,CD,Y,0
TFB-102695,POL-725605,2026-01-25,NR,C,A,0,77002,2026-02-16,EJ,Y,0
TFB-102696,POL-890678,2026-01-21,NR,C,A,0,78205,2026-03-17,L,N,0
TFB-102697,POL-616743,2026-01-17,D,C,B,0,76701,2026-03-11,E,Y,0
TFB-102698,POL-501372,2026-03-09,C,T,C,1,76701,2026-06-03,BFG,N,0
TFB-102699,POL-958328,2026-01-31,C,D,C,0,79901,2026-03-09,IJK,N,0
TFB-102700,POL-801800,2026-03-31,NR,C,B,1,,2026-06-07,EL,Y,0
TFB-102701,POL-849283,2026-01-27,NR,H,C,1,79901,2026-04-09,LH,N,0
TFB-102702,POL-646028,2026-01-30,D,C,C,1,76710,2026-04-19,CEJ,Y,0
TFB-102703,POL-624012,2026-01-19,D,D,B,1,76701,2026-03-23,H,N,0
TFB-102704,POL-818165,2026-03-07,NR,H,B,0,75201,2026-04-06,AFJ,Y,0
TFB-102705,POL-508516,2026-04-14,NR,D,C,0,76701,2026-06-12,HK,N,0
TFB-102706,POL-679258,2026-04-02,C,T,B,0,77002,2026-05-09,BGK,Y,1
TFB-102707,POL-762485,2026-03-05,C,H,A,1,76710,2026-05-05,H,Y,0
TFB-102708,POL-771322,2026-03-04,NR,H,B,1,78205,2026-06-01,DJ,Y,0
TFB-102709,POL-916707,2026-01-09,D,H,C,0,76701,2026-02-17,IL,N,0
TFB-102710,POL-802129,2026-02-03,NR,D,C,1,79901,2026-04-13,I,Y,0
TFB-102711,POL-886126,2026-04-14,NR,H,B,1,76701,2026-07-11,DFI,Y,0
TFB-102712,POL-556283,2026-02-24,D,T,B,0,76701,2026-03-13,H,Y,0
TFB-102713,POL-687831,2026-01-20,D,H,B,0,76701,2026-02-06,CD,N,0
TFB-102714,POL-653311,2026-03-21,NR,C,B,1,76712,2026-05-30,J,N,0
TFB-102715,POL-858547,2026-02-05,NR,T,B,0,76710,2026-03-08,CJL,Y,0
TFB-102716,POL-720062,2026-01-06,C,T,A,1,76701,2026-03-21,BFG,Y,0
TFB-102717,POL-674702,2026-02-05,D,D,B,0,79901,2026-02-20,BIK,Y,1
TFB-102718,POL-913159,2026-04-01,C,D,B,1,76710,2026-06-12,B,Y,0
TFB-102719,POL-858052,2026-01-15,NR,T,B,0,78701,2026-03-08,AC,N,0
TFB-102720,POL-863314,2026-03-30,C,C,B,0,78205,2026-05-07,GK,Y,1
TFB-102721,POL-532604,2026-03-05,C,C,C,0,75201,2026-04-17,EF,Y,0
TFB-102722,POL-555196,2026-04-05,NR,T,C,0,78701,2026-05-27,DEJ,Y,0
TFB-102723,POL-865209,2026-03-18,D,H,A,0,79901,2026-04-30,DEG,N,0
TFB-102724,POL-524399,2026-03-22,C,C,A,1,76712,2026-05-24,FK,Y,1
TFB-102725,POL-807397,2026-02-22,D,D,B,0,75201,2026-04-17,F,Y,0
TFB-102726,POL-558165,2026-03-15,C,D,A,1,78701,2026-05-18,A,N,0
TFB-102727,POL-556116,2026-02-28,D,D,A,1,76710,2026-05-01,BE,Y,0
TFB-102728,POL-520427,2026-02-07,D,H,A,1,77002,2026-04-14,HJ,Y,0
TFB-102729,POL-905770,2026-02-08,C,H,C,0,76710,2026-02-24,AGJ,Y,0
TFB-102730,POL-609951,2026-03-20,NR,T,B,0,78701,2026-05-13,AB,N,0
TFB-102731,POL-986148,2026-03-12,C,D,B,1,78205,2026-05-18,CJ,Y,0
TFB-102732,POL-583115,2026-02-19,D,H,A,1,78205,2026-05-16,L,Y,0
TFB-102733,POL-843180,2026-03-27,D,D,C,0,75201,2026-04-15,DH,N,0
TFB-102734,POL-722882,2026-04-12,C,T,C,1,79901,2026-06-13,J,N,0
TFB-102735,POL-988740,2026-04-11,D,C,C,1,78205,2026-06-12,I,N,0
TFB-102736,POL-530254,2026-04-16,NR,T,A,1,75201,2026-06-25,BGL,Y,0
TFB-102737,POL-802281,2026-03-04,C,D,A,0,76712,2026-04-04,I,N,0
TFB-102738,POL-840059,2026-02-05,D,H,B,1,78205,2026-05-04,C,Y,0
TFB-102739,POL-957473,2026-03-09,D,H,C,0,78205,2026-04-19,B,Y,0
TFB-102740,POL-597758,2026-04-02,C,D,B,0,78205,2026-04-19,BEJ,Y,0
TFB-102741,POL-714408,2026-01-09,C,C,C,1,76712,2026-03-13,EFK,Y,0
TFB-102742,POL-544195,2026-02-02,C,H,B,0,79901,2026-03-07,HK,Y,1
TFB-102743,POL-748114,2026-01-31,D,T,C,0,79901,2026-02-17,J,Y,0
TFB-102744,POL-886317,2026-04-10,NR,C,C,0,76701,2026-04-05,ABJ,Y,0
TFB-102745,POL-582117,2026-03-13,C,D,B,1,79901,2026-05-15,GHJ,N,0
TFB-102746,POL-903951,2026-04-05,D,C,C,1,77002,2026-06-04,ADH,Y,0
TFB-102747,POL-577187,2026-01-30,C,D,B,1,75201,2026-04-01,B,Y,0
TFB-102748,POL-501384,2026-01-23,D,C,C,0,76710,2026-03-17,BGH,Y,0
TFB-102749,POL-893767,2026-01-13,C,D,C,0,77002,2026-02-26,AHI,N,0
TFB-102750,POL-815540,2026-03-13,NR,C,B,0,75201,2026-04-09,DF,N,0
TFB-102751,POL-933514,2026-02-11,D,D,A,0,76710,2026-04-03,JL,N,0
TFB-102752,POL-906338,2026-02-18,D,D,B,0,78205,2026-03-11,EFJ,Y,0
TFB-102753,POL-994997,2026-04-18,D,D,A,1,76710,2026-07-16,EFL,Y,0
TFB-102754,POL-731733,2026-04-15,C,H,A,1,75201,2026-06-20,CH,Y,0
TFB-102755,POL-624128,2026-03-31,NR,H,A,0,75201,2026-05-25,BCD,Y,0
TFB-102756,POL-997270,2026-04-19,D,D,C,1,76701,2026-06-27,F,N,0
TFB-102757,POL-900311,2026-04-02,NR,T,B,1,76701,2026-06-16,DEK,Y,1
TFB-102758,POL-904062,2026-01-17,C,C,C,0,76701,2026-02-03,E,Y,0
TFB-102759,POL-876272,2026-02-11,NR,H,B,0,78701,2026-03-22,AE,Y,0
TFB-102760,POL-882394,2026-04-10,D,D,C,0,78205,2026-05-07,J,Y,0
TFB-102761,POL-815912,2026-03-25,D,C,B,0,76712,2026-05-07,IKL,N,0
TFB-102762,POL-916847,2026-02-03,D,C,B,1,76710,2026-04-06,HJ,Y,0
TFB-102763,POL-680713,2026-02-08,NR,C,B,0,79901,2026-04-08,A,N,0
TFB-102764,POL-769631,2026-04-04,D,D,B,0,76710,2026-05-11,FHJ,Y,0
TFB-102765,POL-814309,2026-03-24,C,C,B,0,79901,2026-05-08,D,N,0
TFB-102766,POL-827509,2026-04-06,C,D,B,0,76701,2026-04-22,I,Y,0
TFB-102767,POL-701896,2026-03-23,C,T,A,1,76710,2026-06-18,G,Y,0
TFB-102768,POL-766375,2026-01-27,NR,D,A,1,76710,2026-04-21,J,Y,0
TFB-102769,POL-682094,2026-02-03,D,H,A,0,76710,2026-03-03,H,Y,0
TFB-102770,POL-843237,2026-01-31,C,C,C,0,79901,2026-03-08,H,N,0
TFB-102771,POL-528092,2026-03-06,D,D,B,0,76710,2026-03-30,F,Y,0
TFB-102772,POL-889541,2026-02-10,C,T,A,0,76710,2026-03-06,I,N,0
TFB-102773,POL-716433,2026-02-06,NR,C,B,1,76712,2026-04-20,H,Y,0
TFB-102774,POL-618907,2026-01-09,C,H,A,0,79901,2026-02-02,L,Y,0
TFB-102775,POL-867498,2026-03-14,D,D,B,1,78205,2026-06-08,CDL,N,0
TFB-102776,POL-919594,2026-02-14,C,C,C,1,76712,2026-04-27,AB,N,0
TFB-102777,POL-662609,2026-01-28,D,H,C,0,78205,2026-03-07,AB,N,0
TFB-102778,POL-811355,2026-03-28,NR,T,A,0,76710,2026-05-18,D,N,0
TFB-102779,POL-755950,2026-04-16,D,C,B,0,75201,2026-05-19,DGK,Y,1
TFB-102780,POL-717599,2026-01-02,NR,T,B,0,78205,2026-02-20,BE,N,0
TFB-102781,POL-698272,2026-03-08,NR,H,B,0,79901,2026-04-16,CI,Y,0
TFB-102782,POL-620596,2026-01-03,D,T,B,1,76710,2026-03-26,HL,Y,0
TFB-102783,POL-941876,2026-02-01,C,C,B,0,78701,2026-03-05,K,Y,1
TFB-102784,POL-809768,2026-03-10,NR,T,C,1,76712,2026-06-08,HJL,Y,0
TFB-102785,POL-661604,2026-01-11,NR,T,B,1,,2026-03-23,K,Y,1
TFB-102786,POL-914668,2026-01-13,NR,C,C,0,77002,2026-02-23,B,Y,0
TFB-102787,POL-926677,2026-02-06,NR,D,B,1,75201,2026-04-18,K,Y,1
TFB-102788,POL-708804,2026-02-04,NR,H,B,0,76710,2026-03-12,BHK,Y,0
TFB-102789,POL-889885,2026-03-13,C,D,A,0,78205,2026-05-04,AEI,N,0
TFB-102790,POL-879794,2026-04-11,D,H,C,0,76710,2026-05-03,AC,Y,0
TFB-102791,POL-654555,2026-02-04,D,H,C,1,76710,2026-04-28,BCJ,Y,0
TFB-102792,POL-932377,2026-03-17,NR,D,C,1,76701,2026-05-28,CHI,Y,0
TFB-102793,POL-968366,2026-04-09,NR,H,C,1,78205,2026-06-27,D,Y,0
TFB-102794,POL-842161,2026-01-20,D,T,A,0,75201,2026-02-05,A,Y,0
TFB-102795,POL-639421,2026-03-06,C,C,C,0,76710,2026-04-20,D,Y,0
TFB-102796,POL-843356,2026-04-16,NR,H,B,0,76712,2026-05-05,F,Y,0
TFB-102797,POL-802220,2026-04-02,NR,D,A,0,76712,2026-04-29,K,N,0
TFB-102798,POL-605145,2026-03-08,C,H,B,0,76712,2026-04-17,I,Y,0
TFB-102799,POL-590325,2026-03-22,NR,D,C,0,75201,2026-05-14,BDJ,Y,0
TFB-102800,POL-735930,2026-02-04,NR,D,A,0,75201,2026-03-24,AL,Y,0
TFB-102801,POL-829346,2026-02-28,NR,T,C,0,79901,2026-04-24,DE,Y,0
TFB-102802,POL-748208,2026-01-10,D,T,A,1,76701,2026-03-26,L,N,0
TFB-102803,POL-830218,2026-01-31,NR,H,C,1,79901,2026-04-22,J,Y,0
TFB-102804,POL-684520,2026-02-11,D,D,A,0,77002,2026-03-04,A,N,0
TFB-102805,POL-872036,2026-02-27,C,D,A,1,76712,2026-05-16,J,N,0
TFB-102806,POL-699929,2026-01-05,C,D,B,0,78205,2026-02-09,DH,Y,0
TFB-102807,POL-894991,2026-02-24,NR,C,B,0,76701,2026-04-11,BFK,Y,1
TFB-102808,POL-989849,2026-04-12,NR,D,A,0,78701,2026-05-20,CEI,N,0
TFB-102809,POL-527253,2026-01-14,NR,H,C,1,76712,2026-03-24,AI,Y,0
TFB-102810,POL-993235,2026-03-13,C,C,C,0,78205,2026-04-30,ADK,Y,1
TFB-102811,POL-589267,2026-04-02,C,H,C,1,76712,2026-06-01,CD,N,0
TFB-102812,POL-876206,2026-01-25,NR,H,C,1,77002,2026-04-02,ADJ,N,0
TFB-102813,POL-527188,2026-01-14,D,C,C,0,75201,2026-03-10,F,Y,0
TFB-102814,POL-930153,2026-01-04,NR,T,C,0,75201,2026-02-10,BL,Y,0
TFB-102815,POL-926645,2026-04-15,NR,T,A,0,77002,2026-05-08,CL,Y,0
TFB-102816,POL-838451,2026-01-11,D,C,C,1,76701,2026-03-19,CK,Y,1
TFB-102817,POL-881029,2026-02-02,NR,T,B,0,79901,2026-03-23,F,Y,0
TFB-102818,POL-694165,2026-03-25,C,T,A,0,79901,2026-05-01,ABK,Y,1
TFB-102819,POL-734302,2026-01-02,NR,T,A,0,79901,2026-02-23,GL,N,0
TFB-102820,POL-890357,2026-01-05,C,H,C,0,76710,2026-02-04,ABC,Y,0
TFB-102821,POL-877125,2026-04-04,D,C,B,0,76701,2026-05-20,L,Y,0
TFB-102822,POL-635778,2026-04-10,D,D,C,0,77002,2026-05-02,DL,N,0
TFB-102823,POL-808977,2026-02-22,NR,H,A,0,76712,2026-03-09,H,Y,0
TFB-102824,POL-949424,2026-03-20,C,C,B,0,76710,2026-04-27,GI,N,0
TFB-102825,POL-636157,2026-04-07,C,T,A,0,76701,2026-05-02,DK,Y,0
TFB-102826,POL-897571,2026-03-01,NR,C,B,1,76710,2026-05-23,C,Y,0
TFB-102827,POL-534998,2026-01-14,D,C,C,1,78205,2026-03-18,D,Y,0
TFB-102828,POL-832776,2026-01-22,D,H,A,0,76701,2026-03-14,BIK,Y,1
TFB-102829,POL-939493,2026-03-30,NR,H,B,0,77002,2026-05-03,FJK,Y,0
TFB-102830,POL-709894,2026-03-02,D,C,A,0,76701,2026-04-03,C,N,0
TFB-102831,POL-687940,2026-02-22,NR,T,A,0,78205,2026-04-10,B,N,0
TFB-102832,POL-670579,2026-01-30,D,D,B,1,76712,2026-04-09,FG,N,0
TFB-102833,POL-977342,2026-04-07,D,T,B,1,75201,2026-07-01,EB,N,0
TFB-102834,POL-946635,2026-02-07,D,D,A,0,78205,2026-03-27,BC,Y,0
TFB-102835,POL-806620,2026-04-13,NR,D,A,1,78701,2026-04-08,FJ,Y,0
TFB-102836,POL-627921,2026-02-08,C,D,C,1,76712,2026-04-24,LFA,Y,0
TFB-102837,POL-655364,2026-01-09,D,H,A,1,77002,2026-03-12,BCJ,Y,0
TFB-102838,POL-807168,2026-02-24,NR,T,A,0,78205,2026-04-07,GH,N,0
TFB-102839,POL-681280,2026-03-30,NR,H,A,1,79901,2026-06-28,DK,Y,1
TFB-102840,POL-947573,2026-03-14,NR,H,C,0,78205,2026-04-13,BK,N,0
TFB-102841,POL-912304,2026-01-23,C,T,C,0,75201,2026-03-12,IJ,Y,0
TFB-102842,POL-592659,2026-02-02,D,D,B,0,78701,2026-03-26,BFL,Y,0
TFB-102843,POL-939931,2026-01-11,NR,H,B,1,75201,2026-03-13,BEF,N,0
TFB-102844,POL-889650,2026-01-02,D,T,C,0,78701,2026-02-27,BD,N,0
TFB-102845,POL-835222,2026-02-24,C,D,B,0,76710,2026-04-13,E,N,0
TFB-102846,POL-612294,2026-03-27,C,C,B,0,78205,2026-05-18,CGK,N,0
TFB-102847,POL-604662,2026-04-08,D,T,A,0,75201,2026-04-24,DH,N,0
TFB-102848,POL-676955,2026-03-09,D,T,A,0,76710,2026-05-07,A,N,0
TFB-102849,POL-992497,2026-01-05,NR,H,C,0,79901,2026-02-03,A,Y,0
TFB-102850,POL-645394,2026-03-17,C,D,A,0,75201,2026-04-12,BF,N,0
TFB-102851,POL-524587,2026-04-02,C,C,C,0,76710,2026-05-30,A,Y,0
TFB-102852,POL-517486,2026-02-10,D,T,B,1,76701,2026-05-02,CL,N,0
TFB-102853,POL-771986,2026-01-16,NR,T,B,0,76701,2026-03-11,CEG,N,0
TFB-102854,POL-738455,2026-02-16,NR,D,B,1,76712,2026-04-30,BDE,Y,0
TFB-102855,POL-827561,2026-02-27,C,D,C,1,76710,2026-05-14,FG,Y,0
TFB-102856,POL-946365,2026-03-07,D,D,C,0,76712,2026-03-28,EH,N,0
TFB-102857,POL-538804,2026-02-10,NR,D,B,0,75201,2026-03-31,DHJ,Y,0
TFB-102858,POL-674346,2026-02-11,NR,H,A,0,79901,2026-02-27,BEL,Y,0
TFB-102859,POL-817809,2026-01-20,NR,T,B,0,77002,2026-02-17,AEK,Y,1
TFB-102860,POL-690094,2026-02-20,C,T,A,0,78701,2026-03-26,BEF,N,0
TFB-102861,POL-503758,2026-03-24,D,D,C,0,78205,2026-04-20,BCK,N,0
TFB-102862,POL-893898,2026-01-12,D,C,C,1,79901,2026-03-13,EK,N,0
TFB-102863,POL-542867,2026-02-08,C,T,C,1,76701,2026-05-01,BJ,Y,0
TFB-102864,POL-754386,2026-01-31,D,H,B,1,78701,2026-04-05,B,Y,0
TFB-102865,POL-719635,2026-03-23,D,C,C,1,79901,2026-06-20,EH,N,0
TFB-102866,POL-824260,2026-01-02,NR,C,C,1,78701,2026-03-09,E,Y,0
TFB-102867,POL-980514,2026-01-06,D,H,B,1,,2026-03-17,ABI,Y,0
TFB-102868,POL-593160,2026-03-23,D,D,C,1,76712,2026-06-15,B,Y,0
TFB-102869,POL-692329,2026-02-07,D,H,C,1,76701,2026-04-22,JK,N,0
TFB-102870,POL-829029,2026-04-13,NR,T,B,1,77002,2026-07-01,DFG,Y,0
TFB-102871,POL-749384,2026-03-12,D,D,A,0,76710,2026-05-08,GH,Y,0
TFB-102872,POL-580775,2026-02-26,NR,D,C,0,76701,2026-04-06,B,N,0
TFB-102873,POL-706730,2026-02-02,D,H,C,0,79901,2026-02-27,J,Y,0
TFB-102874,POL-898429,2026-02-07,NR,D,C,1,78205,2026-04-24,DG,N,0
TFB-102875,POL-958919,2026-03-11,NR,C,B,0,76712,2026-03-28,DF,N,0
TFB-102876,POL-870142,2026-03-21,C,H,A,0,75201,2026-04-11,H,Y,0
TFB-102877,POL-933077,2026-03-03,NR,D,B,1,76712,2026-05-18,I,Y,0
TFB-102878,POL-532838,2026-03-14,NR,C,B,1,76712,2026-03-09,BKL,Y,1
TFB-102879,POL-724337,2026-04-18,D,H,A,1,75201,2026-07-10,ACJ,Y,0
TFB-102880,POL-658961,2026-01-14,D,C,A,0,77002,2026-03-03,DI,N,0
TFB-102881,POL-876651,2026-01-31,D,H,B,1,76701,2026-04-11,H,N,0
TFB-102882,POL-790090,2026-04-02,D,D,B,1,76701,2026-07-01,ACI,Y,0
TFB-102883,POL-675711,2026-03-05,NR,T,C,0,76710,2026-05-02,IL,Y,0
TFB-102884,POL-965246,2026-02-23,D,H,B,0,78701,2026-04-07,AD,N,0
TFB-102885,POL-750153,2026-01-07,D,C,A,0,76712,2026-02-03,BCG,Y,0
TFB-102886,POL-972396,2026-03-10,NR,T,A,1,77002,2026-06-07,CIJ,N,0
TFB-102887,POL-728730,2026-02-18,NR,C,A,1,76710,2026-05-10,ABD,Y,0
TFB-102888,POL-896429,2026-01-03,NR,H,B,0,77002,2026-01-22,F,Y,0
TFB-102889,POL-955463,2026-02-19,NR,D,B,0,76710,2026-03-11,F,Y,0
TFB-102890,POL-898752,2026-03-12,D,C,B,0,78701,2026-05-01,GJ,Y,0
TFB-102891,POL-855555,2026-02-06,C,C,A,1,76712,2026-04-30,I,Y,0
TFB-102892,POL-942490,2026-01-28,NR,T,C,0,76710,2026-02-21,K,Y,1
TFB-102893,POL-721420,2026-02-18,D,C,A,0,76701,2026-03-10,I,Y,0
TFB-102894,POL-931188,2026-01-07,NR,T,A,0,75201,2026-01-30,AD,Y,0
TFB-102895,POL-594994,2026-04-04,D,D,A,0,75201,2026-05-10,DG,N,0
TFB-102896,POL-905597,2026-04-04,C,D,C,0,78701,2026-04-30,AC,Y,0
TFB-102897,POL-858808,2026-03-27,NR,C,A,0,76712,2026-05-21,I,Y,0
TFB-102898,POL-518056,2026-04-05,C,T,A,0,78701,2026-05-19,G,N,0
TFB-102899,POL-705473,2026-03-06,C,T,C,0,77002,2026-04-06,ABC,Y,0
TFB-102900,POL-723822,2026-03-04,NR,H,A,0,78701,2026-04-18,AIK,Y,1
TFB-102901,POL-704380,2026-01-27,D,D,A,1,79901,2026-04-17,DF,N,0
TFB-102902,POL-999232,2026-04-18,NR,C,C,0,78701,2026-05-27,HJK,Y,1
TFB-102903,POL-817321,2026-01-19,D,T,C,1,,2026-03-25,B,Y,0
TFB-102904,POL-655043,2026-04-01,D,H,A,1,75201,2026-06-29,AB,Y,0
TFB-102905,POL-952937,2026-04-10,C,T,A,1,,2026-06-20,AFL,Y,0
TFB-102906,POL-923745,2026-04-12,NR,T,C,1,78205,2026-07-08,E,N,0
TFB-102907,POL-929409,2026-03-14,C,D,A,0,76710,2026-04-14,IJ,Y,0
TFB-102908,POL-795614,2026-03-21,NR,D,C,0,76701,2026-04-29,I,Y,0
TFB-102909,POL-574678,2026-01-26,C,C,A,1,76712,2026-04-16,AC,Y,0
TFB-102910,POL-635343,2026-04-10,NR,C,A,0,78701,2026-05-31,DEF,Y,0
TFB-102911,POL-919671,2026-02-03,D,H,B,0,78205,2026-03-17,FGK,Y,1
TFB-102912,POL-862386,2026-01-30,NR,T,A,1,79901,2026-04-16,I,Y,0
TFB-102913,POL-680038,2026-01-28,D,H,A,0,76701,2026-03-18,H,Y,0
TFB-102914,POL-601123,2026-01-29,NR,H,C,0,79901,2026-03-12,AJ,Y,0
TFB-102915,POL-722318,2026-02-06,D,T,A,0,76701,2026-04-05,CIL,N,0
TFB-102916,POL-914001,2026-01-10,NR,C,C,1,76712,2026-03-11,ACK,Y,1
TFB-102917,POL-656461,2026-04-07,C,C,B,1,75201,2026-06-11,ACF,N,0
TFB-102918,POL-707378,2026-01-26,C,C,B,1,76712,2026-04-08,CK,Y,1
TFB-102919,POL-510897,2026-03-14,NR,T,B,0,78205,2026-04-07,A,N,0
TFB-102920,POL-858043,2026-04-13,D,C,C,0,76712,2026-05-26,CIK,Y,1
TFB-102921,POL-537938,2026-01-11,D,T,B,1,78701,2026-04-10,DGK,Y,1
TFB-102922,POL-883696,2026-03-25,C,H,A,0,76712,2026-05-03,EHK,Y,0
TFB-102923,POL-989719,2026-01-02,C,H,A,0,79901,2026-01-24,B,N,0
TFB-102924,POL-931596,2026-01-21,NR,D,A,0,76712,2026-03-06,CFK,N,0
TFB-102925,POL-529734,2026-03-19,NR,C,A,1,78701,2026-05-26,BL,N,0
TFB-102926,POL-516859,2026-03-01,NR,D,A,0,75201,2026-04-02,F,N,0
TFB-102927,POL-566954,2026-02-04,D,C,A,0,79901,2026-02-23,CDK,Y,1
TFB-102928,POL-656148,2026-01-20,C,C,A,1,77002,2026-04-09,BH,Y,0
TFB-102929,POL-685155,2026-03-02,C,H,B,0,78701,2026-04-03,F,Y,0
TFB-102930,POL-954959,2026-02-01,C,C,A,0,78205,2026-03-13,ABD,N,0
TFB-102931,POL-954261,2026-04-13,NR,C,A,1,77002,2026-06-20,DJ,N,0
TFB-102932,POL-676122,2026-01-05,C,T,B,1,,2026-03-27,BG,N,0
TFB-102933,POL-769673,2026-03-22,C,C,B,0,78205,2026-05-08,HL,N,0
TFB-102934,POL-537960,2026-04-11,C,H,B,1,76701,2026-06-23,GIK,N,0
TFB-102935,POL-952013,2026-04-03,D,D,B,0,78701,2026-04-21,G,Y,0
TFB-102936,POL-560374,2026-02-02,D,D,B,1,77002,2026-04-27,GK,Y,0
TFB-102937,POL-832613,2026-03-28,NR,H,B,0,76710,2026-05-02,ABI,N,0
TFB-102938,POL-982158,2026-04-18,C,C,A,1,78205,2026-07-17,DIK,Y,0
TFB-102939,POL-994136,2026-04-08,C,T,C,0,76712,2026-06-05,K,Y,0
TFB-102940,POL-871707,2026-03-14,D,C,C,1,79901,2026-05-29,CFL,Y,0
TFB-102941,POL-921156,2026-02-11,D,D,B,1,79901,2026-05-02,AIK,N,0
TFB-102942,POL-843620,2026-02-18,NR,H,B,0,79901,2026-04-14,CEI,N,0
TFB-102943,POL-845334,2026-01-27,NR,D,B,0,78701,2026-02-18,A,Y,0
TFB-102944,POL-666139,2026-03-10,NR,H,A,0,76710,2026-05-08,L,Y,0
TFB-102945,POL-682327,2026-04-15,NR,T,A,1,78701,2026-06-19,AFK,N,0
TFB-102946,POL-513255,2026-03-23,NR,H,B,0,76701,2026-04-10,CDH,N,0
TFB-102947,POL-566522,2026-02-03,C,H,A,1,76710,2026-04-06,BGK,Y,1
TFB-102948,POL-701296,2026-03-21,C,D,A,1,75201,2026-06-19,DJ,N,0
TFB-102949,POL-953480,2026-04-17,D,T,B,0,76712,2026-04-12,EG,N,0
TFB-102950,POL-836562,2026-01-26,D,C,B,1,78205,2026-04-22,IL,N,0
TFB-102951,POL-902416,2026-03-16,NR,C,C,1,76710,2026-03-11,ACL,Y,0
TFB-102952,POL-663196,2026-03-18,NR,D,A,0,76712,2026-04-13,C,Y,0
TFB-102953,POL-859825,2026-01-25,D,D,A,1,79901,2026-04-06,EF,Y,0
TFB-102954,POL-858350,2026-04-07,NR,D,C,0,78701,2026-04-02,F,N,0
TFB-102955,POL-771550,2026-04-15,NR,C,B,0,76712,2026-06-13,D,Y,0
TFB-102956,POL-922107,2026-04-19,D,C,B,0,78701,2026-05-08,AK,Y,1
TFB-102957,POL-655882,2026-01-31,D,T,C,1,76712,2026-04-15,E,Y,0
TFB-102958,POL-534941,2026-01-05,D,D,A,0,79901,2026-02-23,DJ,N,0
TFB-102959,POL-976651,2026-02-02,C,H,B,0,79901,2026-03-26,L,N,0
TFB-102960,POL-810877,2026-03-27,D,C,A,0,78701,2026-04-25,BCD,Y,0
TFB-102961,POL-721586,2026-02-02,C,T,B,1,78205,2026-04-24,I,N,0
TFB-102962,POL-509488,2026-03-17,C,H,C,1,75201,2026-05-23,EGH,N,0
TFB-102963,POL-613366,2026-04-02,NR,D,A,0,78205,2026-05-10,ADG,Y,0
TFB-102964,POL-604326,2026-02-20,NR,C,C,0,76701,2026-03-23,AKL,Y,1
TFB-102965,POL-742520,2026-02-05,C,D,A,0,76712,2026-03-16,EG,Y,0
TFB-102966,POL-951258,2026-02-10,D,T,B,1,78701,2026-04-18,FK,Y,1
TFB-102967,POL-736564,2026-03-06,D,T,B,1,,2026-05-29,DL,Y,0
TFB-102968,POL-903859,2026-04-18,NR,C,C,0,76701,2026-05-26,AC,N,0
TFB-102969,POL-672535,2026-01-04,NR,H,C,0,78205,2026-02-18,FH,Y,0
TFB-102970,POL-753836,2026-02-04,C,T,A,0,78701,2026-02-24,AHL,Y,0
TFB-102971,POL-793688,2026-04-15,D,C,A,1,78205,2026-07-09,EK,Y,0
TFB-102972,POL-839029,2026-02-21,C,T,A,1,76712,2026-04-28,H,Y,0
TFB-102973,POL-683153,2026-02-03,NR,H,B,0,76710,2026-03-18,EIJ,Y,0
TFB-102974,POL-871555,2026-03-21,NR,C,C,1,76710,2026-06-14,E,Y,0
TFB-102975,POL-530147,2026-04-06,C,T,B,0,77002,2026-05-16,BIK,Y,1
TFB-102976,POL-643579,2026-04-21,D,H,C,0,79901,2026-06-11,E,N,0
TFB-102977,POL-538376,2026-01-10,D,D,A,1,,2026-04-09,CFG,Y,0
TFB-102978,POL-994051,2026-03-24,NR,C,C,0,78205,2026-05-02,D,Y,0
TFB-102979,POL-592606,2026-03-16,C,C,C,0,76710,2026-04-02,CJ,N,0
TFB-102980,POL-612072,2026-03-31,C,T,A,1,75201,2026-06-06,J,Y,0
TFB-102981,POL-890583,2026-04-01,NR,C,B,0,76701,2026-05-15,BGH,N,0
TFB-102982,POL-706280,2026-03-04,C,H,B,1,77002,2026-05-16,F,Y,0
TFB-102983,POL-613782,2026-01-08,NR,D,C,0,78701,2026-02-19,H,Y,0
TFB-102984,POL-933885,2026-02-13,D,D,C,1,77002,2026-05-04,DG,Y,0
TFB-102985,POL-582117,2026-02-20,C,C,B,1,76701,2026-04-28,AE,N,0
TFB-102986,POL-515445,2026-01-02,NR,C,A,1,76701,2026-03-20,F,N,0
TFB-102987,POL-666299,2026-04-20,NR,C,A,1,76701,2026-06-22,KL,N,0
TFB-102988,POL-926584,2026-04-17,NR,C,B,0,79901,2026-05-03,K,Y,1
TFB-102989,POL-684949,2026-04-16,NR,C,B,0,76701,2026-05-21,AJ,N,0
TFB-102990,POL-927343,2026-02-15,D,D,A,0,78205,2026-03-11,FI,N,0
TFB-102991,POL-881627,2026-03-29,D,H,A,0,76712,2026-05-15,FGK,N,0
TFB-102992,POL-535984,2026-04-16,D,T,C,0,78701,2026-05-24,L,N,0
TFB-102993,POL-798533,2026-02-04,C,H,A,1,78701,2026-04-07,EGK,N,0
TFB-102994,POL-843052,2026-04-15,NR,H,C,1,78701,2026-06-16,AE,Y,0
TFB-102995,POL-632362,2026-04-01,NR,C,A,0,78701,2026-04-25,E,N,0
TFB-102996,POL-677914,2026-02-24,D,C,A,0,77002,2026-03-18,E,Y,0
TFB-102997,POL-692033,2026-03-03,C,T,B,0,76701,2026-04-25,BFI,Y,0
TFB-102998,POL-778647,2026-02-17,NR,T,B,0,75201,2026-04-11,GL,Y,0
TFB-102999,POL-914278,2026-01-01,C,D,A,1,79901,2026-03-14,J,Y,0
TFB-103000,POL-963876,2026-03-12,D,C,B,1,78205,2026-06-06,BF,Y,0
TFB-103001,POL-986288,2026-03-08,D,T,B,0,77002,2026-05-03,A,N,0
TFB-103002,POL-836900,2026-01-27,C,D,A,1,79901,2026-04-03,B,N,0
TFB-103003,POL-554960,2026-04-19,D,D,C,1,75201,2026-07-17,H,Y,0
TFB-103004,POL-511757,2026-04-08,C,H,A,1,76710,2026-07-02,F,Y,0
TFB-103005,POL-730710,2026-03-05,NR,T,C,1,75201,2026-05-12,A,N,0
TFB-103006,POL-903849,2026-03-16,C,C,C,0,77002,2026-04-29,B,Y,0
TFB-103007,POL-799520,2026-03-01,NR,T,C,0,78205,2026-03-26,HJ,Y,0
TFB-103008,POL-685142,2026-04-12,D,H,B,0,78205,2026-05-29,AEH,N,0
TFB-103009,POL-709373,2026-02-03,C,C,C,1,75201,2026-04-23,CK,N,0
TFB-103010,POL-831478,2026-02-28,C,H,B,0,79901,2026-04-26,L,N,0
TFB-103011,POL-713966,2026-01-01,NR,H,A,1,75201,2026-03-07,LEA,Y,0
TFB-103012,POL-748195,2026-03-26,C,H,C,1,,2026-06-10,ACH,N,0
TFB-103013,POL-770991,2026-03-16,C,H,B,0,75201,2026-05-06,EGH,N,0
TFB-103014,POL-839582,2026-02-15,NR,C,B,0,75201,2026-04-12,BDG,Y,0
TFB-103015,POL-879269,2026-02-28,D,D,C,0,76701,2026-03-15,DEK,N,0
TFB-103016,POL-532821,2026-04-12,D,T,A,0,79901,2026-05-28,L,Y,0
TFB-103017,POL-692776,2026-04-02,D,T,A,0,77002,2026-05-18,AGL,Y,0
TFB-103018,POL-785540,2026-04-18,NR,H,A,0,76710,2026-06-02,C,Y,0
TFB-103019,POL-836254,2026-01-03,D,C,A,1,75201,2026-03-08,A,Y,0
TFB-103020,POL-736801,2026-01-23,D,D,B,1,75201,2026-04-13,JK,Y,0
TFB-103021,POL-581296,2026-02-03,D,T,C,0,76701,2026-03-07,BDK,N,0
TFB-103022,POL-799747,2026-01-12,C,T,C,1,78701,2026-03-23,H,Y,0
TFB-103023,POL-625372,2026-03-29,NR,T,B,1,,2026-06-23,BEH,N,0
TFB-103024,POL-831592,2026-04-05,NR,T,A,1,77002,2026-07-01,BFG,Y,0
TFB-103025,POL-653431,2026-01-21,C,C,A,0,75201,2026-03-12,AEG,N,0
TFB-103026,POL-611718,2026-01-19,NR,D,C,1,77002,2026-04-12,FHK,Y,0
TFB-103027,POL-720609,2026-01-18,D,H,A,1,76710,2026-04-02,DGJ,Y,0
TFB-103028,POL-809022,2026-01-14,C,T,A,0,76710,2026-02-25,G,N,0
TFB-103029,POL-969690,2026-04-19,D,D,C,1,76712,2026-07-09,G,Y,0
TFB-103030,POL-586132,2026-04-21,C,D,A,0,79901,2026-06-04,DF,Y,0
TFB-103031,POL-811200,2026-01-22,NR,C,A,0,78205,2026-02-22,ACF,N,0
TFB-103032,POL-513454,2026-03-23,NR,D,B,1,75201,2026-05-25,BCI,Y,0
TFB-103033,POL-681258,2026-02-18,D,C,C,1,76710,2026-05-15,IJL,Y,0
TFB-103034,POL-944324,2026-01-02,D,D,C,0,76701,2026-02-27,AF,Y,0
TFB-103035,POL-929642,2026-02-19,C,C,B,0,76712,2026-03-24,DG,Y,0
TFB-103036,POL-970141,2026-04-02,C,D,B,1,76701,2026-06-24,BF,N,0
TFB-103037,POL-574795,2026-04-10,C,T,A,0,78701,2026-05-16,CDI,Y,0
TFB-103038,POL-991242,2026-01-12,C,D,C,1,76710,2026-03-14,HIL,Y,0
TFB-103039,POL-612099,2026-01-09,NR,T,C,1,75201,2026-03-28,EK,Y,0
TFB-103040,POL-822231,2026-01-14,NR,C,B,1,76710,2026-03-20,D,Y,0
TFB-103041,POL-719007,2026-02-22,D,C,A,0,76701,2026-04-20,F,Y,0
TFB-103042,POL-783150,2026-03-17,C,C,C,0,78205,2026-04-09,BFI,Y,0
TFB-103043,POL-949338,2026-03-28,NR,T,C,0,78205,2026-04-14,AG,N,0
TFB-103044,POL-535590,2026-04-15,D,T,B,1,78205,2026-07-02,L,Y,0
TFB-103045,POL-666279,2026-01-03,C,C,C,0,78701,2026-02-06,D,N,0
TFB-103046,POL-995950,2026-04-13,C,D,C,1,76701,2026-06-28,J,Y,0
TFB-103047,POL-741271,2026-04-19,C,C,A,0,78205,2026-05-23,I,Y,0
TFB-103048,POL-748869,2026-01-23,C,H,A,1,75201,2026-04-08,D,Y,0
TFB-103049,POL-523989,2026-02-03,C,H,C,1,77002,2026-04-28,ACI,Y,0
TFB-103050,POL-610298,2026-03-23,C,D,A,1,77002,2026-06-05,A,Y,0
TFB-103051,POL-596563,2026-03-28,NR,D,B,1,77002,2026-06-13,FJL,Y,0
TFB-103052,POL-858491,2026-03-20,C,T,A,0,77002,2026-05-17,F,Y,0
TFB-103053,POL-769338,2026-04-10,NR,H,C,1,76710,2026-06-11,DK,Y,1
TFB-103054,POL-964453,2026-03-13,C,C,C,0,,2026-04-14,AB,N,0
TFB-103055,POL-560656,2026-03-22,C,T,A,1,78205,2026-06-04,C,Y,0
TFB-103056,POL-795783,2026-01-19,C,T,B,0,75201,2026-02-24,J,N,0
TFB-103057,POL-892996,2026-03-08,NR,H,A,0,77002,2026-05-04,EH,N,0
TFB-103058,POL-794647,2026-01-31,D,H,C,0,78205,2026-03-26,G,Y,0
TFB-103059,POL-898238,2026-02-08,D,D,B,0,75201,2026-04-05,I,N,0
TFB-103060,POL-749045,2026-04-07,D,T,B,0,79901,2026-04-26,BF,Y,0
TFB-103061,POL-814897,2026-01-01,C,T,C,0,79901,2026-02-01,EGJ,N,0
TFB-103062,POL-666865,2026-01-27,C,T,A,0,76712,2026-03-04,BG,N,0
TFB-103063,POL-750955,2026-01-29,D,T,C,0,75201,2026-03-26,F,N,0
TFB-103064,POL-590455,2026-03-12,C,C,A,1,76710,2026-05-17,BCF,Y,0
TFB-103065,POL-987255,2026-02-02,D,H,C,1,76710,2026-04-05,DF,Y,0
TFB-103066,POL-922564,2026-02-08,D,T,A,0,75201,2026-03-07,EGJ,N,0
TFB-103067,POL-630067,2026-03-12,D,C,A,1,78701,2026-05-14,K,N,0
TFB-103068,POL-666350,2026-02-22,C,D,C,0,75201,2026-04-10,DF,N,0
TFB-103069,POL-699197,2026-01-03,D,T,B,0,79901,2026-02-26,K,N,0
TFB-103070,POL-706706,2026-02-21,NR,C,B,0,78701,2026-03-08,J,N,0
TFB-103071,POL-655579,2026-01-20,NR,D,B,0,76712,2026-02-07,HCB,N,0
TFB-103072,POL-630416,2026-02-05,C,D,A,1,76710,2026-04-21,F,N,0
TFB-103073,POL-519657,2026-04-03,NR,H,B,0,76710,2026-05-18,CFG,N,0
TFB-103074,POL-804627,2026-03-13,NR,T,B,1,76701,2026-06-02,CD,N,0
TFB-103075,POL-833340,2026-02-09,NR,T,A,1,76712,2026-05-01,B,Y,0
TFB-103076,POL-947831,2026-04-04,NR,H,C,1,79901,2026-06-15,D,Y,0
TFB-103077,POL-604267,2026-02-28,D,C,A,0,78701,2026-04-19,G,Y,0
TFB-103078,POL-585530,2026-01-03,D,T,A,1,78205,2026-03-08,A,N,0
TFB-103079,POL-842680,2026-04-01,NR,H,C,1,78205,2026-06-07,EGH,N,0
TFB-103080,POL-727480,2026-03-15,D,T,B,0,76710,2026-04-02,C,Y,0
TFB-103081,POL-938759,2026-02-03,D,C,C,1,75201,2026-04-25,B,Y,0
TFB-103082,POL-988807,2026-04-01,D,T,A,0,76710,2026-04-20,CG,Y,0
TFB-103083,POL-619454,2026-01-27,C,T,B,0,79901,2026-03-15,EHL,Y,0
TFB-103084,POL-955406,2026-02-21,D,T,A,0,76701,2026-03-22,EF,Y,0
TFB-103085,POL-958782,2026-01-19,D,H,A,0,78701,2026-02-06,C,N,0
TFB-103086,POL-553952,2026-01-13,NR,T,B,0,77002,2026-02-05,ABE,N,0
TFB-103087,POL-545469,2026-01-23,C,T,B,1,77002,2026-04-06,BD,Y,0
TFB-103088,POL-581272,2026-02-26,C,D,C,0,76701,2026-03-22,DJ,N,0
TFB-103089,POL-559839,2026-02-18,C,D,B,0,79901,2026-04-15,CFK,Y,1
TFB-103090,POL-560967,2026-03-16,NR,T,B,0,78205,2026-04-16,AJ,N,0
TFB-103091,POL-964535,2026-01-24,D,D,C,1,79901,2026-04-10,L,N,0
TFB-103092,POL-604778,2026-03-28,D,C,B,0,76701,2026-05-13,FJ,Y,0
TFB-103093,POL-945384,2026-03-09,NR,C,A,0,76701,2026-04-02,CDG,Y,0
TFB-103094,POL-663699,2026-04-20,C,D,C,1,78205,2026-07-10,AL,Y,0
TFB-103095,POL-609330,2026-01-06,D,T,B,0,76712,2026-03-06,FIL,Y,0
TFB-103096,POL-748994,2026-01-25,C,T,C,1,77002,2026-04-01,BDE,N,0
TFB-103097,POL-545930,2026-02-28,C,C,A,1,75201,2026-05-24,DF,Y,0
TFB-103098,POL-971730,2026-04-21,NR,T,B,0,77002,2026-05-30,BFJ,Y,0
TFB-103099,POL-927418,2026-03-26,NR,H,A,1,78205,2026-06-06,H,Y,0
TFB-103100,POL-995587,2026-01-08,C,D,C,1,76710,2026-03-23,BK,Y,1
TFB-103101,POL-888175,2026-01-16,NR,C,C,1,78701,2026-04-14,DFH,N,0
TFB-103102,POL-893554,2026-04-11,D,C,B,0,76712,2026-05-14,FL,N,0
TFB-103103,POL-633090,2026-03-11,D,D,C,1,76701,2026-06-07,CD,Y,0
TFB-103104,POL-726494,2026-03-19,NR,C,A,1,76712,2026-05-18,GL,Y,0
TFB-103105,POL-672199,2026-04-08,C,C,C,1,78701,2026-06-26,GL,N,0
TFB-103106,POL-839821,2026-02-11,D,T,B,0,76701,2026-03-20,BD,N,0
TFB-103107,POL-567145,2026-03-22,NR,D,A,0,79901,2026-05-19,L,Y,0
TFB-103108,POL-706592,2026-02-19,NR,D,A,1,78205,2026-05-06,FHJ,Y,0
TFB-103109,POL-991792,2026-03-21,D,T,A,1,78701,2026-06-13,EF,Y,0
TFB-103110,POL-540553,2026-03-17,NR,C,B,0,78205,2026-05-03,DJ,Y,0
TFB-103111,POL-898333,2026-02-11,NR,T,A,1,76710,2026-04-24,G,Y,0
TFB-103112,POL-722376,2026-03-16,C,C,B,0,76712,2026-04-15,F,N,0
TFB-103113,POL-868048,2026-01-10,D,T,A,0,79901,2026-02-16,HI,Y,0
TFB-103114,POL-971365,2026-03-17,D,C,B,1,76701,2026-05-20,I,N,0
TFB-103115,POL-942097,2026-01-07,C,H,A,0,78205,2026-03-02,I,Y,0
TFB-103116,POL-993360,2026-01-03,C,C,C,0,77002,2026-02-24,AK,N,0
TFB-103117,POL-603848,2026-04-16,NR,C,A,1,77002,2026-07-01,BFJ,N,0
TFB-103118,POL-989559,2026-02-17,D,C,B,1,76710,2026-04-19,C,Y,0
TFB-103119,POL-903380,2026-02-12,NR,T,C,0,75201,2026-04-03,EF,Y,0
TFB-103120,POL-748137,2026-03-30,C,T,B,1,78701,2026-06-19,BJ,N,0
TFB-103121,POL-951438,2026-02-06,C,H,A,0,75201,2026-03-23,FL,N,0
TFB-103122,POL-837634,2026-03-01,D,C,A,0,76712,2026-04-23,EGI,N,0
TFB-103123,POL-670255,2026-01-29,NR,C,C,0,76701,2026-02-20,AHJ,Y,0
TFB-103124,POL-739500,2026-01-21,NR,D,C,0,77002,2026-02-12,BCI,Y,0
TFB-103125,POL-534468,2026-01-02,D,D,B,0,76701,2026-02-28,BG,Y,0
TFB-103126,POL-980379,2026-01-24,D,D,C,1,78205,2026-03-25,GHJ,Y,0
TFB-103127,POL-595068,2026-02-18,NR,H,B,1,78205,2026-05-04,F,Y,0
TFB-103128,POL-769766,2026-03-12,D,D,A,0,78205,2026-04-21,HI,Y,0
TFB-103129,POL-633755,2026-03-15,C,H,A,0,76701,2026-05-11,ABG,Y,0
TFB-103130,POL-809607,2026-04-09,C,D,A,1,78701,2026-07-05,K,N,0
TFB-103131,POL-802062,2026-01-17,C,C,C,1,78205,2026-04-07,IJ,Y,0
TFB-103132,POL-546540,2026-02-21,NR,H,B,1,78205,2026-05-10,C,Y,0
TFB-103133,POL-550552,2026-01-11,C,T,A,1,78701,2026-04-06,HK,Y,1
TFB-103134,POL-681828,2026-01-01,C,C,C,0,79901,2026-01-21,IL,Y,0
TFB-103135,POL-919252,2026-02-10,D,T,A,0,75201,2026-03-14,FHK,Y,1
TFB-103136,POL-563218,2026-04-01,NR,C,B,0,76710,2026-04-27,D,Y,0
TFB-103137,POL-513010,2026-02-26,C,C,B,0,79901,2026-03-18,AEF,Y,0
TFB-103138,POL-881496,2026-03-18,D,C,B,1,76710,2026-03-13,CGI,Y,0
TFB-103139,POL-966701,2026-02-21,NR,C,A,0,76701,2026-04-07,BL,Y,0
TFB-103140,POL-599200,2026-02-15,D,D,A,0,79901,2026-04-11,ABF,N,0
TFB-103141,POL-865780,2026-02-18,NR,D,B,0,75201,2026-04-17,A,N,0
TFB-103142,POL-773400,2026-04-18,NR,T,A,0,78205,2026-05-16,EGJ,Y,0
TFB-103143,POL-555243,2026-03-26,D,C,B,1,78205,2026-06-18,AI,Y,0
TFB-103144,POL-794927,2026-03-05,C,C,B,0,79901,2026-04-12,AEI,Y,0
TFB-103145,POL-552291,2026-02-22,NR,T,B,0,78701,2026-04-11,BCD,N,0
TFB-103146,POL-998752,2026-04-14,D,D,B,0,75201,2026-05-03,EJ,N,0
TFB-103147,POL-843213,2026-03-30,C,C,C,1,76710,2026-06-14,B,Y,0
TFB-103148,POL-971867,2026-01-13,C,D,B,1,75201,2026-04-11,A,Y,0
TFB-103149,POL-686724,2026-03-05,NR,T,A,1,75201,2026-05-31,J,N,0
TFB-103150,POL-530580,2026-03-17,D,T,C,1,76712,2026-06-03,K,Y,0
TFB-103151,POL-922770,2026-02-14,D,C,B,0,75201,2026-03-30,C,Y,0
TFB-103152,POL-815492,2026-01-10,C,C,B,0,76712,2026-02-27,CGL,Y,0
TFB-103153,POL-898461,2026-02-14,NR,C,B,0,78701,2026-03-02,C,Y,0
TFB-103154,POL-679468,2026-04-15,C,D,A,0,78701,2026-04-30,J,Y,0
TFB-103155,POL-588820,2026-03-24,D,C,B,0,75201,2026-04-21,EFK,Y,1
TFB-103156,POL-790724,2026-02-01,C,H,C,1,76701,2026-04-14,BDH,Y,0
TFB-103157,POL-747739,2026-01-09,C,H,C,1,78205,2026-04-03,FIJ,Y,0
TFB-103158,POL-771023,2026-04-03,NR,D,B,1,76701,2026-07-01,IL,Y,0
TFB-103159,POL-856169,2026-01-06,C,C,B,1,78701,2026-03-23,HJL,N,0
TFB-103160,POL-911837,2026-01-08,NR,D,C,1,79901,2026-03-30,HJ,Y,0
TFB-103161,POL-688788,2026-04-17,NR,T,C,1,76712,2026-07-10,D,N,0
TFB-103162,POL-947303,2026-01-16,D,H,B,1,77002,2026-04-02,ADI,Y,0
TFB-103163,POL-877671,2026-01-09,D,H,B,1,76712,2026-03-19,AFI,N,0
TFB-103164,POL-902193,2026-01-20,D,C,B,0,77002,2026-02-24,CE,Y,0
TFB-103165,POL-763356,2026-03-02,NR,C,B,0,76712,2026-04-12,CK,Y,1
TFB-103166,POL-681161,2026-04-09,NR,H,A,0,77002,2026-05-04,CG,N,0
TFB-103167,POL-909997,2026-02-27,D,C,A,1,76710,2026-05-25,D,N,0
TFB-103168,POL-834981,2026-01-17,C,C,B,1,76710,2026-03-27,E,Y,0
TFB-103169,POL-502490,2026-01-01,C,H,B,1,76701,2026-04-01,CJK,Y,1
TFB-103170,POL-974096,2026-01-30,C,T,C,1,77002,2026-04-19,EJ,Y,0
TFB-103171,POL-885000,2026-01-20,C,T,C,1,76712,2026-04-02,F,N,0
TFB-103172,POL-990162,2026-01-03,NR,C,A,0,79901,2026-02-07,C,N,0
TFB-103173,POL-885520,2026-03-22,D,T,A,0,78205,2026-05-13,EL,Y,0
TFB-103174,POL-821325,2026-03-20,D,T,A,1,75201,2026-03-15,DF,Y,0
TFB-103175,POL-585705,2026-02-11,NR,T,C,0,78205,2026-03-09,AG,Y,0
TFB-103176,POL-974449,2026-02-18,D,H,A,0,78701,2026-04-10,DIJ,Y,0
TFB-103177,POL-605257,2026-03-16,D,C,C,1,,2026-05-29,AEG,N,0
TFB-103178,POL-869300,2026-03-16,NR,D,A,0,76710,2026-05-08,ABI,Y,0
TFB-103179,POL-905330,2026-02-13,D,C,A,1,79901,2026-05-09,CKL,Y,1
TFB-103180,POL-606121,2026-02-25,C,T,C,0,76712,2026-03-13,CK,N,0
TFB-103181,POL-668607,2026-02-08,C,T,A,1,76712,2026-04-19,CH,Y,0
TFB-103182,POL-683666,2026-04-21,C,T,C,0,78205,2026-05-13,K,N,0
TFB-103183,POL-767497,2026-04-08,C,D,B,1,77002,2026-06-16,EFH,Y,0
TFB-103184,POL-877308,2026-01-16,NR,T,A,0,76712,2026-02-11,G,N,0
TFB-103185,POL-504780,2026-03-18,D,H,C,0,79901,2026-04-16,CIL,Y,0
TFB-103186,POL-926736,2026-01-07,C,D,A,0,76712,2026-02-18,B,Y,0
TFB-103187,POL-741029,2026-02-24,C,C,A,1,,2026-05-12,CEK,N,0
TFB-103188,POL-701797,2026-02-20,C,H,A,0,76701,2026-04-11,DI,Y,0
TFB-103189,POL-588980,2026-01-25,NR,D,A,0,76701,2026-02-13,BEL,N,0
TFB-103190,POL-581627,2026-04-12,D,D,C,0,78205,2026-06-08,K,N,0
TFB-103191,POL-610743,2026-01-20,NR,T,A,0,78701,2026-03-14,BD,Y,0
TFB-103192,POL-604350,2026-03-16,D,C,C,1,76701,2026-05-26,K,Y,1
TFB-103193,POL-650852,2026-03-14,D,H,B,0,79901,2026-04-18,ABH,Y,0
TFB-103194,POL-712716,2026-04-16,C,T,B,0,77002,2026-06-06,I,Y,0
TFB-103195,POL-501019,2026-01-11,C,D,C,1,77002,2026-03-28,D,Y,0
TFB-103196,POL-500140,2026-01-27,D,C,B,1,76712,2026-03-31,AJL,N,0
TFB-103197,POL-670566,2026-04-12,C,T,B,0,79901,2026-04-30,J,Y,0
TFB-103198,POL-637829,2026-04-16,D,D,C,0,77002,2026-05-29,FL,Y,0
TFB-103199,POL-569684,2026-02-19,D,H,C,0,76701,2026-04-16,F,Y,0
TFB-103200,POL-920170,2026-03-10,D,H,C,0,76712,2026-04-04,ACH,Y,0
TFB-103201,POL-786707,2026-03-21,C,C,B,0,77002,2026-04-05,A,Y,0
TFB-103202,POL-808449,2026-04-02,C,C,A,0,,2026-04-20,E,N,0
TFB-103203,POL-847355,2026-02-20,NR,D,C,1,78205,2026-05-18,AEI,N,0
TFB-103204,POL-616382,2026-01-23,C,C,A,0,76710,2026-02-20,HK,Y,1
TFB-103205,POL-877663,2026-03-21,C,T,C,1,76710,2026-06-02,C,Y,0
TFB-103206,POL-541119,2026-04-14,NR,T,B,1,78205,2026-06-19,K,Y,1
TFB-103207,POL-583410,2026-01-16,D,C,C,0,78701,2026-02-23,KL,Y,1
TFB-103208,POL-616335,2026-04-01,C,H,B,1,76701,2026-06-09,BGH,Y,0
TFB-103209,POL-872992,2026-02-14,C,H,A,0,79901,2026-03-06,H,Y,0
TFB-103210,POL-692368,2026-03-24,C,T,C,0,76710,2026-05-19,DI,Y,0
TFB-103211,POL-984683,2026-02-25,D,D,C,1,79901,2026-05-11,FK,N,0
TFB-103212,POL-914203,2026-01-08,C,T,B,1,76701,2026-03-29,CFI,Y,0
TFB-103213,POL-937571,2026-03-01,NR,H,A,1,76710,2026-05-11,FH,Y,0
TFB-103214,POL-794696,2026-01-19,D,C,B,0,75201,2026-03-05,BG,Y,0
TFB-103215,POL-667191,2026-03-27,D,H,A,1,79901,2026-06-19,CDE,Y,0
TFB-103216,POL-790670,2026-03-20,NR,T,B,0,78205,2026-04-16,CFL,N,0
TFB-103217,POL-692158,2026-02-24,D,D,C,0,79901,2026-04-11,AGJ,N,0
TFB-103218,POL-657884,2026-01-20,C,T,C,1,78205,2026-04-08,B,Y,0
TFB-103219,POL-610564,2026-02-21,NR,D,C,0,76701,2026-03-31,AG,Y,0
TFB-103220,POL-696481,2026-02-23,C,D,B,0,78205,2026-03-17,CF,N,0
TFB-103221,POL-715100,2026-03-14,D,T,B,0,75201,2026-04-15,CHK,Y,1
TFB-103222,POL-715813,2026-03-29,C,T,A,1,76712,2026-06-15,A,N,0
TFB-103223,POL-615935,2026-03-27,NR,H,A,0,76701,2026-05-20,C,Y,0
TFB-103224,POL-554712,2026-03-25,D,H,B,0,76701,2026-05-17,GK,Y,1
TFB-103225,POL-504170,2026-03-30,NR,C,C,0,78205,2026-05-21,G,N,0
TFB-103226,POL-633670,2026-01-19,NR,H,B,0,79901,2026-03-02,CIL,N,0
TFB-103227,POL-650196,2026-01-06,NR,C,B,0,79901,2026-01-25,EI,N,0
TFB-103228,POL-594079,2026-03-21,NR,C,C,0,79901,2026-05-08,JL,N,0
TFB-103229,POL-755960,2026-01-19,C,H,A,0,78701,2026-02-26,E,N,0
TFB-103230,POL-805098,2026-01-03,C,T,B,0,78205,2026-01-24,EGJ,Y,0
TFB-103231,POL-882701,2026-01-06,D,H,C,1,75201,2026-04-05,BF,Y,0
TFB-103232,POL-775611,2026-04-07,C,C,B,0,76710,2026-04-29,CEK,Y,1
TFB-103233,POL-996705,2026-03-12,NR,D,A,1,79901,2026-06-06,L,N,0
TFB-103234,POL-676056,2026-01-28,D,T,C,1,78701,2026-04-08,AJ,Y,0
TFB-103235,POL-686541,2026-01-21,NR,C,A,1,78701,2026-04-12,J,N,0
TFB-103236,POL-816925,2026-01-28,D,D,A,1,76701,2026-04-20,C,Y,0
TFB-103237,POL-649395,2026-04-09,NR,H,B,0,77002,2026-05-03,F,N,0
TFB-103238,POL-863193,2026-03-13,D,T,C,0,76712,2026-04-08,DHL,Y,0
TFB-103239,POL-665529,2026-01-24,C,D,A,0,77002,2026-03-10,EG,N,0
TFB-103240,POL-848359,2026-03-14,NR,D,C,0,76701,2026-04-21,CJ,N,0
TFB-103241,POL-872609,2026-02-09,NR,D,C,1,78205,2026-04-30,L,N,0
TFB-103242,POL-662585,2026-03-15,NR,C,A,0,77002,2026-04-29,H,Y,0
TFB-103243,POL-826457,2026-01-08,D,T,A,0,75201,2026-02-08,DEI,Y,0
TFB-103244,POL-523798,2026-01-03,D,D,B,1,78205,2026-04-03,K,N,0
TFB-103245,POL-915529,2026-02-12,NR,T,A,0,76712,2026-03-08,GIK,Y,1
TFB-103246,POL-665004,2026-01-29,C,D,A,0,78205,2026-02-14,BDG,Y,0
TFB-103247,POL-667593,2026-03-14,C,C,B,0,78701,2026-04-24,C,N,0
TFB-103248,POL-776073,2026-03-07,C,C,B,0,77002,2026-03-24,AFJ,Y,0
TFB-103249,POL-938576,2026-03-12,NR,D,A,1,76710,2026-05-15,DEG,Y,0
TFB-103250,POL-652754,2026-02-14,C,D,A,0,77002,2026-03-29,H,N,0
TFB-103251,POL-585363,2026-04-09,D,D,B,0,76710,2026-05-15,EI,Y,0
TFB-103252,POL-806559,2026-01-29,NR,T,C,1,76710,2026-01-24,DF,Y,0
TFB-103253,POL-577002,2026-03-02,NR,C,C,0,76701,2026-04-29,K,Y,1
TFB-103254,POL-891857,2026-03-06,NR,D,C,0,76710,2026-03-23,BC,N,0
TFB-103255,POL-771522,2026-02-07,C,D,C,1,76701,2026-05-02,K,N,0
TFB-103256,POL-787486,2026-02-27,D,C,A,0,79901,2026-03-27,BEK,Y,0
TFB-103257,POL-528158,2026-02-25,NR,T,A,0,78701,2026-03-25,I,Y,0
TFB-103258,POL-810435,2026-04-11,C,T,B,0,78205,2026-04-30,F,Y,0
TFB-103259,POL-766604,2026-01-30,D,T,C,0,78701,2026-03-28,AJL,N,0
TFB-103260,POL-687378,2026-03-23,D,C,B,1,77002,2026-06-21,DE,N,0
TFB-103261,POL-980993,2026-01-04,NR,H,B,1,76701,2026-03-18,DFJ,N,0
TFB-103262,POL-678899,2026-01-14,D,T,A,1,76710,2026-03-15,AE,N,0
TFB-103263,POL-764277,2026-02-28,C,T,B,0,78701,2026-04-06,L,N,0
TFB-103264,POL-535987,2026-01-25,NR,C,A,0,76701,2026-02-14,AK,Y,1
TFB-103265,POL-727798,2026-03-13,D,H,C,1,76712,2026-05-13,FKL,Y,1
TFB-103266,POL-622293,2026-01-09,C,T,A,0,75201,2026-02-24,ACF,N,0
TFB-103267,POL-871979,2026-02-22,C,T,C,0,75201,2026-04-15,G,N,0
TFB-103268,POL-589036,2026-01-07,NR,T,A,1,78701,2026-04-02,I,Y,0
TFB-103269,POL-784719,2026-03-28,D,T,C,1,76710,2026-06-21,IJL,N,0
TFB-103270,POL-908388,2026-01-12,NR,T,C,0,77002,2026-03-05,GK,N,0
TFB-103271,POL-839794,2026-03-20,D,D,A,1,78205,2026-06-08,K,Y,0
TFB-103272,POL-998010,2026-02-07,NR,H,A,0,76712,2026-03-11,DFG,N,0
TFB-103273,POL-581811,2026-01-30,D,C,C,1,,2026-04-13,AF,Y,0
TFB-103274,POL-900099,2026-01-24,C,T,C,0,76712,2026-03-15,ABK,N,0
TFB-103275,POL-792707,2026-01-07,D,T,C,1,79901,2026-03-10,IJL,Y,0
TFB-103276,POL-779198,2026-02-14,NR,T,A,1,75201,2026-05-06,CI,Y,0
TFB-103277,POL-785691,2026-04-13,D,C,A,1,76701,2026-07-08,DH,N,0
TFB-103278,POL-919974,2026-04-11,NR,C,B,0,77002,2026-06-07,DFL,N,0
TFB-103279,POL-878563,2026-01-03,D,H,C,1,76710,2026-03-25,J,Y,0
TFB-103280,POL-735949,2026-03-23,D,H,C,0,79901,2026-05-19,H,N,0
TFB-103281,POL-991449,2026-03-04,C,C,C,0,77002,2026-04-20,GL,Y,0
TFB-103282,POL-755550,2026-02-15,NR,D,B,1,77002,2026-05-10,L,Y,0
TFB-103283,POL-858138,2026-04-06,D,H,A,0,79901,2026-05-09,A,N,0
TFB-103284,POL-723342,2026-01-20,NR,D,A,1,75201,2026-04-08,CFJ,N,0
TFB-103285,POL-960624,2026-01-04,D,T,B,1,,2026-03-10,CG,N,0
TFB-103286,POL-978722,2026-02-03,NR,T,B,0,75201,2026-03-30,EGH,N,0
TFB-103287,POL-520167,2026-04-11,C,H,A,1,75201,2026-06-22,FJ,N,0
TFB-103288,POL-925398,2026-01-06,D,D,A,0,76712,2026-02-11,BCJ,Y,0
TFB-103289,POL-784449,2026-03-13,D,T,A,1,76701,2026-06-09,E,Y,0
TFB-103290,POL-511702,2026-01-13,D,D,B,1,76701,2026-04-04,C,N,0
TFB-103291,POL-501603,2026-02-13,D,D,A,0,77002,2026-04-03,I,Y,0
TFB-103292,POL-702897,2026-03-30,D,T,A,1,76710,2026-06-10,EDA,Y,0
TFB-103293,POL-847176,2026-02-12,D,T,A,1,76710,2026-04-23,AG,Y,0
TFB-103294,POL-724188,2026-04-13,C,T,C,1,76710,2026-06-14,AG,N,0
TFB-103295,POL-733047,2026-02-17,D,D,B,0,78205,2026-03-12,BF,Y,0
TFB-103296,POL-531132,2026-04-21,NR,H,C,0,78701,2026-05-26,F,N,0
TFB-103297,POL-931752,2026-03-26,D,T,A,1,78205,2026-06-17,EJ,Y,0
TFB-103298,POL-976206,2026-04-11,NR,T,B,0,78205,2026-04-26,BG,Y,0
TFB-103299,POL-894550,2026-02-07,D,H,A,0,78205,2026-04-03,AL,Y,0
TFB-103300,POL-597398,2026-03-24,NR,D,A,1,78205,2026-06-15,AB,Y,0
TFB-103301,POL-518488,2026-01-27,D,H,A,1,76712,2026-04-21,B,N,0
TFB-103302,POL-929568,2026-01-14,C,D,C,1,78701,2026-04-05,DI,N,0
TFB-103303,POL-883767,2026-02-02,D,T,B,1,77002,2026-04-06,HK,Y,0
TFB-103304,POL-663056,2026-03-27,D,D,A,1,78205,2026-06-21,BDL,N,0
TFB-103305,POL-844941,2026-02-13,D,C,B,1,76701,2026-04-28,AJ,Y,0
TFB-103306,POL-771146,2026-01-18,NR,C,C,0,79901,2026-02-06,EG,Y,0
TFB-103307,POL-970979,2026-03-01,D,C,A,0,77002,2026-03-22,CD,N,0
TFB-103308,POL-756682,2026-02-11,D,T,C,0,78701,2026-03-01,AH,N,0
TFB-103309,POL-730531,2026-04-04,NR,C,B,0,79901,2026-04-19,BG,N,0
TFB-103310,POL-775606,2026-04-15,C,D,B,1,77002,2026-07-01,F,Y,0
TFB-103311,POL-700323,2026-03-22,NR,C,C,0,,2026-04-21,AD,Y,0
TFB-103312,POL-902021,2026-04-15,C,C,B,1,76712,2026-07-11,AEH,N,0
TFB-103313,POL-724186,2026-02-14,D,H,B,0,78701,2026-04-06,DI,Y,0
TFB-103314,POL-801660,2026-02-10,C,C,A,1,79901,2026-05-01,BHL,Y,0
TFB-103315,POL-801736,2026-02-08,NR,H,A,1,79901,2026-04-28,DG,N,0
TFB-103316,POL-781236,2026-04-21,D,H,B,1,75201,2026-06-25,GIJ,N,0
TFB-103317,POL-719161,2026-02-25,D,H,C,1,76701,2026-05-18,HK,Y,1
TFB-103318,POL-971776,2026-01-30,C,T,A,1,76712,2026-04-08,DG,N,0
TFB-103319,POL-578109,2026-01-07,NR,H,C,0,76710,2026-01-26,BGL,Y,0
TFB-103320,POL-981465,2026-03-21,D,T,C,1,76710,2026-06-02,G,N,0
TFB-103321,POL-713537,2026-01-11,NR,H,B,0,79901,2026-03-06,G,N,0
TFB-103322,POL-832848,2026-01-10,C,T,C,0,78701,2026-02-26,DL,Y,0
TFB-103323,POL-545563,2026-01-06,NR,D,C,0,76701,2026-02-22,IL,Y,0
TFB-103324,POL-919033,2026-01-18,NR,C,C,1,76710,2026-04-16,E,N,0
TFB-103325,POL-856906,2026-03-17,NR,T,A,1,77002,2026-05-20,HL,N,0
TFB-103326,POL-599358,2026-04-11,D,C,A,1,78205,2026-06-29,DJK,Y,1
TFB-103327,POL-832522,2026-02-06,C,T,C,1,76710,2026-04-27,DGH,N,0
TFB-103328,POL-803942,2026-02-10,D,C,B,1,78205,2026-05-03,BCE,N,0
TFB-103329,POL-650184,2026-04-05,NR,C,C,1,76710,2026-06-30,EFH,N,0
TFB-103330,POL-980726,2026-03-28,NR,C,A,0,79901,2026-04-23,GJK,Y,1
TFB-103331,POL-604324,2026-02-16,C,T,A,1,75201,2026-04-17,ACL,Y,0
TFB-103332,POL-618946,2026-03-19,C,H,A,1,76712,2026-05-25,DJ,Y,0
TFB-103333,POL-552155,2026-02-12,C,T,C,0,77002,2026-04-02,HL,Y,0
TFB-103334,POL-745221,2026-04-05,NR,D,A,1,75201,2026-06-08,D,Y,0
TFB-103335,POL-566553,2026-04-01,NR,C,B,1,76712,2026-06-18,GJL,Y,0
TFB-103336,POL-901906,2026-04-15,C,C,B,0,78205,2026-06-11,CFJ,Y,0
TFB-103337,POL-514169,2026-02-12,D,C,A,0,75201,2026-03-10,H,Y,0
TFB-103338,POL-587818,2026-04-07,C,H,B,1,78701,2026-04-02,DEI,Y,0
TFB-103339,POL-749908,2026-03-21,NR,H,B,1,76710,2026-06-14,EG,Y,0
TFB-103340,POL-519895,2026-02-05,C,D,A,1,79901,2026-04-26,AB,Y,0
TFB-103341,POL-628517,2026-01-25,C,C,B,0,79901,2026-03-03,D,Y,0
TFB-103342,POL-728252,2026-02-28,NR,T,B,0,77002,2026-03-17,K,Y,0
TFB-103343,POL-938409,2026-03-03,D,H,A,0,77002,2026-03-30,BDL,N,0
TFB-103344,POL-791452,2026-01-10,NR,H,B,0,76701,2026-02-12,KL,Y,1
TFB-103345,POL-938653,2026-04-04,NR,C,A,1,76701,2026-07-01,CHL,Y,0
TFB-103346,POL-863406,2026-01-12,D,C,B,1,78701,2026-04-11,CI,Y,0
TFB-103347,POL-607850,2026-03-03,D,H,C,1,77002,2026-05-30,CD,N,0
TFB-103348,POL-874223,2026-04-05,NR,D,A,0,79901,2026-05-23,I,Y,0
TFB-103349,POL-734153,2026-02-26,C,C,B,1,78701,2026-05-25,F,Y,0
TFB-103350,POL-718151,2026-03-24,NR,T,C,1,79901,2026-06-10,H,N,0
TFB-103351,POL-853466,2026-04-02,NR,T,A,0,79901,2026-04-27,C,Y,0
TFB-103352,POL-828519,2026-01-26,NR,T,B,0,78205,2026-03-04,AB,Y,0
TFB-103353,POL-816917,2026-01-06,D,H,A,0,76710,2026-01-26,CH,N,0
TFB-103354,POL-849953,2026-03-08,D,C,A,1,78701,2026-05-13,ACG,Y,0
TFB-103355,POL-843181,2026-02-27,C,C,A,0,75201,2026-03-14,AI,N,0
TFB-103356,POL-996365,2026-03-08,D,C,A,1,79901,2026-05-09,DIK,N,0
TFB-103357,POL-745048,2026-02-03,D,H,C,0,78205,2026-03-29,DI,N,0
TFB-103358,POL-628660,2026-01-01,C,H,B,0,76710,2026-01-17,AF,Y,0
TFB-103359,POL-829427,2026-03-26,D,T,C,1,76701,2026-06-24,CHI,Y,0
TFB-103360,POL-533163,2026-02-22,C,D,A,1,,2026-04-28,AFK,Y,1
TFB-103361,POL-707466,2026-02-25,NR,T,C,1,77002,2026-05-08,E,Y,0
TFB-103362,POL-661345,2026-02-26,NR,H,B,1,78701,2026-05-03,DJK,Y,1
TFB-103363,POL-759120,2026-03-05,NR,C,B,0,76710,2026-04-03,FGH,N,0
TFB-103364,POL-884445,2026-02-06,D,D,A,0,78205,2026-03-01,IK,N,0
TFB-103365,POL-801496,2026-02-01,D,D,A,0,78701,2026-03-29,DEI,Y,0
TFB-103366,POL-542881,2026-01-26,C,C,A,1,78701,2026-03-30,BEK,Y,1
TFB-103367,POL-756449,2026-02-06,D,T,C,1,76712,2026-04-15,E,N,0
TFB-103368,POL-778313,2026-03-04,D,T,B,1,76701,2026-05-29,E,Y,0
TFB-103369,POL-549594,2026-02-13,D,D,B,0,78205,2026-04-01,IKL,Y,1
TFB-103370,POL-891670,2026-03-22,D,C,A,0,75201,2026-05-18,BC,N,0
TFB-103371,POL-828619,2026-02-26,C,T,B,0,77002,2026-03-26,CHI,Y,0
TFB-103372,POL-752706,2026-04-18,NR,C,C,1,76710,2026-07-03,AL,Y,0
TFB-103373,POL-716052,2026-01-13,C,T,C,0,76701,2026-02-06,AB,Y,0
TFB-103374,POL-952525,2026-02-10,NR,T,A,1,79901,2026-04-25,GIJ,Y,0
TFB-103375,POL-539582,2026-02-26,C,H,A,0,77002,2026-04-15,DJ,Y,0
TFB-103376,POL-677598,2026-03-14,NR,C,C,1,78701,2026-05-27,GIJ,N,0
TFB-103377,POL-864012,2026-01-20,C,T,A,0,76712,2026-02-23,BDG,Y,0
TFB-103378,POL-738650,2026-02-06,NR,H,A,0,76712,2026-03-18,IJK,Y,1
TFB-103379,POL-872472,2026-02-25,NR,T,A,1,76710,2026-05-12,DH,Y,0
TFB-103380,POL-504228,2026-02-04,NR,C,B,0,76701,2026-03-31,H,Y,0
TFB-103381,POL-882079,2026-04-13,D,C,B,0,75201,2026-05-16,K,N,0
TFB-103382,POL-864322,2026-02-08,D,D,A,1,78205,2026-04-11,AF,N,0
TFB-103383,POL-897875,2026-02-16,NR,C,A,0,78205,2026-02-11,H,Y,0
TFB-103384,POL-558485,2026-02-18,NR,T,B,0,78701,2026-03-22,BI,N,0
TFB-103385,POL-615251,2026-01-09,C,D,B,0,78701,2026-03-07,FL,Y,0
TFB-103386,POL-610472,2026-02-22,D,H,B,0,79901,2026-02-17,KL,Y,1
TFB-103387,POL-536626,2026-03-01,D,H,C,0,79901,2026-04-28,BFI,Y,0
TFB-103388,POL-905262,2026-01-19,D,H,C,0,75201,2026-03-04,BH,Y,0
TFB-103389,POL-940425,2026-01-17,D,H,A,1,79901,2026-03-25,CEI,N,0
TFB-103390,POL-583745,2026-02-28,NR,D,C,0,76712,2026-03-16,F,Y,0
TFB-103391,POL-650441,2026-02-14,NR,T,B,0,77002,2026-03-13,H,N,0
TFB-103392,POL-876134,2026-02-02,C,H,B,0,77002,2026-03-31,K,N,0
TFB-103393,POL-724976,2026-01-29,D,C,C,0,75201,2026-03-08,B,Y,0
TFB-103394,POL-630778,2026-02-10,C,H,B,1,78205,2026-05-08,AH,N,0
TFB-103395,POL-887415,2026-03-24,D,T,B,1,76701,2026-06-15,AEH,Y,0
TFB-103396,POL-991630,2026-02-12,D,D,A,0,79901,2026-03-04,CFJ,Y,0
TFB-103397,POL-509516,2026-03-14,NR,D,B,1,78205,2026-05-14,AHK,N,0
TFB-103398,POL-898293,2026-04-10,NR,D,B,0,76710,2026-05-18,GJL,N,0
TFB-103399,POL-614900,2026-03-28,D,T,C,0,76701,2026-04-25,BH,N,0
TFB-103400,POL-660937,2026-01-24,C,D,C,1,79901,2026-03-26,B,N,0
TFB-103401,POL-536193,2026-01-06,NR,C,C,0,75201,2026-02-04,K,N,0
TFB-103402,POL-893655,2026-01-11,NR,H,C,0,79901,2026-02-28,BIL,N,0
TFB-103403,POL-695259,2026-02-11,D,T,C,0,76712,2026-03-06,B,N,0
TFB-103404,POL-566507,2026-03-21,D,T,A,1,78701,2026-05-26,DE,Y,0
TFB-103405,POL-858167,2026-04-07,D,H,C,0,76712,2026-05-01,AIK,Y,1
TFB-103406,POL-874799,2026-02-21,D,D,C,0,76712,2026-04-21,DL,Y,0
TFB-103407,POL-677215,2026-04-09,C,D,A,0,76710,2026-05-24,D,Y,0
TFB-103408,POL-753490,2026-02-04,D,H,C,0,77002,2026-03-19,D,Y,0
TFB-103409,POL-629665,2026-03-26,D,H,B,0,78205,2026-05-04,H,N,0
TFB-103410,POL-728981,2026-03-29,NR,C,B,1,76710,2026-05-29,F,N,0
TFB-103411,POL-607205,2026-03-03,NR,T,B,1,76712,2026-05-03,G,Y,0
TFB-103412,POL-516528,2026-02-28,NR,T,B,0,77002,2026-04-12,EIL,Y,0
TFB-103413,POL-503883,2026-01-31,D,H,C,0,79901,2026-03-03,AHJ,Y,0
TFB-103414,POL-944039,2026-04-07,C,T,B,0,75201,2026-04-23,GJ,Y,0
TFB-103415,POL-991742,2026-01-05,C,T,B,1,76712,2026-04-05,BDI,N,0
TFB-103416,POL-542668,2026-01-30,NR,D,C,0,79901,2026-03-21,DG,N,0
TFB-103417,POL-686654,2026-04-06,C,C,A,1,77002,2026-06-06,CHI,Y,0
TFB-103418,POL-723968,2026-03-29,C,T,A,1,76710,2026-06-06,AGL,Y,0
TFB-103419,POL-877143,2026-04-08,NR,D,B,1,,2026-06-28,AE,N,0
TFB-103420,POL-506312,2026-04-07,D,T,C,0,,2026-04-29,ABL,Y,0
TFB-103421,POL-558307,2026-01-14,NR,T,B,0,76701,2026-02-17,C,Y,0
TFB-103422,POL-823101,2026-03-29,D,D,A,0,79901,2026-05-08,H,N,0
TFB-103423,POL-711394,2026-03-16,C,C,B,0,78205,2026-05-07,FJ,Y,0
TFB-103424,POL-873634,2026-03-25,C,D,A,0,76712,2026-05-18,EK,Y,1
TFB-103425,POL-820374,2026-04-05,D,H,B,1,76710,2026-06-30,FI,Y,0
TFB-103426,POL-823738,2026-01-07,D,T,B,0,76710,2026-01-22,E,Y,0
TFB-103427,POL-994149,2026-03-24,D,H,C,0,78205,2026-03-19,GHI,Y,0
TFB-103428,POL-959717,2026-02-04,C,T,B,0,79901,2026-03-16,EF,Y,0
TFB-103429,POL-594126,2026-01-14,C,C,C,1,76710,2026-03-24,H,N,0
TFB-103430,POL-510747,2026-03-29,NR,C,C,0,78205,2026-05-26,AK,N,0
TFB-103431,POL-603994,2026-04-15,D,D,C,1,76712,2026-07-01,EGJ,Y,0
TFB-103432,POL-580774,2026-02-24,C,H,C,0,78205,2026-03-15,J,Y,0
TFB-103433,POL-722929,2026-02-20,C,D,C,1,78701,2026-04-23,G,Y,0
TFB-103434,POL-547098,2026-04-05,C,C,B,0,76712,2026-06-02,I,N,0
TFB-103435,POL-577306,2026-02-17,C,H,A,1,79901,2026-04-24,GHL,Y,0
TFB-103436,POL-621237,2026-01-05,NR,D,B,1,77002,2026-03-17,AG,Y,0
TFB-103437,POL-712864,2026-04-21,C,T,C,1,76712,2026-07-10,DGL,Y,0
TFB-103438,POL-552687,2026-02-21,NR,C,A,0,77002,2026-03-18,DJ,N,0
TFB-103439,POL-755583,2026-01-04,D,D,C,0,79901,2026-02-24,F,Y,0
TFB-103440,POL-702541,2026-01-20,D,C,B,0,76701,2026-03-01,DE,N,0
TFB-103441,POL-703817,2026-01-11,NR,D,A,0,78701,2026-01-28,DI,Y,0
TFB-103442,POL-882508,2026-03-22,C,T,A,1,76701,2026-06-13,BG,N,0
TFB-103443,POL-724021,2026-04-06,D,C,A,0,79901,2026-04-29,BHL,Y,0
TFB-103444,POL-545615,2026-02-06,NR,C,C,0,76712,2026-03-22,DG,N,0
TFB-103445,POL-533287,2026-04-18,C,D,C,1,78701,2026-06-23,K,N,0
TFB-103446,POL-639985,2026-02-25,C,D,B,1,76701,2026-05-14,H,N,0
TFB-103447,POL-857882,2026-04-03,D,C,C,1,76712,2026-06-07,D,N,0
TFB-103448,POL-926860,2026-03-12,D,T,C,1,77002,2026-05-16,ABJ,Y,0
TFB-103449,POL-910077,2026-04-02,NR,D,A,0,76712,2026-05-08,E,N,0
TFB-103450,POL-679131,2026-01-05,C,D,C,1,76710,2026-03-13,G,N,0
TFB-103451,POL-938368,2026-01-24,C,D,C,0,,2026-03-09,F,N,0
TFB-103452,POL-585389,2026-01-12,C,H,B,0,77002,2026-01-28,DL,Y,0
TFB-103453,POL-760413,2026-02-02,NR,D,C,0,76701,2026-03-19,EIK,Y,1
TFB-103454,POL-517684,2026-01-01,NR,H,C,1,76712,2026-03-19,K,Y,1
TFB-103455,POL-924314,2026-01-10,C,D,B,1,76712,2026-04-10,AFG,Y,0
TFB-103456,POL-593374,2026-04-19,D,D,B,1,78701,2026-07-09,EFG,N,0
TFB-103457,POL-797660,2026-04-13,C,D,C,0,78701,2026-06-05,CDF,Y,0
TFB-103458,POL-786536,2026-04-05,C,T,A,0,78205,2026-05-31,ADH,Y,0
TFB-103459,POL-976759,2026-02-03,C,H,A,0,76710,2026-03-31,L,Y,0
TFB-103460,POL-807623,2026-03-31,C,D,C,1,78701,2026-06-21,CGJ,Y,0
TFB-103461,POL-575984,2026-03-03,NR,C,C,1,79901,2026-05-21,K,Y,1
TFB-103462,POL-803254,2026-01-02,NR,H,A,0,78205,2026-01-24,K,Y,1
TFB-103463,POL-788901,2026-01-08,D,C,A,0,76701,2026-02-19,I,N,0
TFB-103464,POL-774920,2026-03-05,NR,C,C,0,78701,2026-04-19,EI,Y,0
TFB-103465,POL-956667,2026-01-14,D,H,C,0,76710,2026-02-01,DEL,N,0
TFB-103466,POL-587133,2026-04-02,D,T,A,0,79901,2026-05-13,D,N,0
TFB-103467,POL-557692,2026-02-03,D,D,C,1,76701,2026-04-16,HKL,Y,1
TFB-103468,POL-751596,2026-02-26,C,D,C,0,77002,2026-04-07,K,Y,1
TFB-103469,POL-800568,2026-04-03,C,D,A,0,79901,2026-05-10,D,Y,0
TFB-103470,POL-684226,2026-01-11,NR,T,C,1,76712,2026-03-12,BCK,Y,1
TFB-103471,POL-803443,2026-04-15,NR,D,B,0,,2026-05-17,BCE,Y,0
TFB-103472,POL-734674,2026-03-13,C,C,A,1,78205,2026-05-26,A,N,0
TFB-103473,POL-828098,2026-02-27,NR,T,C,0,76712,2026-04-09,F,Y,0
TFB-103474,POL-573985,2026-04-17,D,H,B,0,76701,2026-06-09,A,Y,0
TFB-103475,POL-826588,2026-02-13,D,D,B,1,79901,2026-05-09,DFG,Y,0
TFB-103476,POL-729216,2026-02-17,NR,H,A,1,79901,2026-05-01,E,N,0
TFB-103477,POL-639104,2026-04-09,NR,D,A,0,76712,2026-05-01,AB,Y,0
TFB-103478,POL-754212,2026-01-02,C,T,B,0,76710,2026-02-15,AJ,Y,0
TFB-103479,POL-701297,2026-03-25,C,D,B,1,79901,2026-06-11,FKL,Y,0
TFB-103480,POL-629388,2026-03-07,NR,H,C,0,76710,2026-04-24,DGL,Y,0
TFB-103481,POL-501763,2026-02-15,C,H,C,0,77002,2026-03-04,KL,Y,1
TFB-103482,POL-591421,2026-01-08,C,C,C,0,76712,2026-02-19,H,Y,0
TFB-103483,POL-899696,2026-02-15,D,T,B,1,78701,2026-04-18,I,N,0
TFB-103484,POL-553459,2026-02-25,NR,H,C,1,78701,2026-05-08,CE,Y,0
TFB-103485,POL-571390,2026-01-16,D,T,A,0,78701,2026-02-04,GH,Y,0
TFB-103486,POL-503316,2026-02-05,C,C,A,0,76712,2026-03-10,AGK,Y,1
TFB-103487,POL-532266,2026-02-03,C,D,C,1,77002,2026-04-05,DH,Y,0
TFB-103488,POL-761033,2026-02-08,C,D,A,0,78701,2026-03-02,FG,Y,0
TFB-103489,POL-729822,2026-01-11,D,T,B,1,76712,2026-03-17,J,N,0
TFB-103490,POL-822617,2026-04-17,NR,C,B,1,75201,2026-07-08,CFJ,N,0
TFB-103491,POL-617909,2026-04-13,NR,C,B,0,79901,2026-04-29,L,Y,0
TFB-103492,POL-789910,2026-02-01,NR,C,C,0,79901,2026-02-21,DFG,N,0
TFB-103493,POL-866479,2026-01-21,C,D,A,0,79901,2026-03-12,AGJ,N,0
TFB-103494,POL-630521,2026-01-14,D,H,A,0,76701,2026-03-03,I,Y,0
TFB-103495,POL-688579,2026-03-16,C,C,A,0,76710,2026-05-13,IL,N,0
TFB-103496,POL-602078,2026-02-05,NR,H,C,1,75201,2026-04-26,DF,N,0
TFB-103497,POL-699890,2026-02-13,C,H,C,1,76701,2026-05-01,GK,N,0
TFB-103498,POL-583312,2026-03-03,D,C,B,0,78205,2026-03-30,EI,Y,0
TFB-103499,POL-942745,2026-01-27,NR,D,A,1,79901,2026-04-09,DH,Y,0
TFB-103500,POL-877760,2026-02-05,NR,C,C,0,77002,2026-03-29,CFI,Y,0
TFB-103501,POL-920161,2026-02-27,C,T,C,0,78701,2026-03-15,EHI,Y,0
TFB-103502,POL-765095,2026-04-05,C,C,C,0,75201,2026-05-26,BG,Y,0
TFB-103503,POL-983263,2026-01-24,C,H,B,0,77002,2026-03-04,BG,Y,0
TFB-103504,POL-924284,2026-04-16,D,D,C,1,78205,2026-07-12,CJ,N,0
TFB-103505,POL-746302,2026-04-08,NR,H,C,0,78205,2026-05-10,G,Y,0
TFB-103506,POL-770631,2026-02-02,NR,C,A,0,,2026-03-22,BK,Y,1
TFB-103507,POL-567207,2026-04-01,NR,D,B,0,75201,2026-05-10,EH,N,0
TFB-103508,POL-832602,2026-04-07,C,H,B,1,75201,2026-06-22,AGL,Y,0
TFB-103509,POL-911789,2026-04-18,C,T,C,1,75201,2026-07-16,CL,Y,0
TFB-103510,POL-756074,2026-03-02,D,C,B,1,75201,2026-05-31,AKL,Y,1
TFB-103511,POL-571992,2026-03-05,NR,H,A,1,76710,2026-05-06,BCH,Y,0
TFB-103512,POL-572477,2026-02-05,NR,C,B,1,76710,2026-04-28,DL,Y,0
TFB-103513,POL-809686,2026-01-28,D,T,C,1,78701,2026-04-27,IJL,N,0
TFB-103514,POL-726717,2026-02-23,D,C,A,0,79901,2026-03-19,ADK,N,0
TFB-103515,POL-829145,2026-01-26,D,T,B,1,76710,2026-03-27,CI,N,0
TFB-103516,POL-845181,2026-03-09,NR,T,C,0,78205,2026-05-05,CE,Y,0
TFB-103517,POL-582315,2026-03-27,C,D,B,1,76701,2026-06-04,FJ,Y,0
TFB-103518,POL-560103,2026-01-28,C,D,A,0,79901,2026-02-26,AEJ,Y,0
TFB-103519,POL-701903,2026-03-27,NR,C,A,1,75201,2026-05-31,L,Y,0
TFB-103520,POL-504328,2026-03-02,C,H,B,0,76712,2026-04-05,EFG,Y,0
TFB-103521,POL-501917,2026-03-04,D,H,A,0,77002,2026-04-04,ADE,Y,0
TFB-103522,POL-885963,2026-02-10,NR,C,C,1,78205,2026-04-21,AGI,Y,0
TFB-103523,POL-647835,2026-01-11,D,H,C,1,76701,2026-04-11,L,Y,0
TFB-103524,POL-966265,2026-04-11,NR,C,A,0,77002,2026-06-08,F,Y,0
TFB-103525,POL-725585,2026-02-09,NR,D,A,0,76701,2026-03-10,BG,N,0
TFB-103526,POL-562048,2026-02-04,NR,C,C,0,75201,2026-03-25,E,Y,0
TFB-103527,POL-952830,2026-04-20,D,H,B,1,76712,2026-06-21,DK,N,0
TFB-103528,POL-522802,2026-04-05,C,H,C,0,76701,2026-04-26,GJ,N,0
TFB-103529,POL-809232,2026-03-30,C,T,B,0,78701,2026-05-19,DJ,Y,0
TFB-103530,POL-663270,2026-02-02,NR,H,A,0,77002,2026-03-15,L,N,0
TFB-103531,POL-928945,2026-01-13,NR,C,C,1,79901,2026-03-28,AG,Y,0
TFB-103532,POL-597433,2026-01-28,NR,H,A,0,76701,2026-02-15,CGL,Y,0
TFB-103533,POL-828524,2026-03-13,D,H,C,1,79901,2026-05-28,J,Y,0
TFB-103534,POL-792846,2026-02-12,NR,D,B,0,77002,2026-03-13,G,Y,0
TFB-103535,POL-637099,2026-04-10,C,H,A,0,76701,2026-04-29,AC,Y,0
TFB-103536,POL-804281,2026-01-24,C,H,A,1,75201,2026-04-01,K,Y,1
TFB-103537,POL-926764,2026-04-01,NR,T,B,1,79901,2026-06-05,ACG,Y,0
TFB-103538,POL-953602,2026-01-22,D,H,B,0,77002,2026-03-04,H,N,0
TFB-103539,POL-899500,2026-04-15,NR,D,A,0,76712,2026-05-26,A,Y,0
TFB-103540,POL-606670,2026-01-03,C,H,A,0,76710,2026-02-17,E,Y,0
TFB-103541,POL-562938,2026-01-28,C,C,A,0,76712,2026-02-20,FK,Y,0
TFB-103542,POL-894921,2026-03-24,D,C,B,0,78205,2026-04-15,FHJ,Y,0
TFB-103543,POL-937949,2026-04-13,C,D,B,1,76712,2026-06-26,BKL,N,0
TFB-103544,POL-746185,2026-01-10,D,H,A,0,79901,2026-01-28,AEL,Y,0
TFB-103545,POL-644726,2026-02-27,D,D,A,0,76701,2026-04-22,AJ,N,0
TFB-103546,POL-935124,2026-01-12,NR,H,B,1,79901,2026-03-29,BH,N,0
TFB-103547,POL-686660,2026-01-11,D,T,A,0,76710,2026-03-11,CF,Y,0
TFB-103548,POL-549425,2026-04-12,D,H,A,1,76712,2026-06-18,GI,Y,0
TFB-103549,POL-897995,2026-04-20,C,T,C,1,76712,2026-06-28,AHL,N,0
TFB-103550,POL-646406,2026-01-24,NR,D,C,0,78205,2026-03-11,D,Y,0
TFB-103551,POL-959387,2026-04-15,D,T,C,0,78701,2026-05-02,G,Y,0
TFB-103552,POL-939031,2026-01-31,D,C,B,0,76710,2026-03-06,AI,Y,0
TFB-103553,POL-632058,2026-03-03,C,H,A,0,78701,2026-04-24,L,Y,0
TFB-103554,POL-769504,2026-02-27,NR,D,A,1,79901,2026-05-04,BFL,N,0
TFB-103555,POL-926561,2026-02-05,NR,T,B,0,75201,2026-03-15,GI,Y,0
TFB-103556,POL-959447,2026-03-29,D,D,A,0,75201,2026-05-24,CK,Y,1
TFB-103557,POL-638778,2026-02-19,D,C,A,0,79901,2026-04-19,EGI,Y,0
TFB-103558,POL-842079,2026-04-21,C,H,A,1,76701,2026-06-20,BCE,N,0
TFB-103559,POL-538229,2026-01-25,D,T,C,0,76710,2026-03-05,FK,Y,1
TFB-103560,POL-832104,2026-04-05,NR,D,A,1,78205,2026-06-05,FIK,Y,0
TFB-103561,POL-679382,2026-03-16,D,C,B,0,76710,2026-05-02,DFI,N,0
TFB-103562,POL-861946,2026-01-27,D,T,B,0,78701,2026-03-06,I,N,0
TFB-103563,POL-583376,2026-02-26,D,H,C,0,,2026-04-19,HK,N,0
TFB-103564,POL-620726,2026-01-22,D,D,C,0,77002,2026-02-16,EI,Y,0
TFB-103565,POL-705947,2026-01-29,D,C,B,0,75201,2026-02-19,BG,Y,0
TFB-103566,POL-664664,2026-03-17,C,D,B,0,75201,2026-03-12,A,Y,0
TFB-103567,POL-564026,2026-04-12,D,C,B,1,78701,2026-06-11,AC,N,0
TFB-103568,POL-758633,2026-02-19,C,D,B,0,76701,2026-04-05,BGI,Y,0
TFB-103569,POL-667186,2026-03-11,D,D,C,0,78701,2026-04-30,BG,Y,0
TFB-103570,POL-664064,2026-03-16,D,C,B,0,76701,2026-04-19,EGL,Y,0
TFB-103571,POL-896668,2026-02-07,D,H,B,0,76701,2026-03-11,C,Y,0
TFB-103572,POL-596211,2026-04-17,C,D,C,0,78701,2026-05-20,BCI,N,0
TFB-103573,POL-685792,2026-03-02,D,D,C,0,78205,2026-04-08,CJ,N,0
TFB-103574,POL-512751,2026-04-10,D,C,C,0,76712,2026-05-14,K,N,0
TFB-103575,POL-950518,2026-02-11,D,D,C,0,76710,2026-03-23,H,Y,0
TFB-103576,POL-540908,2026-04-17,C,H,B,0,76701,2026-05-28,B,N,0
TFB-103577,POL-907032,2026-01-17,NR,C,B,0,77002,2026-03-13,KEB,N,0
TFB-103578,POL-803560,2026-03-04,C,C,B,0,78701,2026-04-05,K,Y,1
TFB-103579,POL-842123,2026-02-12,NR,D,B,1,76712,2026-05-10,E,Y,0
TFB-103580,POL-817299,2026-01-19,NR,H,C,0,78701,2026-02-16,AIL,Y,0
TFB-103581,POL-692510,2026-01-09,NR,H,B,1,78205,2026-03-11,C,N,0
TFB-103582,POL-764400,2026-01-22,C,C,C,0,78701,2026-02-09,IL,N,0
TFB-103583,POL-859876,2026-01-05,D,D,C,1,76712,2026-03-18,C,Y,0
TFB-103584,POL-591754,2026-02-26,C,H,C,0,76710,2026-03-31,EH,N,0
TFB-103585,POL-977971,2026-01-30,NR,H,C,0,78701,2026-02-15,EK,N,0
TFB-103586,POL-815389,2026-03-19,NR,C,A,1,78701,2026-05-24,EF,Y,0
TFB-103587,POL-951241,2026-04-06,NR,T,C,0,76710,2026-05-16,EH,Y,0
TFB-103588,POL-868000,2026-02-05,C,D,C,0,76701,2026-03-20,C,N,0
TFB-103589,POL-736893,2026-01-18,C,T,B,1,78205,2026-04-07,HJ,Y,0
TFB-103590,POL-596997,2026-01-18,D,T,C,0,76701,2026-03-08,FI,N,0
TFB-103591,POL-728710,2026-02-07,NR,H,B,0,77002,2026-03-12,I,Y,0
TFB-103592,POL-520643,2026-03-22,NR,T,B,0,78205,2026-05-15,KJ,N,0
TFB-103593,POL-536168,2026-02-14,D,T,B,0,76701,2026-04-06,BEH,Y,0
TFB-103594,POL-639127,2026-01-21,NR,H,C,0,79901,2026-02-05,B,Y,0
TFB-103595,POL-910126,2026-03-30,D,H,C,1,,2026-06-10,CH,Y,0
TFB-103596,POL-592370,2026-03-31,NR,C,B,0,75201,2026-05-10,CI,Y,0
TFB-103597,POL-507371,2026-01-28,NR,H,C,1,76710,2026-04-01,EJL,Y,0
TFB-103598,POL-756971,2026-04-16,NR,D,C,1,78701,2026-06-30,HL,N,0
TFB-103599,POL-552934,2026-03-25,C,C,B,1,79901,2026-03-20,ACH,Y,0
TFB-103600,POL-537898,2026-01-18,D,T,A,1,75201,2026-04-11,D,N,0
TFB-103601,POL-666671,2026-02-14,D,C,A,0,,2026-03-22,AG,N,0
TFB-103602,POL-729952,2026-03-26,NR,C,B,1,78701,2026-06-11,A,N,0
TFB-103603,POL-869573,2026-04-02,D,T,B,1,79901,2026-06-21,E,Y,0
TFB-103604,POL-597899,2026-01-07,NR,C,A,0,79901,2026-02-03,EGK,Y,1
TFB-103605,POL-596282,2026-02-13,NR,C,C,0,77002,2026-04-13,D,N,0
TFB-103606,POL-690599,2026-02-28,D,C,A,1,77002,2026-05-10,HJL,Y,0
TFB-103607,POL-597191,2026-01-13,C,C,B,0,78205,2026-02-09,AEH,Y,0
TFB-103608,POL-544462,2026-04-20,NR,H,B,0,76710,2026-05-28,AGK,Y,0
TFB-103609,POL-615935,2026-04-20,C,T,A,1,76712,2026-07-18,F,N,0
TFB-103610,POL-769551,2026-04-09,D,D,A,0,76701,2026-05-18,FJL,Y,0
TFB-103611,POL-700150,2026-04-07,D,H,C,0,77002,2026-05-31,AHJ,Y,0
TFB-103612,POL-733334,2026-02-11,NR,C,C,0,78205,2026-04-02,A,N,0
TFB-103613,POL-679824,2026-02-15,NR,D,C,0,78205,2026-03-26,J,Y,0
TFB-103614,POL-675253,2026-01-03,NR,D,A,0,76701,2026-02-09,KL,Y,1
TFB-103615,POL-748840,2026-03-26,NR,T,A,0,76712,2026-05-23,GJ,Y,0
TFB-103616,POL-521572,2026-04-19,NR,T,A,0,79901,2026-05-06,BCL,Y,0
TFB-103617,POL-511464,2026-03-21,NR,D,B,0,79901,2026-03-16,BEJ,Y,0
TFB-103618,POL-912464,2026-01-28,NR,D,C,1,76710,2026-01-23,BJ,Y,0
TFB-103619,POL-743769,2026-01-17,D,D,A,1,76701,2026-03-27,J,N,0
TFB-103620,POL-744485,2026-04-06,NR,H,C,0,78205,2026-06-04,K,N,0
TFB-103621,POL-545888,2026-02-11,NR,D,A,0,76712,2026-04-09,FH,Y,0
TFB-103622,POL-927916,2026-04-13,C,D,C,0,79901,2026-04-08,BHL,N,0
TFB-103623,POL-577417,2026-01-06,D,T,B,0,79901,2026-02-06,AD,Y,0
TFB-103624,POL-525055,2026-02-19,C,D,C,0,76701,2026-04-04,FL,Y,0
TFB-103625,POL-673195,2026-02-25,NR,H,C,0,77002,2026-03-17,AK,Y,1
TFB-103626,POL-990350,2026-03-02,C,H,B,1,79901,2026-05-27,BD,Y,0
TFB-103627,POL-574625,2026-01-31,NR,D,A,0,79901,2026-02-20,DH,Y,0
TFB-103628,POL-740445,2026-03-01,D,H,C,0,76712,2026-03-26,D,Y,0
TFB-103629,POL-705353,2026-01-16,D,H,C,0,77002,2026-03-03,H,Y,0
TFB-103630,POL-747425,2026-02-14,C,C,B,1,78701,2026-05-09,DH,Y,0
TFB-103631,POL-574765,2026-02-23,C,C,C,1,78701,2026-05-23,G,N,0
TFB-103632,POL-719307,2026-03-31,D,D,B,0,77002,2026-05-13,BE,Y,0
TFB-103633,POL-895465,2026-02-27,NR,C,A,1,76701,2026-05-24,CDF,N,0
TFB-103634,POL-827901,2026-01-24,C,C,C,1,79901,2026-04-07,AC,Y,0
TFB-103635,POL-688290,2026-02-10,D,D,B,0,77002,2026-03-30,H,Y,0
TFB-103636,POL-907480,2026-03-29,NR,C,B,1,78701,2026-06-06,EI,Y,0
TFB-103637,POL-678923,2026-02-08,NR,T,A,1,78205,2026-04-16,HA,N,0
TFB-103638,POL-903457,2026-02-17,C,T,C,1,79901,2026-04-28,L,Y,0
TFB-103639,POL-939771,2026-03-26,NR,C,C,0,77002,2026-04-19,JIA,N,0
TFB-103640,POL-761696,2026-02-04,C,D,B,0,76701,2026-02-24,J,Y,0
TFB-103641,POL-615643,2026-04-12,C,H,A,0,78701,2026-05-19,G,Y,0
TFB-103642,POL-987339,2026-03-30,D,T,B,1,78205,2026-06-24,BH,Y,0
TFB-103643,POL-854387,2026-04-21,D,D,A,0,76701,2026-06-16,EI,N,0
TFB-103644,POL-562996,2026-03-08,D,H,A,1,76712,2026-05-23,K,Y,0
TFB-103645,POL-804210,2026-02-11,C,D,B,0,75201,2026-04-08,AGJ,N,0
TFB-103646,POL-536211,2026-04-21,C,D,A,0,78701,2026-05-09,DG,Y,0
TFB-103647,POL-665723,2026-02-12,D,H,B,0,,2026-03-03,CG,Y,0
TFB-103648,POL-547778,2026-02-24,NR,T,B,1,78205,2026-05-06,B,N,0
TFB-103649,POL-841718,2026-02-06,C,H,C,1,75201,2026-04-28,J,N,0
TFB-103650,POL-574419,2026-01-24,NR,H,A,0,78701,2026-02-18,A,Y,0
TFB-103651,POL-665151,2026-03-04,NR,C,B,1,79901,2026-05-30,BH,Y,0
TFB-103652,POL-500512,2026-01-12,D,T,A,1,75201,2026-03-29,K,Y,1
TFB-103653,POL-640696,2026-01-03,D,D,A,1,79901,2026-03-07,EFL,Y,0
TFB-103654,POL-694100,2026-02-17,NR,H,A,0,78701,2026-04-04,AK,N,0
TFB-103655,POL-514616,2026-02-11,C,C,C,1,77002,2026-05-08,I,Y,0
TFB-103656,POL-607048,2026-03-10,C,T,A,1,76701,2026-05-25,ADL,N,0
TFB-103657,POL-794121,2026-02-03,NR,D,C,0,76710,2026-04-01,FI,Y,0
TFB-103658,POL-591450,2026-03-19,D,H,B,1,78205,2026-06-13,C,N,0
TFB-103659,POL-799425,2026-01-04,NR,T,B,0,78205,2026-02-10,K,Y,0
TFB-103660,POL-688036,2026-01-09,D,H,C,0,76712,2026-01-28,AI,Y,0
TFB-103661,POL-857412,2026-02-28,D,D,A,0,79901,2026-04-11,DL,Y,0
TFB-103662,POL-536146,2026-02-01,C,C,B,1,79901,2026-04-07,BHL,Y,0
TFB-103663,POL-958154,2026-01-07,C,C,C,1,76710,2026-03-25,CF,N,0
TFB-103664,POL-920650,2026-04-02,NR,C,C,1,75201,2026-06-04,CE,Y,0
TFB-103665,POL-663220,2026-01-16,D,H,A,0,76712,2026-02-19,J,Y,0
TFB-103666,POL-668675,2026-02-21,C,H,B,0,,2026-04-02,G,N,0
TFB-103667,POL-678382,2026-02-01,C,T,A,0,79901,2026-03-10,FHK,N,0
TFB-103668,POL-503527,2026-03-23,NR,D,C,1,78701,2026-06-10,ABF,N,0
TFB-103669,POL-862881,2026-01-07,C,H,B,0,76710,2026-02-20,BEJ,Y,0
TFB-103670,POL-835247,2026-02-08,NR,H,A,1,76701,2026-04-29,K,N,0
TFB-103671,POL-916569,2026-02-08,D,D,B,1,78205,2026-04-13,FGK,Y,1
TFB-103672,POL-783783,2026-03-02,D,D,C,0,76710,2026-03-20,IL,N,0
TFB-103673,POL-928766,2026-03-01,C,D,C,0,79901,2026-04-18,E,Y,0
TFB-103674,POL-858165,2026-01-21,C,C,A,0,76710,2026-02-13,AHK,Y,1
TFB-103675,POL-646405,2026-02-10,C,T,A,0,77002,2026-03-26,FL,N,0
TFB-103676,POL-730837,2026-02-21,C,D,B,0,79901,2026-04-12,BC,Y,0
TFB-103677,POL-673402,2026-04-04,C,H,A,0,76701,2026-04-28,CD,Y,0
TFB-103678,POL-846714,2026-03-22,D,D,A,1,78205,2026-05-21,AFI,Y,0
TFB-103679,POL-545039,2026-04-06,NR,C,C,1,76701,2026-06-15,BGH,Y,0
TFB-103680,POL-532853,2026-03-08,NR,H,A,0,76701,2026-04-02,G,Y,0
TFB-103681,POL-837094,2026-03-21,D,T,A,0,75201,2026-04-14,GL,N,0
TFB-103682,POL-927652,2026-03-12,D,C,A,1,75201,2026-05-15,DHJ,N,0
TFB-103683,POL-980530,2026-01-18,C,H,B,1,75201,2026-03-29,CE,N,0
TFB-103684,POL-808023,2026-03-21,NR,H,A,1,76712,2026-05-22,BFH,Y,0
TFB-103685,POL-703063,2026-03-25,NR,T,B,1,76701,2026-06-20,AE,Y,0
TFB-103686,POL-648895,2026-02-21,C,H,A,0,78701,2026-03-31,I,Y,0
TFB-103687,POL-557187,2026-02-10,NR,C,B,0,78701,2026-03-16,GJK,Y,0
TFB-103688,POL-623295,2026-03-08,C,D,B,0,78205,2026-04-15,EJL,Y,0
TFB-103689,POL-569460,2026-04-13,NR,C,B,1,76701,2026-07-02,A,Y,0
TFB-103690,POL-912073,2026-01-21,D,T,A,0,76710,2026-03-09,DL,Y,0
TFB-103691,POL-637295,2026-04-16,C,C,B,0,78701,2026-05-03,E,Y,0
TFB-103692,POL-868431,2026-01-26,NR,H,B,0,77002,2026-03-05,E,Y,0
TFB-103693,POL-598214,2026-04-03,D,C,C,1,78701,2026-06-21,E,Y,0
TFB-103694,POL-816101,2026-02-19,D,H,A,0,76701,2026-03-30,CH,Y,0
TFB-103695,POL-594805,2026-01-13,C,T,C,1,79901,2026-03-28,HL,N,0
TFB-103696,POL-690022,2026-02-04,C,T,A,0,76701,2026-03-19,FIK,Y,1
TFB-103697,POL-896049,2026-03-29,D,C,A,1,76710,2026-06-18,HI,Y,0
TFB-103698,POL-577787,2026-02-09,NR,T,A,0,76710,2026-02-28,ADF,Y,0
TFB-103699,POL-597461,2026-01-29,D,H,C,0,78701,2026-02-23,EF,N,0
TFB-103700,POL-962022,2026-01-18,C,C,A,0,79901,2026-02-03,DFJ,Y,0
TFB-103701,POL-549412,2026-04-08,NR,T,C,0,76710,2026-04-24,H,Y,0
TFB-103702,POL-846180,2026-04-18,NR,D,B,0,76701,2026-05-25,DEG,N,0
TFB-103703,POL-726854,2026-04-12,C,C,A,0,78205,2026-05-01,DI,N,0
TFB-103704,POL-888982,2026-03-25,NR,D,A,1,78701,2026-06-06,BGL,N,0
TFB-103705,POL-762785,2026-01-16,D,D,A,0,76701,2026-02-03,ACG,N,0
TFB-103706,POL-637356,2026-03-07,D,C,A,0,79901,2026-04-18,AE,Y,0
TFB-103707,POL-887280,2026-03-25,NR,T,A,1,76701,2026-06-09,BEL,Y,0
TFB-103708,POL-875480,2026-03-04,C,T,B,1,78701,2026-05-28,ABC,Y,0
TFB-103709,POL-623355,2026-02-16,D,D,C,0,78701,2026-04-01,E,Y,0
TFB-103710,POL-758345,2026-03-07,D,C,C,0,75201,2026-04-20,E,Y,0
TFB-103711,POL-861224,2026-01-12,NR,D,A,0,77002,2026-02-17,HIL,Y,0
TFB-103712,POL-649485,2026-01-24,NR,D,A,0,78701,2026-02-28,AC,Y,0
TFB-103713,POL-637565,2026-01-05,C,H,A,0,76701,2026-01-30,K,Y,1
TFB-103714,POL-584758,2026-01-18,NR,D,C,0,76712,2026-02-27,CJ,Y,0
TFB-103715,POL-699762,2026-02-11,NR,C,C,0,78205,2026-03-28,CEH,Y,0
TFB-103716,POL-721130,2026-02-19,NR,H,A,0,,2026-03-07,C,Y,0
TFB-103717,POL-534692,2026-02-13,NR,D,A,1,78701,2026-04-26,BGJ,N,0
TFB-103718,POL-583399,2026-04-19,D,C,A,1,79901,2026-07-16,J,Y,0
TFB-103719,POL-784055,2026-02-06,NR,C,A,1,78701,2026-04-23,A,Y,0
TFB-103720,POL-883192,2026-02-18,NR,D,A,0,78205,2026-04-18,GH,Y,0
TFB-103721,POL-762952,2026-03-26,D,T,B,1,79901,2026-06-20,B,Y,0
TFB-103722,POL-780394,2026-04-01,D,D,C,1,76701,2026-06-29,AB,N,0
TFB-103723,POL-652190,2026-01-27,D,H,B,1,78701,2026-03-31,BCG,Y,0
TFB-103724,POL-877672,2026-01-11,C,C,A,0,77002,2026-02-12,L,N,0
TFB-103725,POL-872004,2026-04-15,NR,H,A,1,76701,2026-06-27,H,Y,0
TFB-103726,POL-710299,2026-03-01,D,T,C,0,79901,2026-04-15,HIK,Y,0
TFB-103727,POL-924113,2026-03-03,D,H,C,0,76701,2026-04-12,DG,N,0
TFB-103728,POL-943941,2026-03-21,D,D,C,0,75201,2026-04-18,EL,Y,0
TFB-103729,POL-952121,2026-03-26,C,D,A,1,76710,2026-06-21,FJ,Y,0
TFB-103730,POL-584176,2026-04-08,NR,H,B,0,75201,2026-05-11,AG,N,0
TFB-103731,POL-563911,2026-03-02,C,T,C,0,75201,2026-03-19,A,Y,0
TFB-103732,POL-830438,2026-02-12,D,H,B,0,76701,2026-03-26,AK,N,0
TFB-103733,POL-818747,2026-03-24,NR,T,C,0,75201,2026-05-10,BI,N,0
TFB-103734,POL-853768,2026-03-04,C,H,A,0,78205,2026-03-21,F,Y,0
TFB-103735,POL-880073,2026-01-29,D,H,C,1,78205,2026-04-29,AB,N,0
TFB-103736,POL-826205,2026-03-21,C,C,B,1,76712,2026-06-13,CFG,Y,0
TFB-103737,POL-605527,2026-03-01,C,C,A,0,76701,2026-04-03,CHK,Y,1
TFB-103738,POL-769493,2026-01-30,D,H,B,1,77002,2026-04-16,BG,N,0
TFB-103739,POL-693483,2026-02-12,D,T,C,0,78205,2026-03-26,K,Y,1
TFB-103740,POL-638506,2026-02-17,C,C,B,0,77002,2026-03-16,I,Y,0
TFB-103741,POL-766588,2026-03-08,D,D,B,1,75201,2026-06-05,AK,N,0
TFB-103742,POL-861980,2026-02-17,C,H,A,1,78205,2026-04-27,BG,N,0
TFB-103743,POL-853233,2026-04-16,NR,H,A,0,75201,2026-05-25,K,N,0
TFB-103744,POL-602628,2026-01-16,NR,H,A,0,75201,2026-02-25,EJ,N,0
TFB-103745,POL-977662,2026-01-28,NR,D,B,0,76701,2026-03-05,HI,Y,0
TFB-103746,POL-646414,2026-03-14,NR,D,A,0,76701,2026-04-07,E,N,0
TFB-103747,POL-887953,2026-02-01,C,C,B,1,76701,2026-04-09,CK,Y,1
TFB-103748,POL-671216,2026-02-26,C,D,B,0,79901,2026-04-22,EFJ,Y,0
TFB-103749,POL-515598,2026-01-05,C,T,C,1,78205,2026-03-06,J,N,0
TFB-103750,POL-661376,2026-03-20,D,D,A,0,78205,2026-04-09,C,Y,0
TFB-103751,POL-637315,2026-01-28,NR,C,C,1,76710,2026-04-09,G,N,0
TFB-103752,POL-825557,2026-02-22,NR,C,B,1,78701,2026-05-18,DL,Y,0
TFB-103753,POL-812810,2026-04-18,NR,D,B,0,78205,2026-06-04,H,Y,0
TFB-103754,POL-752047,2026-02-25,NR,D,A,1,76701,2026-04-27,G,Y,0
TFB-103755,POL-575876,2026-04-18,D,T,A,0,75201,2026-05-05,GK,N,0
TFB-103756,POL-866487,2026-04-06,D,C,C,0,76701,2026-04-01,BE,N,0
TFB-103757,POL-613308,2026-03-02,D,D,C,1,75201,2026-05-19,D,Y,0
TFB-103758,POL-966129,2026-04-11,C,H,B,0,78205,2026-06-07,AFK,Y,0
TFB-103759,POL-976325,2026-01-17,D,C,A,1,78205,2026-04-01,E,Y,0
TFB-103760,POL-668542,2026-04-08,C,C,B,0,75201,2026-05-07,BCG,N,0
TFB-103761,POL-608292,2026-04-06,NR,T,B,0,75201,2026-05-09,BFI,Y,0
TFB-103762,POL-873547,2026-02-18,D,H,B,0,76710,2026-03-09,BC,Y,0
TFB-103763,POL-666431,2026-01-01,NR,C,A,0,76710,2026-02-04,L,N,0
TFB-103764,POL-925994,2026-03-27,D,H,C,0,78205,2026-04-26,EH,Y,0
TFB-103765,POL-572931,2026-04-17,C,H,B,0,78701,2026-06-11,FGH,N,0
TFB-103766,POL-996388,2026-03-15,D,H,C,1,77002,2026-05-28,DEI,N,0
TFB-103767,POL-550510,2026-02-04,C,T,B,0,78205,2026-03-19,EGK,Y,1
TFB-103768,POL-633938,2026-02-09,D,C,B,0,79901,2026-02-28,H,N,0
TFB-103769,POL-744456,2026-02-13,NR,H,A,0,79901,2026-04-04,AG,Y,0
TFB-103770,POL-968778,2026-04-02,D,T,B,0,76712,2026-04-22,GL,N,0
TFB-103771,POL-971704,2026-02-27,D,T,B,0,77002,2026-04-08,I,Y,0
TFB-103772,POL-737476,2026-01-06,D,H,C,0,78701,2026-01-27,C,Y,0
TFB-103773,POL-931254,2026-01-02,C,C,B,0,76701,2026-02-25,BFI,N,0
TFB-103774,POL-524837,2026-04-07,NR,C,A,0,76712,2026-04-27,DJK,Y,1
TFB-103775,POL-738166,2026-02-07,NR,T,B,1,78205,2026-04-16,CDJ,Y,0
TFB-103776,POL-801028,2026-02-03,NR,C,C,0,78205,2026-04-01,EJL,N,0
TFB-103777,POL-792142,2026-01-25,NR,C,C,0,76712,2026-03-13,A,Y,0
TFB-103778,POL-951491,2026-01-03,NR,H,C,1,76710,2026-03-18,BKL,Y,1
TFB-103779,POL-554093,2026-01-23,C,H,C,1,76710,2026-03-28,CI,Y,0
TFB-103780,POL-629826,2026-04-18,D,D,C,1,76710,2026-06-29,DEK,Y,0
TFB-103781,POL-583242,2026-04-14,D,H,C,0,78205,2026-05-09,CJ,Y,0
TFB-103782,POL-716327,2026-04-06,C,H,A,0,78701,2026-05-19,F,N,0
TFB-103783,POL-920318,2026-01-07,NR,H,B,0,76710,2026-02-14,F,Y,0
TFB-103784,POL-745598,2026-01-26,D,C,C,0,79901,2026-03-25,AE,Y,0
TFB-103785,POL-986084,2026-01-16,D,T,B,0,76710,2026-02-04,EIL,N,0
TFB-103786,POL-949967,2026-04-03,C,H,A,0,76712,2026-05-27,A,N,0
TFB-103787,POL-771274,2026-04-10,NR,T,B,0,79901,2026-05-28,A,Y,0
TFB-103788,POL-592943,2026-04-15,D,T,B,0,76710,2026-06-10,HJ,N,0
TFB-103789,POL-806303,2026-02-26,NR,H,A,1,76701,2026-05-24,DFG,N,0
TFB-103790,POL-890023,2026-02-16,NR,D,B,1,78205,2026-04-19,DIL,N,0
TFB-103791,POL-625420,2026-04-04,NR,H,C,0,79901,2026-05-19,ADG,N,0
TFB-103792,POL-770071,2026-03-29,C,T,B,1,76710,2026-05-31,IK,Y,0
TFB-103793,POL-827856,2026-03-15,C,D,A,1,78701,2026-05-15,BIL,Y,0
TFB-103794,POL-721635,2026-01-30,D,T,B,0,77002,2026-02-22,H,N,0
TFB-103795,POL-787169,2026-01-20,NR,D,A,1,76712,2026-04-01,FJ,N,0
TFB-103796,POL-812699,2026-01-25,D,D,A,0,76712,2026-03-09,CI,N,0
TFB-103797,POL-742753,2026-01-29,D,T,C,1,77002,2026-04-23,GK,Y,1
TFB-103798,POL-502839,2026-04-16,D,T,B,1,76710,2026-06-29,DH,Y,0
TFB-103799,POL-701158,2026-04-01,NR,H,A,0,79901,2026-04-22,F,N,0
TFB-103800,POL-863250,2026-03-15,D,D,B,1,77002,2026-06-10,AC,N,0
TFB-103801,POL-964795,2026-02-13,NR,H,A,1,78205,2026-05-05,HIL,Y,0
TFB-103802,POL-513462,2026-01-06,D,C,C,1,75201,2026-03-16,GHK,Y,1
TFB-103803,POL-825594,2026-01-15,NR,C,A,0,76710,2026-01-31,C,N,0
TFB-103804,POL-526231,2026-03-26,NR,C,C,0,75201,2026-04-18,K,Y,1
TFB-103805,POL-746027,2026-03-23,D,C,A,0,76710,2026-04-10,L,Y,0
TFB-103806,POL-698783,2026-01-21,C,C,C,1,76712,2026-03-24,I,N,0
TFB-103807,POL-668217,2026-02-26,NR,H,B,0,77002,2026-04-24,K,N,0
TFB-103808,POL-841739,2026-03-01,D,D,B,1,76710,2026-05-13,FJ,Y,0
TFB-103809,POL-658577,2026-03-28,NR,T,B,0,77002,2026-04-26,CEH,Y,0
TFB-103810,POL-873628,2026-01-05,D,D,C,0,78205,2026-02-02,IL,Y,0
TFB-103811,POL-703598,2026-01-26,C,H,B,0,79901,2026-03-12,D,Y,0
TFB-103812,POL-705380,2026-04-05,NR,D,C,1,77002,2026-03-31,A,Y,0
TFB-103813,POL-766144,2026-02-03,C,C,A,1,77002,2026-04-21,AE,N,0
TFB-103814,POL-651360,2026-04-04,D,D,C,0,77002,2026-05-31,AC,Y,0
TFB-103815,POL-935951,2026-04-03,C,D,A,1,78205,2026-06-30,DJL,N,0
TFB-103816,POL-841285,2026-02-18,NR,H,B,1,76710,2026-05-18,CI,N,0
TFB-103817,POL-918308,2026-03-24,NR,T,A,0,77002,2026-05-22,I,Y,0
TFB-103818,POL-881890,2026-03-13,D,T,A,0,79901,2026-04-21,AFK,Y,1
TFB-103819,POL-572391,2026-01-17,NR,C,A,0,78205,2026-02-11,AI,Y,0
TFB-103820,POL-570623,2026-02-04,D,T,A,1,75201,2026-04-19,KL,N,0
TFB-103821,POL-622644,2026-03-04,D,C,A,0,77002,2026-04-13,I,Y,0
TFB-103822,POL-546670,2026-01-24,NR,H,A,0,79901,2026-03-14,K,Y,1
TFB-103823,POL-750360,2026-01-30,NR,D,A,0,76712,2026-03-01,J,N,0
TFB-103824,POL-781990,2026-01-04,C,H,B,0,77002,2026-01-28,BF,Y,0
TFB-103825,POL-907998,2026-04-19,C,C,A,0,76710,2026-05-27,BDE,Y,0
TFB-103826,POL-826874,2026-02-14,C,C,A,1,79901,2026-04-30,I,Y,0
TFB-103827,POL-906693,2026-02-17,D,C,B,0,76712,2026-03-28,AK,Y,1
TFB-103828,POL-990336,2026-03-10,NR,C,B,0,76712,2026-03-28,I,N,0
TFB-103829,POL-548055,2026-01-06,D,H,C,0,76712,2026-02-27,AD,Y,0
TFB-103830,POL-559114,2026-02-11,NR,T,A,1,76710,2026-05-02,BDJ,Y,0
TFB-103831,POL-829430,2026-03-13,C,C,A,0,76710,2026-05-04,AJL,Y,0
TFB-103832,POL-671425,2026-01-03,NR,C,B,1,78205,2026-04-03,AEH,N,0
TFB-103833,POL-552900,2026-01-25,C,C,A,0,78205,2026-02-21,AHL,N,0
TFB-103834,POL-788183,2026-02-19,D,T,B,1,76710,2026-05-17,HJL,Y,0
TFB-103835,POL-688942,2026-03-18,C,H,A,0,77002,2026-04-22,CFJ,Y,0
TFB-103836,POL-775206,2026-01-09,D,D,B,1,76710,2026-03-31,JL,N,0
TFB-103837,POL-807421,2026-02-28,C,H,B,1,76710,2026-02-23,E,N,0
TFB-103838,POL-731427,2026-01-04,D,D,B,0,76710,2026-02-16,CF,N,0
TFB-103839,POL-969844,2026-01-26,D,C,A,0,76710,2026-03-09,BDH,N,0
TFB-103840,POL-953768,2026-03-15,NR,H,B,1,75201,2026-05-19,CL,Y,0
TFB-103841,POL-652743,2026-02-25,C,D,B,0,76712,2026-03-31,L,N,0
TFB-103842,POL-536149,2026-02-14,D,C,C,1,78701,2026-04-30,AFH,N,0
TFB-103843,POL-923453,2026-03-27,C,H,B,0,76710,2026-04-16,CDF,Y,0
TFB-103844,POL-755348,2026-04-02,D,D,C,1,77002,2026-06-01,AF,Y,0
TFB-103845,POL-791082,2026-02-07,NR,H,B,0,76710,2026-02-24,B,N,0
TFB-103846,POL-628182,2026-01-27,C,H,C,1,77002,2026-04-27,I,Y,0
TFB-103847,POL-987032,2026-03-08,D,C,C,0,76712,2026-04-24,BF,N,0
TFB-103848,POL-783674,2026-03-15,C,D,C,1,76710,2026-05-14,G,N,0
TFB-103849,POL-987451,2026-03-06,D,T,C,1,76701,2026-06-04,BI,Y,0
TFB-103850,POL-674702,2026-02-15,C,H,A,0,75201,2026-03-26,EHK,N,0
TFB-103851,POL-908162,2026-02-24,NR,T,C,1,76712,2026-05-24,EFK,Y,1
TFB-103852,POL-886223,2026-03-15,D,H,B,0,76712,2026-04-21,AK,Y,0
TFB-103853,POL-658609,2026-01-21,NR,C,A,0,76712,2026-02-05,EHI,N,0
TFB-103854,POL-514720,2026-03-10,C,D,A,0,77002,2026-04-24,EKL,N,0
TFB-103855,POL-915829,2026-03-22,C,D,C,0,78701,2026-04-22,EH,N,0
TFB-103856,POL-601017,2026-01-09,C,H,C,0,78701,2026-02-12,DE,Y,0
TFB-103857,POL-963177,2026-04-01,NR,D,C,0,76712,2026-04-30,FJK,Y,1
TFB-103858,POL-608988,2026-01-08,D,C,B,0,78205,2026-02-13,BE,Y,0
TFB-103859,POL-583818,2026-02-14,D,H,A,1,75201,2026-05-11,H,N,0
TFB-103860,POL-911200,2026-01-23,C,T,B,1,76701,2026-04-22,I,Y,0
TFB-103861,POL-741609,2026-04-06,D,T,C,0,78205,2026-05-19,AL,Y,0
TFB-103862,POL-630713,2026-03-03,D,D,B,0,76712,2026-03-27,DGI,N,0
TFB-103863,POL-568999,2026-03-10,NR,H,C,1,76701,2026-05-18,HK,Y,1
TFB-103864,POL-898770,2026-03-18,C,D,C,1,79901,2026-05-28,EL,Y,0
TFB-103865,POL-696248,2026-02-19,C,H,C,0,78701,2026-03-07,B,Y,0
TFB-103866,POL-671021,2026-03-01,C,D,B,1,76712,2026-05-06,G,Y,0
TFB-103867,POL-826382,2026-01-02,C,D,C,0,76701,2026-01-31,L,N,0
TFB-103868,POL-838002,2026-01-30,NR,T,A,0,75201,2026-03-05,D,Y,0
TFB-103869,POL-936782,2026-01-23,NR,T,A,1,78701,2026-04-18,CH,Y,0
TFB-103870,POL-541377,2026-02-03,D,D,A,0,76712,2026-03-05,DH,N,0
TFB-103871,POL-878314,2026-01-25,D,T,A,1,76710,2026-04-15,BEL,N,0
TFB-103872,POL-676576,2026-01-27,D,D,B,0,75201,2026-03-18,AH,N,0
TFB-103873,POL-694278,2026-03-22,NR,D,A,0,76710,2026-04-07,K,Y,1
TFB-103874,POL-959329,2026-02-19,NR,C,C,0,78205,2026-04-17,FK,Y,1
TFB-103875,POL-952077,2026-01-13,C,T,C,1,78701,2026-03-18,BGH,Y,0
TFB-103876,POL-950496,2026-04-06,C,T,A,0,79901,2026-05-08,JK,Y,1
TFB-103877,POL-986144,2026-02-01,NR,C,A,0,78205,2026-03-27,EIL,Y,0
TFB-103878,POL-695502,2026-01-31,D,D,A,0,76712,2026-03-07,FHI,N,0
TFB-103879,POL-572317,2026-01-09,D,C,C,1,78701,2026-03-13,H,Y,0
TFB-103880,POL-574947,2026-03-08,D,H,B,1,79901,2026-06-03,CK,N,0
TFB-103881,POL-796082,2026-03-18,C,C,C,0,76701,2026-04-21,H,N,0
TFB-103882,POL-621608,2026-01-19,D,D,B,1,78205,2026-04-16,F,N,0
TFB-103883,POL-787144,2026-02-25,D,T,A,1,76710,2026-05-26,CFI,Y,0
TFB-103884,POL-505039,2026-01-28,C,D,A,0,76712,2026-02-14,BCD,Y,0
TFB-103885,POL-842061,2026-01-06,C,T,C,1,76710,2026-04-04,IJL,Y,0
TFB-103886,POL-768564,2026-02-04,NR,D,C,0,76701,2026-03-17,H,Y,0
TFB-103887,POL-943137,2026-01-06,D,D,C,0,76701,2026-02-18,IL,Y,0
TFB-103888,POL-849267,2026-04-03,D,C,C,0,76710,2026-05-01,IL,N,0
TFB-103889,POL-945879,2026-04-21,NR,D,B,1,76712,2026-07-02,DEG,Y,0
TFB-103890,POL-948418,2026-04-08,NR,T,A,0,77002,2026-04-29,I,Y,0
TFB-103891,POL-566677,2026-02-14,D,T,B,0,78205,2026-03-27,GHI,N,0
TFB-103892,POL-691478,2026-02-08,C,D,A,0,79901,2026-03-09,CDG,Y,0
TFB-103893,POL-606654,2026-01-22,D,T,B,0,76701,2026-02-25,CDK,Y,1
TFB-103894,POL-896347,2026-03-22,D,H,A,0,78701,2026-04-20,D,Y,0
TFB-103895,POL-531984,2026-03-22,D,C,A,0,77002,2026-04-18,A,N,0
TFB-103896,POL-909833,2026-03-10,C,C,A,1,76712,2026-05-14,FJL,Y,0
TFB-103897,POL-785092,2026-04-06,NR,D,B,0,78205,2026-04-23,BJ,Y,0
TFB-103898,POL-585686,2026-02-02,D,T,B,0,76710,2026-02-26,H,Y,0
TFB-103899,POL-758057,2026-04-16,NR,T,A,0,78701,2026-05-31,K,Y,0
TFB-103900,POL-761184,2026-04-14,C,H,B,0,,2026-05-06,DI,Y,0
TFB-103901,POL-938493,2026-03-19,D,C,A,0,78701,2026-04-08,F,Y,0
TFB-103902,POL-891534,2026-02-10,D,C,A,1,75201,2026-04-17,H,N,0
TFB-103903,POL-662365,2026-01-21,NR,D,B,0,79901,2026-03-06,LGF,Y,0
TFB-103904,POL-897129,2026-04-03,D,T,C,1,76712,2026-06-21,FGH,Y,0
TFB-103905,POL-549106,2026-01-16,NR,D,C,0,75201,2026-02-14,F,Y,0
TFB-103906,POL-983061,2026-01-14,D,T,B,0,75201,2026-03-03,AJ,N,0
TFB-103907,POL-803315,2026-01-01,D,T,B,0,79901,2026-02-06,D,N,0
TFB-103908,POL-591866,2026-02-12,C,D,C,0,78205,2026-04-11,BKL,Y,1
TFB-103909,POL-805597,2026-03-17,NR,H,C,1,75201,2026-05-31,A,Y,0
TFB-103910,POL-704184,2026-02-10,NR,T,A,0,75201,2026-04-04,GI,N,0
TFB-103911,POL-595220,2026-04-15,NR,C,A,0,77002,2026-05-21,J,Y,0
TFB-103912,POL-931253,2026-02-26,D,D,A,0,78205,2026-03-27,L,N,0
TFB-103913,POL-682456,2026-02-21,NR,C,C,1,76712,2026-05-01,EL,N,0
TFB-103914,POL-688852,2026-02-08,NR,T,B,0,78701,2026-04-04,AFG,Y,0
TFB-103915,POL-957815,2026-03-20,C,D,A,1,76701,2026-05-30,BG,N,0
TFB-103916,POL-519097,2026-02-23,NR,T,A,0,76710,2026-04-05,A,Y,0
TFB-103917,POL-500369,2026-04-17,C,T,A,1,76712,2026-07-05,AJL,N,0
TFB-103918,POL-542045,2026-03-02,D,H,A,1,76710,2026-05-04,B,Y,0
TFB-103919,POL-615357,2026-02-23,NR,C,B,1,78205,2026-05-15,FJL,Y,0
TFB-103920,POL-974770,2026-04-21,NR,C,B,1,76701,2026-07-07,BJL,N,0
TFB-103921,POL-588750,2026-04-18,C,D,B,0,79901,2026-05-08,D,Y,0
TFB-103922,POL-923927,2026-01-12,NR,T,B,0,76701,2026-02-07,AEF,Y,0
TFB-103923,POL-709705,2026-01-17,D,D,A,1,78701,2026-03-21,E,Y,0
TFB-103924,POL-939684,2026-02-20,C,C,C,1,76710,2026-04-24,I,Y,0
TFB-103925,POL-972986,2026-02-17,NR,C,B,0,77002,2026-02-12,AHI,Y,0
TFB-103926,POL-984585,2026-03-28,NR,T,C,0,76710,2026-05-04,B,Y,0
TFB-103927,POL-589768,2026-01-26,D,C,A,1,77002,2026-03-30,JFE,Y,0
TFB-103928,POL-550242,2026-04-01,C,C,C,0,78701,2026-03-27,EH,N,0
TFB-103929,POL-768412,2026-01-02,C,C,A,1,76710,2026-03-20,E,N,0
TFB-103930,POL-912143,2026-02-26,C,T,C,0,76701,2026-03-18,FK,N,0
TFB-103931,POL-873280,2026-03-17,C,D,C,0,78701,2026-04-04,D,Y,0
TFB-103932,POL-594012,2026-01-29,D,D,B,1,78205,2026-04-19,EI,N,0
TFB-103933,POL-983145,2026-03-01,NR,D,A,0,78205,2026-03-16,B,Y,0
TFB-103934,POL-946679,2026-01-21,NR,H,C,1,78205,2026-04-16,AEF,N,0
TFB-103935,POL-580644,2026-03-02,D,C,A,1,78205,2026-05-05,G,N,0
TFB-103936,POL-672071,2026-01-20,D,T,A,1,76701,2026-04-03,EK,Y,1
TFB-103937,POL-713797,2026-01-11,D,T,B,1,79901,2026-04-04,E,Y,0
TFB-103938,POL-809868,2026-03-20,NR,H,B,1,77002,2026-06-15,J,Y,0
TFB-103939,POL-578069,2026-01-09,D,C,A,0,78205,2026-02-24,F,N,0
TFB-103940,POL-911961,2026-01-20,D,T,B,1,75201,2026-04-07,E,N,0
TFB-103941,POL-940938,2026-01-12,C,T,A,0,77002,2026-03-02,G,Y,0
TFB-103942,POL-921847,2026-01-02,C,C,A,0,76710,2026-02-15,JK,N,0
TFB-103943,POL-525209,2026-02-23,NR,H,A,1,75201,2026-05-17,IJ,N,0
TFB-103944,POL-581517,2026-03-16,NR,H,B,1,77002,2026-06-08,CG,Y,0
TFB-103945,POL-701938,2026-03-02,NR,D,C,1,76701,2026-05-07,AD,N,0
TFB-103946,POL-727758,2026-01-23,C,D,A,1,75201,2026-04-02,AL,N,0
TFB-103947,POL-823874,2026-03-10,D,D,B,0,76712,2026-04-04,AK,Y,1
TFB-103948,POL-779508,2026-04-04,D,H,C,1,,2026-07-01,EIL,Y,0
TFB-103949,POL-533581,2026-03-28,C,T,B,1,76701,2026-06-20,BEK,Y,0
TFB-103950,POL-549569,2026-02-12,C,T,B,1,,2026-04-27,L,N,0
TFB-103951,POL-757858,2026-03-13,NR,H,B,0,77002,2026-04-20,DG,N,0
TFB-103952,POL-615089,2026-01-26,C,C,A,0,75201,2026-03-16,I,N,0
TFB-103953,POL-504650,2026-01-27,D,T,A,0,76701,2026-02-20,EGH,N,0
TFB-103954,POL-665667,2026-03-31,NR,H,C,0,76701,2026-04-28,E,Y,0
TFB-103955,POL-581495,2026-02-19,D,C,A,1,76712,2026-04-23,BEF,N,0
TFB-103956,POL-918331,2026-01-06,NR,C,A,0,75201,2026-02-05,CD,N,0
TFB-103957,POL-740409,2026-04-14,C,H,A,0,78205,2026-05-27,J,Y,0
TFB-103958,POL-992297,2026-03-16,NR,D,A,1,79901,2026-05-22,HL,Y,0
TFB-103959,POL-763012,2026-03-19,D,C,B,1,76710,2026-06-01,C,Y,0
TFB-103960,POL-846921,2026-03-18,C,D,A,0,78205,2026-04-13,LKA,N,0
TFB-103961,POL-958813,2026-01-18,C,H,C,0,76710,2026-03-03,K,N,0
TFB-103962,POL-551675,2026-03-15,NR,T,B,1,78701,2026-05-28,DE,Y,0
TFB-103963,POL-978296,2026-01-29,C,H,A,0,76712,2026-03-15,AEI,N,0
TFB-103964,POL-913835,2026-02-03,NR,H,B,0,79901,2026-03-25,H,Y,0
TFB-103965,POL-542061,2026-03-28,NR,D,A,1,77002,2026-06-20,A,Y,0
TFB-103966,POL-849260,2026-01-29,D,H,B,0,75201,2026-03-23,BFJ,Y,0
TFB-103967,POL-693643,2026-03-10,C,C,C,0,76712,2026-05-01,CGH,Y,0
TFB-103968,POL-874218,2026-03-13,NR,T,C,0,75201,2026-04-19,G,N,0
TFB-103969,POL-929357,2026-03-14,C,T,B,0,75201,2026-04-28,KL,Y,1
TFB-103970,POL-504167,2026-02-01,C,T,C,0,78701,2026-03-24,J,Y,0
TFB-103971,POL-869274,2026-03-22,D,T,B,1,76701,2026-06-04,B,N,0
TFB-103972,POL-672660,2026-01-09,C,D,C,1,76712,2026-03-25,C,Y,0
TFB-103973,POL-617394,2026-01-02,NR,H,B,0,76710,2026-02-13,EF,Y,0
TFB-103974,POL-979554,2026-04-13,NR,T,A,0,79901,2026-05-01,ADF,Y,0
TFB-103975,POL-771654,2026-04-19,C,D,C,1,76710,2026-07-15,JL,N,0
TFB-103976,POL-776055,2026-02-01,C,H,B,0,79901,2026-03-06,H,N,0
TFB-103977,POL-590274,2026-01-19,C,C,B,1,76701,2026-04-02,GL,N,0
TFB-103978,POL-506912,2026-02-11,D,T,C,1,78701,2026-05-11,ACI,Y,0
TFB-103979,POL-518951,2026-01-09,NR,H,B,0,78205,2026-03-06,E,Y,0
TFB-103980,POL-893812,2026-02-20,C,T,B,1,78701,2026-04-28,G,Y,0
TFB-103981,POL-506793,2026-03-16,C,H,A,0,76712,2026-04-14,I,N,0
TFB-103982,POL-659181,2026-03-04,C,C,C,0,78205,2026-02-27,BG,Y,0
TFB-103983,POL-724263,2026-03-17,D,H,B,1,75201,2026-06-14,C,N,0
TFB-103984,POL-755140,2026-01-18,NR,H,C,1,75201,2026-03-19,GIL,N,0
TFB-103985,POL-743040,2026-02-02,NR,T,B,1,75201,2026-05-03,F,Y,0
TFB-103986,POL-584861,2026-03-23,NR,C,A,0,76710,2026-05-12,K,N,0
TFB-103987,POL-552974,2026-02-20,NR,T,C,1,78701,2026-04-28,BD,N,0
TFB-103988,POL-825988,2026-03-23,NR,D,C,1,79901,2026-06-14,DFG,Y,0
TFB-103989,POL-981201,2026-01-21,C,D,B,0,75201,2026-03-10,DK,N,0
TFB-103990,POL-830571,2026-02-27,D,H,A,0,77002,2026-04-24,HL,Y,0
TFB-103991,POL-809606,2026-01-05,D,T,C,1,76712,2026-03-23,AJ,Y,0
TFB-103992,POL-860657,2026-04-07,NR,C,C,1,76701,2026-06-23,BCH,Y,0
TFB-103993,POL-730005,2026-03-01,NR,D,C,0,75201,2026-03-21,HJL,N,0
TFB-103994,POL-932771,2026-03-22,C,H,B,0,76712,2026-04-14,CGJ,Y,0
TFB-103995,POL-943189,2026-01-18,C,C,C,1,76710,2026-03-31,K,Y,1
TFB-103996,POL-564918,2026-01-26,NR,C,A,0,76701,2026-02-14,F,N,0
TFB-103997,POL-567392,2026-01-17,D,T,C,1,76712,2026-03-21,E,Y,0
TFB-103998,POL-689557,2026-03-12,NR,D,A,0,76712,2026-04-08,HJ,Y,0
TFB-103999,POL-585357,2026-03-25,C,T,A,0,76712,2026-03-20,DIK,Y,1
TFB-104000,POL-600075,2026-01-13,C,C,B,0,,2026-02-10,CEL,Y,0
TFB-104001,POL-531424,2026-04-07,NR,C,A,0,79901,2026-05-22,FGI,Y,0
TFB-104002,POL-735597,2026-03-28,C,D,B,1,78701,2026-05-29,CEK,Y,1
TFB-104003,POL-562971,2026-01-31,C,D,B,0,78701,2026-03-14,ACG,Y,0
TFB-104004,POL-728535,2026-03-03,D,C,C,0,75201,2026-02-26,L,Y,0
TFB-104005,POL-879696,2026-01-29,D,C,C,0,75201,2026-03-06,CEL,Y,0
TFB-104006,POL-562111,2026-03-31,NR,C,B,0,76701,2026-04-25,BI,Y,0
TFB-104007,POL-612032,2026-01-20,C,C,A,0,77002,2026-03-09,HA,Y,0
TFB-104008,POL-907122,2026-01-29,D,H,B,0,76710,2026-02-20,CL,Y,0
TFB-104009,POL-771358,2026-03-20,NR,D,C,0,75201,2026-04-10,BG,Y,0
TFB-104010,POL-836902,2026-01-12,D,C,B,0,78701,2026-03-01,EF,Y,0
TFB-104011,POL-578034,2026-02-20,D,T,C,1,76712,2026-05-20,EF,Y,0
TFB-104012,POL-913428,2026-02-01,C,H,C,0,79901,2026-03-14,IL,Y,0
TFB-104013,POL-980099,2026-01-04,C,H,A,1,78205,2026-03-24,K,Y,1
TFB-104014,POL-633320,2026-01-15,C,T,B,0,75201,2026-02-08,H,Y,0
TFB-104015,POL-683924,2026-04-04,NR,C,A,0,76701,2026-05-26,ABF,Y,0
TFB-104016,POL-922545,2026-04-19,NR,D,A,0,77002,2026-05-10,KL,N,0
TFB-104017,POL-651500,2026-02-07,D,H,A,1,76701,2026-05-08,BE,Y,0
TFB-104018,POL-529116,2026-02-10,C,H,C,0,75201,2026-03-18,F,N,0
TFB-104019,POL-947985,2026-01-20,NR,T,B,0,76710,2026-03-07,CE,N,0
TFB-104020,POL-764956,2026-03-29,NR,T,C,0,77002,2026-05-27,IJK,N,0
TFB-104021,POL-583671,2026-02-23,D,T,C,1,78205,2026-05-09,AH,N,0
TFB-104022,POL-792480,2026-01-09,NR,T,A,1,77002,2026-03-29,DEJ,N,0
TFB-104023,POL-604436,2026-02-13,C,H,C,0,78205,2026-03-04,AK,Y,1
TFB-104024,POL-570095,2026-03-10,NR,T,B,1,76712,2026-05-11,BCI,Y,0
TFB-104025,POL-882295,2026-02-22,D,C,C,0,78701,2026-04-03,GKL,N,0
TFB-104026,POL-530532,2026-01-12,C,C,C,0,78701,2026-02-04,H,N,0
TFB-104027,POL-771188,2026-02-11,NR,T,C,1,75201,2026-05-04,GA,N,0
TFB-104028,POL-832884,2026-03-23,NR,H,C,1,78701,2026-05-25,CDJ,N,0
TFB-104029,POL-986429,2026-03-08,NR,D,B,1,79901,2026-05-26,AD,N,0
TFB-104030,POL-897508,2026-01-22,NR,D,A,0,77002,2026-02-20,BDI,Y,0
TFB-104031,POL-835640,2026-04-10,D,D,A,0,76712,2026-06-02,K,Y,1
TFB-104032,POL-718081,2026-02-04,C,H,C,1,79901,2026-04-14,FK,Y,1
TFB-104033,POL-979668,2026-04-03,C,T,B,0,77002,2026-04-27,DF,Y,0
TFB-104034,POL-925803,2026-04-17,D,H,C,0,76701,2026-06-14,AI,Y,0
TFB-104035,POL-718888,2026-01-14,NR,D,C,1,78205,2026-03-21,BIK,Y,1
TFB-104036,POL-660716,2026-02-27,NR,D,A,0,76710,2026-04-14,BDH,Y,0
TFB-104037,POL-791275,2026-02-23,NR,C,A,1,77002,2026-05-02,CDL,Y,0
TFB-104038,POL-839293,2026-03-22,D,D,A,0,76710,2026-04-23,AH,Y,0
TFB-104039,POL-517599,2026-02-01,C,D,B,1,76701,2026-04-25,AK,Y,1
TFB-104040,POL-523800,2026-01-28,NR,D,B,0,79901,2026-03-09,IK,N,0
TFB-104041,POL-891636,2026-04-01,D,D,B,0,77002,2026-04-29,DHI,Y,0
TFB-104042,POL-653890,2026-03-22,D,D,B,0,77002,2026-05-01,H,Y,0
TFB-104043,POL-829834,2026-04-20,C,H,C,1,77002,2026-06-27,K,N,0
TFB-104044,POL-541795,2026-01-16,D,H,C,0,78701,2026-02-12,J,Y,0
TFB-104045,POL-807678,2026-03-01,D,H,C,1,,2026-05-13,D,Y,0
TFB-104046,POL-690637,2026-01-12,D,H,B,0,76712,2026-02-28,EF,Y,0
TFB-104047,POL-803205,2026-01-23,C,H,C,1,76710,2026-03-27,DH,N,0
TFB-104048,POL-616842,2026-03-20,C,T,C,0,76710,2026-05-14,EHL,Y,0
TFB-104049,POL-533210,2026-01-01,D,T,B,0,76712,2026-01-20,DEH,Y,0
TFB-104050,POL-751690,2026-02-20,D,H,B,0,77002,2026-03-17,CEL,N,0
TFB-104051,POL-619496,2026-01-03,D,C,C,1,76712,2026-03-21,LGA,N,0
TFB-104052,POL-611123,2026-02-21,C,D,A,1,78205,2026-05-18,I,Y,0
TFB-104053,POL-977245,2026-01-20,NR,C,C,1,77002,2026-04-12,B,Y,0
TFB-104054,POL-892232,2026-01-11,C,T,C,0,79901,2026-02-06,H,Y,0
TFB-104055,POL-610250,2026-01-14,D,D,A,1,78701,2026-03-17,H,Y,0
TFB-104056,POL-569170,2026-01-07,D,H,B,1,,2026-03-19,CJL,Y,0
TFB-104057,POL-555622,2026-02-03,C,H,A,0,76712,2026-02-28,IK,N,0
TFB-104058,POL-522107,2026-01-01,C,D,C,0,78701,2026-02-01,E,N,0
TFB-104059,POL-778092,2026-02-08,C,C,A,0,78701,2026-03-24,B,N,0
TFB-104060,POL-855082,2026-01-20,D,D,B,0,76701,2026-03-01,BH,N,0
TFB-104061,POL-953794,2026-01-03,C,D,B,0,76701,2026-03-02,FG,Y,0
TFB-104062,POL-659286,2026-03-06,C,D,A,1,75201,2026-05-08,BCE,N,0
TFB-104063,POL-572041,2026-01-06,C,T,A,0,79901,2026-02-13,H,N,0
TFB-104064,POL-579501,2026-04-20,D,H,B,1,77002,2026-06-24,FG,Y,0
TFB-104065,POL-767034,2026-01-18,C,C,B,0,78701,2026-03-02,FL,N,0
TFB-104066,POL-532509,2026-01-15,D,H,C,1,77002,2026-04-13,AGL,N,0
TFB-104067,POL-542037,2026-02-14,NR,D,C,0,76712,2026-03-17,DFH,N,0
TFB-104068,POL-978349,2026-01-19,C,D,C,1,76701,2026-04-17,BHI,N,0
TFB-104069,POL-698038,2026-04-05,D,H,A,0,78701,2026-04-24,DE,N,0
TFB-104070,POL-574769,2026-01-25,D,D,A,0,76701,2026-03-25,EK,N,0
TFB-104071,POL-644536,2026-03-29,NR,T,B,1,77002,2026-06-25,B,Y,0
TFB-104072,POL-741670,2026-03-06,NR,C,A,0,75201,2026-03-21,BC,Y,0
TFB-104073,POL-955555,2026-01-19,NR,T,A,0,78701,2026-02-10,ACI,N,0
TFB-104074,POL-714796,2026-01-18,D,H,B,1,75201,2026-04-02,ABD,Y,0
TFB-104075,POL-520152,2026-01-26,C,C,A,0,78205,2026-02-26,HJ,N,0
TFB-104076,POL-617018,2026-01-25,D,D,B,0,76701,2026-02-13,E,Y,0
TFB-104077,POL-853747,2026-02-06,NR,D,C,1,76701,2026-04-28,FGH,Y,0
TFB-104078,POL-967620,2026-02-24,NR,T,C,1,75201,2026-05-03,AH,Y,0
TFB-104079,POL-839894,2026-04-10,NR,H,B,0,79901,2026-06-03,FI,N,0
TFB-104080,POL-522111,2026-01-25,D,T,B,0,78701,2026-03-24,K,N,0
TFB-104081,POL-661230,2026-04-13,NR,C,A,1,77002,2026-06-14,A,Y,0
TFB-104082,POL-695614,2026-02-25,D,D,A,0,78205,2026-04-10,CI,Y,0
TFB-104083,POL-906163,2026-02-18,D,C,C,0,76712,2026-03-10,EG,N,0
TFB-104084,POL-523766,2026-01-02,C,T,B,0,78205,2026-02-07,ADI,Y,0
TFB-104085,POL-651338,2026-01-27,C,D,A,1,77002,2026-04-17,AGJ,N,0
TFB-104086,POL-828859,2026-04-11,C,D,A,1,77002,2026-06-25,DFJ,Y,0
TFB-104087,POL-704964,2026-04-08,C,C,C,0,76710,2026-05-26,E,Y,0
TFB-104088,POL-983208,2026-04-09,C,T,B,1,76701,2026-07-03,DEI,N,0
TFB-104089,POL-767428,2026-01-08,C,C,C,1,78205,2026-04-05,BL,Y,0
TFB-104090,POL-783936,2026-02-17,NR,C,A,1,79901,2026-05-15,E,N,0
TFB-104091,POL-924502,2026-03-14,NR,T,A,0,75201,2026-03-30,FJ,N,0
TFB-104092,POL-788370,2026-03-02,C,C,A,0,78205,2026-03-18,EL,Y,0
TFB-104093,POL-952956,2026-02-18,D,C,B,1,79901,2026-05-04,F,Y,0
TFB-104094,POL-580986,2026-02-01,C,D,B,1,76712,2026-04-11,CE,Y,0
TFB-104095,POL-637026,2026-01-20,C,D,A,0,75201,2026-02-05,AFK,Y,1
TFB-104096,POL-686241,2026-04-02,NR,D,A,0,78701,2026-04-20,AH,Y,0
TFB-104097,POL-532580,2026-02-03,C,H,B,1,76712,2026-04-14,K,Y,0
TFB-104098,POL-872242,2026-04-10,NR,D,A,1,76710,2026-06-13,AFG,N,0
TFB-104099,POL-759016,2026-04-10,C,C,C,1,78205,2026-06-21,J,N,0
TFB-104100,POL-704966,2026-03-26,NR,T,A,1,76701,2026-06-09,E,Y,0
TFB-104101,POL-922492,2026-01-05,NR,D,C,1,76710,2026-03-22,F,N,0
TFB-104102,POL-696698,2026-01-08,C,H,B,0,77002,2026-02-08,BE,N,0
TFB-104103,POL-973163,2026-02-08,D,H,C,1,78205,2026-05-03,FI,Y,0
TFB-104104,POL-970431,2026-01-21,D,T,B,0,76701,2026-03-09,ADL,N,0
TFB-104105,POL-682931,2026-03-31,C,D,A,1,75201,2026-06-12,G,N,0
TFB-104106,POL-863409,2026-01-01,NR,D,B,0,75201,2026-02-23,H,N,0
TFB-104107,POL-715818,2026-04-12,NR,C,B,0,75201,2026-05-17,E,Y,0
TFB-104108,POL-779105,2026-02-02,C,D,B,1,76701,2026-04-28,BC,Y,0
TFB-104109,POL-829483,2026-01-29,D,C,A,0,78205,2026-03-04,CEK,N,0
TFB-104110,POL-521674,2026-02-09,D,T,C,1,78205,2026-04-14,K,Y,1
TFB-104111,POL-678069,2026-02-17,D,C,C,0,75201,2026-04-16,G,Y,0
TFB-104112,POL-716099,2026-01-09,D,H,C,0,78701,2026-02-04,J,Y,0
TFB-104113,POL-805209,2026-04-08,C,T,A,0,78701,2026-04-03,HIK,N,0
TFB-104114,POL-891869,2026-04-14,NR,H,C,0,76701,2026-06-10,AC,Y,0
TFB-104115,POL-870266,2026-02-05,NR,H,C,0,76710,2026-03-05,J,Y,0
TFB-104116,POL-787550,2026-04-09,NR,T,B,0,79901,2026-05-13,HI,N,0
TFB-104117,POL-885332,2026-03-19,NR,H,A,1,77002,2026-05-20,E,N,0
TFB-104118,POL-851537,2026-03-29,NR,C,A,0,79901,2026-04-15,C,Y,0
TFB-104119,POL-910666,2026-03-28,D,C,B,0,77002,2026-05-21,AG,Y,0
TFB-104120,POL-538232,2026-01-22,D,C,C,1,75201,2026-03-31,DL,N,0
TFB-104121,POL-866606,2026-02-23,NR,T,A,0,75201,2026-04-17,H,Y,0
TFB-104122,POL-993415,2026-03-09,C,C,C,0,76701,2026-04-14,DEI,Y,0
TFB-104123,POL-877578,2026-01-10,D,C,A,0,78205,2026-03-09,DH,N,0
TFB-104124,POL-702858,2026-03-19,C,D,C,0,76712,2026-04-28,F,N,0
TFB-104125,POL-736561,2026-02-09,C,H,C,1,77002,2026-05-04,AL,Y,0
TFB-104126,POL-908032,2026-03-20,C,D,A,1,78205,2026-05-20,GK,N,0
TFB-104127,POL-503438,2026-03-30,NR,H,A,0,77002,2026-04-29,AGK,N,0
TFB-104128,POL-742036,2026-03-12,C,H,C,0,76712,2026-04-09,DL,Y,0
TFB-104129,POL-965233,2026-02-05,C,D,A,1,76701,2026-04-07,AH,Y,0
TFB-104130,POL-640855,2026-02-03,C,H,B,1,76712,2026-04-06,DEL,N,0
TFB-104131,POL-502872,2026-03-24,NR,D,B,1,77002,2026-06-10,AGI,Y,0
TFB-104132,POL-682725,2026-01-14,D,H,B,0,76701,2026-01-30,CFK,N,0
TFB-104133,POL-955734,2026-02-18,NR,D,A,0,79901,2026-04-05,GJK,N,0
TFB-104134,POL-671265,2026-02-01,C,D,A,1,76701,2026-01-27,K,Y,1
TFB-104135,POL-807123,2026-02-17,C,C,C,0,78205,2026-03-05,CG,Y,0
TFB-104136,POL-599866,2026-03-26,D,C,A,1,77002,2026-06-17,F,Y,0
TFB-104137,POL-611541,2026-01-11,D,D,A,0,75201,2026-02-01,BE,Y,0
TFB-104138,POL-854684,2026-02-07,D,T,A,0,76701,2026-03-09,GK,N,0
TFB-104139,POL-763442,2026-03-27,D,T,C,0,76712,2026-05-08,H,Y,0
TFB-104140,POL-758304,2026-01-04,C,C,A,1,77002,2026-03-08,CKL,N,0
TFB-104141,POL-729362,2026-01-08,D,H,C,0,78701,2026-02-20,EG,N,0
TFB-104142,POL-754404,2026-02-04,NR,C,A,0,78701,2026-02-25,B,Y,0
TFB-104143,POL-769179,2026-03-14,C,H,A,1,76710,2026-05-18,J,N,0
TFB-104144,POL-661562,2026-03-22,NR,T,A,0,78701,2026-04-10,IJ,Y,0
TFB-104145,POL-540287,2026-03-02,D,H,A,1,79901,2026-05-20,FHJ,Y,0
TFB-104146,POL-720805,2026-03-15,D,T,C,0,79901,2026-05-12,HIJ,N,0
TFB-104147,POL-609872,2026-01-12,D,C,C,1,77002,2026-04-05,ACI,N,0
TFB-104148,POL-835990,2026-01-27,D,H,C,0,78205,2026-03-05,AFK,N,0
TFB-104149,POL-623490,2026-03-07,D,H,C,0,76710,2026-04-05,EHK,Y,1
TFB-104150,POL-575361,2026-03-13,NR,D,A,1,76710,2026-06-04,EL,N,0
TFB-104151,POL-574012,2026-02-12,NR,D,B,0,78205,2026-02-07,BEH,N,0
TFB-104152,POL-513550,2026-02-25,NR,H,C,1,77002,2026-05-01,ABC,N,0
TFB-104153,POL-828938,2026-04-18,NR,H,C,0,79901,2026-05-09,CE,N,0
TFB-104154,POL-714921,2026-03-22,NR,C,A,0,76712,2026-04-20,K,N,0
TFB-104155,POL-950515,2026-02-09,D,T,C,1,78701,2026-05-08,L,N,0
TFB-104156,POL-555154,2026-04-19,NR,H,C,0,76701,2026-06-08,AC,Y,0
TFB-104157,POL-696700,2026-01-10,C,D,B,0,76712,2026-02-07,AJ,N,0
TFB-104158,POL-532550,2026-03-25,D,C,C,1,78205,2026-06-11,GI,N,0
TFB-104159,POL-601477,2026-01-27,NR,C,C,0,75201,2026-03-16,D,N,0
TFB-104160,POL-786837,2026-02-21,D,H,C,0,76712,2026-04-12,EGK,N,0
TFB-104161,POL-927885,2026-01-16,NR,C,B,0,78701,2026-02-12,L,Y,0
TFB-104162,POL-684549,2026-01-02,NR,C,B,0,78701,2026-01-22,FHL,N,0
TFB-104163,POL-669403,2026-04-18,C,C,A,0,78701,2026-05-07,A,Y,0
TFB-104164,POL-850329,2026-04-02,D,C,B,0,76701,2026-05-02,K,Y,1
TFB-104165,POL-627596,2026-02-26,C,T,B,0,77002,2026-04-11,CFL,Y,0
TFB-104166,POL-543975,2026-01-11,NR,T,A,0,78701,2026-02-04,AH,Y,0
TFB-104167,POL-729675,2026-03-01,D,C,A,0,77002,2026-03-28,DK,N,0
TFB-104168,POL-582226,2026-02-04,D,D,C,1,78701,2026-05-04,EH,Y,0
TFB-104169,POL-545779,2026-04-07,D,C,B,1,79901,2026-06-15,AF,Y,0
TFB-104170,POL-747091,2026-03-22,D,H,C,0,78205,2026-04-16,EK,N,0
TFB-104171,POL-958141,2026-01-14,C,T,B,1,75201,2026-04-09,IK,Y,0
TFB-104172,POL-913582,2026-03-06,NR,C,A,1,76701,2026-05-05,H,Y,0
TFB-104173,POL-779552,2026-01-15,D,T,B,0,77002,2026-02-18,EH,Y,0
TFB-104174,POL-742029,2026-02-05,D,H,A,1,76712,2026-01-31,I,Y,0
TFB-104175,POL-573240,2026-02-19,C,T,A,1,76701,2026-05-15,A,N,0
TFB-104176,POL-529872,2026-01-09,NR,C,B,0,79901,2026-02-23,BGH,N,0
TFB-104177,POL-766158,2026-01-12,D,C,A,1,78701,2026-03-30,E,Y,0
TFB-104178,POL-999936,2026-03-13,NR,H,C,0,76712,2026-04-13,JED,Y,0
TFB-104179,POL-522352,2026-03-07,C,H,C,1,78205,2026-05-27,BHL,Y,0
TFB-104180,POL-759896,2026-01-22,NR,T,B,0,76712,2026-03-18,H,N,0
TFB-104181,POL-835326,2026-02-08,NR,C,A,1,76712,2026-05-02,C,Y,0
TFB-104182,POL-635351,2026-04-12,C,H,A,0,76710,2026-05-27,AD,Y,0
TFB-104183,POL-654737,2026-03-19,NR,T,C,0,76712,2026-04-17,BFH,Y,0
TFB-104184,POL-696126,2026-02-19,D,C,A,1,76701,2026-05-09,EL,Y,0
TFB-104185,POL-709649,2026-01-20,D,C,A,0,76701,2026-03-10,JK,Y,1
TFB-104186,POL-760111,2026-02-26,D,H,C,0,79901,2026-04-13,ABK,N,0
TFB-104187,POL-701064,2026-04-15,D,C,B,1,78701,2026-07-11,BC,N,0
TFB-104188,POL-825584,2026-02-12,C,C,A,0,76701,2026-04-07,DJK,N,0
TFB-104189,POL-551635,2026-01-30,D,H,C,1,76710,2026-04-27,L,Y,0
TFB-104190,POL-615922,2026-02-26,D,D,C,1,78701,2026-05-12,AFJ,N,0
TFB-104191,POL-935420,2026-03-25,D,C,C,0,76710,2026-04-28,L,Y,0
TFB-104192,POL-507443,2026-03-01,D,D,B,0,75201,2026-03-27,BEH,Y,0
TFB-104193,POL-508903,2026-02-23,C,T,A,0,76710,2026-04-11,H,N,0
TFB-104194,POL-834650,2026-02-12,NR,T,C,0,76710,2026-04-04,E,N,0
TFB-104195,POL-825693,2026-04-04,D,T,C,1,78205,2026-06-27,EG,Y,0
TFB-104196,POL-886658,2026-01-17,C,T,B,0,76701,2026-02-01,BD,N,0
TFB-104197,POL-703187,2026-01-16,NR,D,C,0,76701,2026-02-15,B,N,0
TFB-104198,POL-512685,2026-03-31,C,H,B,0,78701,2026-05-11,BJ,Y,0
TFB-104199,POL-502388,2026-01-24,NR,D,B,1,76710,2026-03-25,A,Y,0
TFB-104200,POL-522126,2026-01-26,D,C,C,0,76710,2026-02-14,BCE,Y,0
TFB-104201,POL-925124,2026-03-16,C,C,B,0,76710,2026-04-01,ACF,Y,0
TFB-104202,POL-781006,2026-03-20,NR,C,B,1,75201,2026-06-04,K,Y,0
TFB-104203,POL-984188,2026-01-05,C,C,C,0,76710,2026-01-23,B,N,0
TFB-104204,POL-810741,2026-01-30,D,H,B,0,76701,2026-03-26,FHI,Y,0
TFB-104205,POL-963367,2026-04-21,NR,H,C,0,76710,2026-05-21,CI,N,0
TFB-104206,POL-745214,2026-02-24,C,D,C,0,76712,2026-04-01,I,Y,0
TFB-104207,POL-852024,2026-04-04,D,C,C,1,77002,2026-06-20,J,N,0
TFB-104208,POL-642282,2026-03-09,C,H,C,0,76710,2026-03-26,HKL,N,0
TFB-104209,POL-530969,2026-02-08,NR,T,A,0,78701,2026-03-27,AI,Y,0
TFB-104210,POL-600652,2026-03-10,D,C,C,1,75201,2026-05-12,GI,Y,0
TFB-104211,POL-985520,2026-04-03,NR,T,C,1,75201,2026-06-02,JD,Y,0
TFB-104212,POL-948853,2026-03-02,C,T,A,0,77002,2026-03-24,BGJ,N,0
TFB-104213,POL-779836,2026-02-01,NR,H,C,0,75201,2026-02-18,L,Y,0
TFB-104214,POL-924237,2026-03-14,NR,H,A,1,77002,2026-06-08,BJL,Y,0
TFB-104215,POL-926866,2026-04-05,NR,D,B,0,77002,2026-05-29,EFH,Y,0
TFB-104216,POL-530893,2026-03-10,D,H,B,0,79901,2026-05-05,EL,Y,0
TFB-104217,POL-732287,2026-04-21,C,D,A,1,76712,2026-07-09,FK,Y,1
TFB-104218,POL-974762,2026-04-03,C,C,A,0,77002,2026-04-24,CGJ,N,0
TFB-104219,POL-963414,2026-02-06,C,D,A,1,76712,2026-04-15,L,Y,0
TFB-104220,POL-841294,2026-01-19,C,D,B,0,78701,2026-02-06,BIJ,Y,0
TFB-104221,POL-916703,2026-02-25,NR,D,C,1,76710,2026-04-27,JL,N,0
TFB-104222,POL-851938,2026-01-31,C,C,A,1,76712,2026-04-28,B,N,0
TFB-104223,POL-582779,2026-01-26,D,C,B,1,77002,2026-03-27,ABE,N,0
TFB-104224,POL-890642,2026-03-20,NR,T,C,0,78701,2026-04-28,EI,Y,0
TFB-104225,POL-528170,2026-04-03,D,C,A,1,79901,2026-06-25,DH,N,0
TFB-104226,POL-741085,2026-01-08,C,T,B,1,76712,2026-04-08,G,Y,0
TFB-104227,POL-869227,2026-01-19,C,T,C,1,77002,2026-03-25,BL,Y,0
TFB-104228,POL-937716,2026-03-29,NR,H,B,1,77002,2026-06-26,A,N,0
TFB-104229,POL-901314,2026-03-20,C,H,A,1,76710,2026-05-20,IB,N,0
TFB-104230,POL-812132,2026-01-01,D,C,A,0,76701,2026-01-25,AGK,N,0
TFB-104231,POL-829339,2026-02-05,NR,C,A,0,75201,2026-03-25,IKL,N,0
TFB-104232,POL-981477,2026-03-23,NR,T,A,1,78205,2026-05-26,I,Y,0
TFB-104233,POL-529377,2026-03-26,NR,T,C,1,76710,2026-05-30,FG,N,0
TFB-104234,POL-842846,2026-01-15,C,T,C,1,78701,2026-04-09,K,Y,1
TFB-104235,POL-540045,2026-01-23,NR,T,B,0,77002,2026-02-20,GK,Y,1
TFB-104236,POL-513330,2026-01-10,D,T,A,0,,2026-03-10,ACJ,Y,0
TFB-104237,POL-876707,2026-04-18,D,D,B,0,78701,2026-05-23,BJ,Y,0
TFB-104238,POL-871510,2026-04-08,D,D,A,0,76701,2026-05-07,DIK,N,0
TFB-104239,POL-732945,2026-02-15,NR,C,B,0,78701,2026-04-07,HI,Y,0
TFB-104240,POL-655811,2026-01-18,C,C,C,0,76710,2026-02-25,CL,N,0
TFB-104241,POL-840765,2026-02-22,NR,C,B,0,76710,2026-03-29,GJ,Y,0
TFB-104242,POL-697108,2026-03-07,D,C,A,0,78205,2026-04-09,EFI,Y,0
TFB-104243,POL-830350,2026-04-02,D,D,C,1,76710,2026-06-19,DF,Y,0
TFB-104244,POL-637924,2026-02-04,NR,T,A,0,77002,2026-03-22,CK,Y,1
TFB-104245,POL-672110,2026-03-13,NR,H,B,0,,2026-04-05,EH,Y,0
TFB-104246,POL-571877,2026-03-13,C,T,A,0,75201,2026-03-29,AD,N,0
TFB-104247,POL-799924,2026-02-05,D,H,B,1,76710,2026-04-25,I,N,0
TFB-104248,POL-588084,2026-03-09,NR,H,A,0,76701,2026-04-26,BG,Y,0
TFB-104249,POL-828170,2026-01-05,NR,H,A,1,78205,2026-03-08,C,N,0
TFB-104250,POL-658709,2026-03-24,NR,T,A,0,79901,2026-05-21,CGL,Y,0
TFB-104251,POL-620170,2026-01-22,D,D,C,1,77002,2026-04-22,DFK,N,0
TFB-104252,POL-698430,2026-01-03,D,D,A,1,78205,2026-03-19,I,Y,0
TFB-104253,POL-978327,2026-01-23,D,T,C,1,78205,2026-04-22,FIJ,Y,0
TFB-104254,POL-578221,2026-04-02,D,T,A,0,77002,2026-04-25,HJ,Y,0
TFB-104255,POL-967082,2026-01-05,NR,D,B,1,76701,2026-03-06,DJL,N,0
TFB-104256,POL-568390,2026-03-14,C,D,B,1,,2026-06-01,EGK,Y,1
TFB-104257,POL-687454,2026-02-09,C,D,C,0,77002,2026-03-31,B,Y,0
TFB-104258,POL-780228,2026-04-01,NR,D,A,0,78205,2026-05-03,BHI,Y,0
TFB-104259,POL-847919,2026-03-15,NR,H,C,0,76710,2026-04-14,DGL,N,0
TFB-104260,POL-679776,2026-04-14,D,C,A,1,76701,2026-07-04,K,N,0
TFB-104261,POL-749935,2026-03-26,NR,T,C,0,77002,2026-05-20,E,Y,0
TFB-104262,POL-526543,2026-02-19,C,H,A,1,78701,2026-05-01,K,Y,1
TFB-104263,POL-783099,2026-02-18,NR,H,B,0,77002,2026-04-07,D,N,0
TFB-104264,POL-842513,2026-03-04,C,C,A,0,76712,2026-04-23,F,Y,0
TFB-104265,POL-794690,2026-04-21,NR,T,C,0,78701,2026-06-06,C,N,0
TFB-104266,POL-762344,2026-04-05,D,C,B,0,76712,2026-05-31,K,Y,1
TFB-104267,POL-990640,2026-02-10,C,C,B,1,76710,2026-04-18,H,Y,0
TFB-104268,POL-557761,2026-03-08,NR,C,A,0,79901,2026-04-16,BH,Y,0
TFB-104269,POL-618244,2026-04-14,C,D,A,1,78205,2026-07-12,DE,Y,0
TFB-104270,POL-541269,2026-02-08,D,C,B,1,78205,2026-04-23,E,N,0
TFB-104271,POL-898612,2026-04-20,NR,D,B,1,75201,2026-07-02,CG,Y,0
TFB-104272,POL-946939,2026-01-11,NR,D,C,1,76701,2026-04-01,BCF,N,0
TFB-104273,POL-946168,2026-01-07,C,D,C,1,77002,2026-04-01,BE,N,0
TFB-104274,POL-928360,2026-03-08,C,T,B,1,76701,2026-05-22,F,Y,0
TFB-104275,POL-929919,2026-03-21,C,C,A,0,79901,2026-04-13,D,Y,0
TFB-104276,POL-503000,2026-01-28,NR,D,C,0,76710,2026-03-17,CEF,Y,0
TFB-104277,POL-784142,2026-03-26,C,T,C,0,77002,2026-05-18,BHJ,Y,0
TFB-104278,POL-978671,2026-01-07,NR,D,C,1,76712,2026-03-27,BL,Y,0
TFB-104279,POL-617530,2026-01-16,C,T,B,0,78205,2026-02-27,DHJ,Y,0
TFB-104280,POL-935975,2026-03-08,C,C,B,0,76710,2026-05-02,B,Y,0
TFB-104281,POL-761322,2026-03-22,C,C,C,0,78701,2026-03-17,FK,Y,1
TFB-104282,POL-611642,2026-02-28,NR,D,B,1,76712,2026-05-19,A,N,0
TFB-104283,POL-972536,2026-01-11,C,H,B,1,76710,2026-03-25,E,Y,0
TFB-104284,POL-571726,2026-01-06,C,T,A,0,79901,2026-01-23,BFL,Y,0
TFB-104285,POL-882928,2026-01-25,C,H,C,1,75201,2026-04-10,ACI,N,0
TFB-104286,POL-982918,2026-02-02,NR,D,A,0,76710,2026-03-08,B,Y,0
TFB-104287,POL-665490,2026-02-16,C,D,C,0,77002,2026-04-01,B,N,0
TFB-104288,POL-695819,2026-03-23,NR,T,A,1,78701,2026-06-05,J,Y,0
TFB-104289,POL-590214,2026-02-14,C,C,A,0,79901,2026-04-01,CEH,N,0
TFB-104290,POL-807799,2026-04-05,NR,T,C,1,75201,2026-06-15,FI,N,0
TFB-104291,POL-560288,2026-04-20,D,D,A,1,76712,2026-07-03,L,N,0
TFB-104292,POL-740129,2026-03-22,D,H,C,0,76710,2026-04-11,CD,Y,0
TFB-104293,POL-710643,2026-01-07,D,D,B,0,76712,2026-02-21,JK,N,0
TFB-104294,POL-920559,2026-02-28,NR,C,B,1,76701,2026-02-23,GI,N,0
TFB-104295,POL-566890,2026-02-08,NR,C,A,1,78701,2026-02-03,CHI,N,0
TFB-104296,POL-979224,2026-02-15,D,C,C,0,77002,2026-04-08,AB,N,0
TFB-104297,POL-958123,2026-03-23,D,T,C,0,79901,2026-04-19,GIL,Y,0
TFB-104298,POL-728788,2026-03-18,NR,D,A,0,78701,2026-05-02,DKL,Y,1
TFB-104299,POL-663462,2026-04-02,D,C,C,1,77002,2026-06-14,AHJ,Y,0
TFB-104300,POL-536716,2026-04-07,D,C,A,0,76710,2026-05-07,H,N,0
TFB-104301,POL-607402,2026-03-01,D,C,C,1,79901,2026-05-23,BCJ,Y,0
TFB-104302,POL-793710,2026-03-05,NR,C,C,0,76712,2026-03-23,ACK,N,0
TFB-104303,POL-873405,2026-01-04,NR,C,C,0,77002,2026-02-20,FIK,N,0
TFB-104304,POL-573109,2026-03-07,C,T,C,0,75201,2026-04-02,J,N,0
TFB-104305,POL-721272,2026-04-18,D,C,A,0,76712,2026-06-15,E,N,0
TFB-104306,POL-593446,2026-01-17,C,H,C,1,78701,2026-03-20,IL,N,0
TFB-104307,POL-693377,2026-01-11,NR,C,B,0,79901,2026-02-17,BCE,N,0
TFB-104308,POL-927497,2026-02-28,D,T,C,1,75201,2026-05-07,L,N,0
TFB-104309,POL-956631,2026-01-18,D,H,C,0,76710,2026-02-25,EJL,N,0
TFB-104310,POL-869640,2026-01-23,NR,H,C,0,78701,2026-03-20,BD,Y,0
TFB-104311,POL-504565,2026-04-12,C,H,C,0,75201,2026-05-27,EIL,Y,0
TFB-104312,POL-797099,2026-01-08,C,C,A,1,75201,2026-03-14,HIL,N,0
TFB-104313,POL-711968,2026-03-11,D,C,C,1,77002,2026-06-06,DHI,Y,0
TFB-104314,POL-642394,2026-03-16,D,C,B,0,76701,2026-04-03,EGK,Y,0
TFB-104315,POL-969607,2026-02-06,NR,H,B,1,76712,2026-04-27,BG,N,0
TFB-104316,POL-647533,2026-03-08,D,D,A,1,78701,2026-05-12,JL,N,0
TFB-104317,POL-915134,2026-02-17,C,C,B,0,77002,2026-03-18,J,Y,0
TFB-104318,POL-539344,2026-02-13,D,D,B,1,79901,2026-05-13,ACL,Y,0
TFB-104319,POL-916957,2026-01-30,C,C,B,0,76701,2026-03-13,DFK,Y,1
TFB-104320,POL-625632,2026-04-11,C,D,C,1,78205,2026-06-10,EIJ,Y,0
TFB-104321,POL-618690,2026-02-21,NR,D,A,0,77002,2026-03-23,BL,Y,0
TFB-104322,POL-542936,2026-03-04,C,C,B,0,76701,2026-04-16,DE,N,0
TFB-104323,POL-656660,2026-03-19,NR,D,C,0,76701,2026-04-06,D,N,0
TFB-104324,POL-603697,2026-04-03,D,H,C,0,76712,2026-05-18,DJ,Y,0
TFB-104325,POL-564974,2026-03-26,D,H,C,0,78205,2026-04-24,H,N,0
TFB-104326,POL-772507,2026-04-07,D,D,B,1,76712,2026-07-02,H,N,0
TFB-104327,POL-583048,2026-01-30,NR,D,C,0,79901,2026-03-07,EJ,Y,0
TFB-104328,POL-749575,2026-02-17,D,D,B,0,76701,2026-03-19,E,N,0
TFB-104329,POL-854718,2026-01-17,NR,T,B,1,78205,2026-04-04,CGJ,Y,0
TFB-104330,POL-888772,2026-03-17,D,H,A,1,76712,2026-05-30,CHK,Y,1
TFB-104331,POL-724951,2026-02-21,C,C,C,0,75201,2026-04-16,H,Y,0
TFB-104332,POL-609172,2026-02-21,C,C,A,0,78701,2026-03-21,AF,Y,0
TFB-104333,POL-996494,2026-01-16,D,T,A,0,79901,2026-02-15,BL,N,0
TFB-104334,POL-960775,2026-04-19,D,C,B,0,76701,2026-05-10,L,Y,0
TFB-104335,POL-869146,2026-02-01,C,H,C,0,76712,2026-03-09,AIJ,Y,0
TFB-104336,POL-996422,2026-01-03,NR,C,A,1,78205,2026-03-15,FL,N,0
TFB-104337,POL-916171,2026-02-07,C,H,A,0,76710,2026-03-29,HI,Y,0
TFB-104338,POL-924266,2026-04-04,C,D,B,1,76701,2026-06-23,BG,Y,0
TFB-104339,POL-766310,2026-04-21,NR,H,C,0,78701,2026-05-28,A,N,0
TFB-104340,POL-558079,2026-01-04,NR,H,B,0,76710,2026-02-01,AFL,Y,0
TFB-104341,POL-987665,2026-03-08,C,C,C,1,78205,2026-06-04,HIK,N,0
TFB-104342,POL-903881,2026-04-03,D,D,C,0,76701,2026-05-17,AEF,N,0
TFB-104343,POL-500516,2026-04-17,D,C,C,0,76710,2026-05-06,FGI,Y,0
TFB-104344,POL-700110,2026-01-08,NR,H,B,0,78205,2026-03-06,H,N,0
TFB-104345,POL-798231,2026-01-06,NR,D,C,0,77002,2026-02-21,KL,Y,1
TFB-104346,POL-987702,2026-01-14,C,H,A,0,76710,2026-02-22,G,Y,0
TFB-104347,POL-773756,2026-03-19,D,C,B,1,76712,2026-05-29,F,Y,0
TFB-104348,POL-992953,2026-04-06,NR,D,B,1,77002,2026-06-05,B,N,0
TFB-104349,POL-738216,2026-03-16,D,H,C,0,76701,2026-04-26,L,N,0
TFB-104350,POL-687427,2026-02-24,NR,T,C,1,79901,2026-05-02,DEJ,Y,0
TFB-104351,POL-712462,2026-01-08,C,T,B,1,76701,2026-04-07,CG,N,0
TFB-104352,POL-905521,2026-02-22,NR,T,C,0,77002,2026-04-15,AEL,Y,0
TFB-104353,POL-545264,2026-01-15,D,H,B,1,76712,2026-03-22,CGL,Y,0
TFB-104354,POL-963892,2026-01-13,C,D,A,1,76712,2026-04-08,C,Y,0
TFB-104355,POL-518400,2026-04-10,D,C,C,0,76712,2026-06-04,CG,N,0
TFB-104356,POL-600435,2026-02-13,C,H,A,1,79901,2026-04-18,J,N,0
TFB-104357,POL-642182,2026-02-03,D,D,A,0,76701,2026-03-09,EGL,N,0
TFB-104358,POL-827390,2026-04-15,D,C,C,0,76712,2026-06-03,IL,Y,0
TFB-104359,POL-863053,2026-01-11,C,T,A,1,75201,2026-03-30,DE,Y,0
TFB-104360,POL-973775,2026-04-15,C,H,A,0,76710,2026-05-26,AB,Y,0
TFB-104361,POL-510311,2026-04-11,C,D,B,0,76710,2026-05-25,GH,N,0
TFB-104362,POL-664392,2026-02-11,D,C,B,1,77002,2026-04-25,L,Y,0
TFB-104363,POL-637614,2026-03-18,NR,H,B,0,75201,2026-04-09,F,N,0
TFB-104364,POL-724815,2026-01-17,C,H,C,0,75201,2026-03-04,CIL,N,0
TFB-104365,POL-922106,2026-01-10,NR,D,A,1,75201,2026-03-19,AFK,N,0
TFB-104366,POL-934102,2026-01-28,C,H,C,0,78205,2026-03-16,BI,Y,0
TFB-104367,POL-926885,2026-04-10,NR,D,A,0,76712,2026-06-05,FHL,Y,0
TFB-104368,POL-601408,2026-02-21,D,D,C,1,79901,2026-04-23,L,N,0
TFB-104369,POL-860510,2026-03-28,C,H,A,0,76701,2026-04-12,BFH,N,0
TFB-104370,POL-732601,2026-02-01,NR,T,C,1,77002,2026-04-14,EK,Y,1
TFB-104371,POL-804393,2026-04-19,C,C,A,1,,2026-07-11,G,Y,0
TFB-104372,POL-755758,2026-01-14,C,C,C,0,,2026-02-13,AEJ,N,0
TFB-104373,POL-610279,2026-03-27,C,T,B,1,78205,2026-06-15,FGI,Y,0
TFB-104374,POL-870555,2026-03-30,NR,T,B,0,78701,2026-04-21,G,N,0
TFB-104375,POL-748240,2026-02-27,C,H,A,0,75201,2026-04-11,I,Y,0
TFB-104376,POL-965808,2026-01-14,D,H,C,1,76701,2026-03-15,F,N,0
TFB-104377,POL-965950,2026-02-06,NR,T,C,1,76701,2026-05-06,CD,Y,0
TFB-104378,POL-723718,2026-03-24,D,H,A,0,76701,2026-05-21,B,Y,0
TFB-104379,POL-827684,2026-01-29,NR,T,A,0,75201,2026-02-24,BEJ,Y,0
TFB-104380,POL-729343,2026-01-03,NR,H,C,1,78701,2026-03-08,BGL,N,0
TFB-104381,POL-943058,2026-03-06,NR,H,C,1,78205,2026-05-08,DI,Y,0
TFB-104382,POL-857009,2026-04-15,C,D,B,0,77002,2026-05-14,CIK,Y,1
TFB-104383,POL-939621,2026-03-24,D,D,B,0,76701,2026-04-25,CFL,Y,0
TFB-104384,POL-515594,2026-02-21,C,C,B,0,76712,2026-03-27,CGH,Y,0
TFB-104385,POL-608172,2026-01-26,NR,D,C,0,76701,2026-03-03,ADH,N,0
TFB-104386,POL-796954,2026-01-15,D,D,A,0,78701,2026-03-15,J,Y,0
TFB-104387,POL-903403,2026-03-02,D,T,B,0,77002,2026-03-27,J,N,0
TFB-104388,POL-738504,2026-02-13,D,C,A,0,75201,2026-04-03,A,Y,0
TFB-104389,POL-967865,2026-01-21,C,H,B,1,76712,2026-04-01,CG,N,0
TFB-104390,POL-903897,2026-04-14,C,T,B,1,76712,2026-06-29,IF,N,0
TFB-104391,POL-641817,2026-03-12,D,H,C,0,76710,2026-04-23,CGI,N,0
TFB-104392,POL-964649,2026-01-18,NR,C,B,1,78701,2026-04-08,CFL,Y,0
TFB-104393,POL-561825,2026-03-26,D,C,C,0,78701,2026-04-18,CF,Y,0
TFB-104394,POL-957362,2026-01-20,D,D,B,1,76712,2026-04-06,G,Y,0
TFB-104395,POL-691572,2026-03-18,C,C,C,0,78205,2026-04-04,B,N,0
TFB-104396,POL-941255,2026-04-20,C,H,B,0,79901,2026-05-20,CFL,Y,0
TFB-104397,POL-797158,2026-04-05,D,C,B,0,76701,2026-05-19,GI,Y,0
TFB-104398,POL-563766,2026-04-03,C,H,C,0,76710,2026-04-19,F,Y,0
TFB-104399,POL-928292,2026-04-21,D,H,A,0,76712,2026-05-14,CDF,N,0
TFB-104400,POL-572006,2026-01-09,NR,D,A,0,75201,2026-03-09,BHK,N,0
TFB-104401,POL-708886,2026-01-18,D,T,A,1,76701,2026-04-11,EHL,Y,0
TFB-104402,POL-913500,2026-04-01,C,C,C,1,76710,2026-06-26,BCE,N,0
TFB-104403,POL-627504,2026-01-13,D,D,C,1,79901,2026-04-05,BJ,Y,0
TFB-104404,POL-592966,2026-03-29,NR,T,B,0,78205,2026-04-27,BHI,N,0
TFB-104405,POL-585007,2026-02-01,D,C,C,0,76701,2026-03-31,G,Y,0
TFB-104406,POL-872802,2026-04-02,D,C,A,1,76701,2026-06-04,CJK,Y,1
TFB-104407,POL-639123,2026-01-28,C,H,C,0,78205,2026-02-18,DFI,N,0
TFB-104408,POL-747379,2026-01-14,NR,H,C,1,78701,2026-03-26,I,Y,0
TFB-104409,POL-922932,2026-04-10,NR,C,B,0,77002,2026-04-25,DHK,N,0
TFB-104410,POL-920982,2026-03-31,NR,T,A,0,76701,2026-05-13,DEJ,Y,0
TFB-104411,POL-843612,2026-04-16,NR,D,B,0,76701,2026-05-15,H,Y,0
TFB-104412,POL-582702,2026-01-09,NR,D,B,1,78205,2026-03-25,H,Y,0
TFB-104413,POL-539527,2026-03-03,NR,T,A,0,76710,2026-04-08,A,Y,0
TFB-104414,POL-651836,2026-04-03,D,H,A,1,77002,2026-06-03,D,N,0
TFB-104415,POL-607487,2026-01-09,D,C,A,1,76701,2026-03-17,CHJ,Y,0
TFB-104416,POL-883904,2026-01-30,D,C,B,1,76701,2026-04-26,FK,N,0
TFB-104417,POL-595824,2026-02-08,NR,T,A,0,77002,2026-03-09,K,Y,1
TFB-104418,POL-883314,2026-03-18,D,D,C,0,76701,2026-04-14,B,N,0
TFB-104419,POL-724690,2026-03-22,C,D,A,0,79901,2026-04-09,AGK,N,0
TFB-104420,POL-721422,2026-02-01,C,T,B,0,75201,2026-03-03,C,N,0
TFB-104421,POL-650283,2026-03-09,D,C,C,0,76710,2026-05-05,EK,Y,0
TFB-104422,POL-516721,2026-02-03,NR,D,C,0,76701,2026-02-24,DEI,Y,0
TFB-104423,POL-632138,2026-02-02,C,T,A,1,78205,2026-04-11,DJL,N,0
TFB-104424,POL-885709,2026-04-08,NR,H,A,0,78205,2026-06-06,CF,Y,0
TFB-104425,POL-502701,2026-02-06,NR,C,A,0,78205,2026-03-26,C,N,0
TFB-104426,POL-870071,2026-03-03,C,H,B,0,76710,2026-04-06,DFK,N,0
TFB-104427,POL-661229,2026-01-18,C,H,B,0,76710,2026-02-20,FK,Y,0
TFB-104428,POL-763148,2026-03-31,NR,H,B,0,76710,2026-04-18,AEI,N,0
TFB-104429,POL-732779,2026-02-26,D,D,C,1,76712,2026-04-29,H,Y,0
TFB-104430,POL-727648,2026-03-11,C,D,C,0,78701,2026-04-11,J,Y,0
TFB-104431,POL-706303,2026-01-08,D,T,C,0,79901,2026-02-11,AJ,Y,0
TFB-104432,POL-895756,2026-04-01,D,T,B,0,78205,2026-05-20,ABI,N,0
TFB-104433,POL-738642,2026-01-09,NR,C,C,1,78205,2026-03-21,B,Y,0
TFB-104434,POL-767441,2026-04-10,NR,D,B,1,77002,2026-06-21,KL,Y,1
TFB-104435,POL-929210,2026-01-27,C,H,B,0,79901,2026-03-17,GJ,Y,0
TFB-104436,POL-842932,2026-02-01,C,T,B,0,76701,2026-02-19,DFG,Y,0
TFB-104437,POL-664543,2026-04-16,NR,T,A,1,76712,2026-06-18,F,N,0
TFB-104438,POL-693708,2026-02-23,NR,H,A,1,79901,2026-04-24,FJ,Y,0
TFB-104439,POL-930390,2026-03-13,C,D,C,1,76712,2026-03-08,BHJ,Y,0
TFB-104440,POL-955681,2026-03-31,NR,C,C,0,75201,2026-05-12,CK,Y,1
TFB-104441,POL-848928,2026-03-16,D,H,C,1,76701,2026-05-27,H,N,0
TFB-104442,POL-829315,2026-01-12,C,T,C,0,75201,2026-02-21,EGI,Y,0
TFB-104443,POL-902844,2026-02-08,D,C,B,0,78205,2026-04-05,KL,Y,1
TFB-104444,POL-748046,2026-02-02,NR,C,A,1,75201,2026-05-02,G,N,0
TFB-104445,POL-713189,2026-03-28,D,C,B,1,78701,2026-06-12,D,Y,0
TFB-104446,POL-893515,2026-04-18,NR,C,A,1,76712,2026-07-06,EJ,Y,0
TFB-104447,POL-741728,2026-04-16,C,H,A,0,77002,2026-06-07,DJ,Y,0
TFB-104448,POL-875417,2026-03-17,D,D,B,0,76701,2026-05-02,EIJ,N,0
TFB-104449,POL-656580,2026-01-04,C,T,A,0,76701,2026-02-07,K,N,0
TFB-104450,POL-510878,2026-03-04,C,T,B,0,77002,2026-04-26,E,Y,0
TFB-104451,POL-556857,2026-01-21,NR,D,A,1,78701,2026-04-20,AFG,N,0
TFB-104452,POL-818457,2026-04-07,NR,T,B,0,75201,2026-05-28,DK,N,0
TFB-104453,POL-587423,2026-04-02,C,H,A,0,76712,2026-04-29,B,N,0
TFB-104454,POL-784558,2026-03-31,NR,D,A,1,75201,2026-06-05,CH,N,0
TFB-104455,POL-912260,2026-02-25,D,D,B,0,77002,2026-03-16,CL,Y,0
TFB-104456,POL-555154,2026-01-17,NR,T,C,1,78701,2026-04-15,BEJ,Y,0
TFB-104457,POL-795859,2026-03-10,C,C,A,0,79901,2026-03-28,CL,Y,0
TFB-104458,POL-634544,2026-03-06,NR,D,A,0,76710,2026-04-27,KL,Y,0
TFB-104459,POL-802195,2026-01-18,C,D,A,1,76710,2026-04-16,DHK,Y,1
TFB-104460,POL-542529,2026-04-11,D,D,B,0,75201,2026-04-26,B,N,0
TFB-104461,POL-844131,2026-04-18,C,C,A,0,75201,2026-05-31,G,Y,0
TFB-104462,POL-757552,2026-03-10,D,C,B,0,76712,2026-04-13,I,N,0
TFB-104463,POL-948340,2026-01-13,NR,H,B,1,79901,2026-03-19,A,Y,0
TFB-104464,POL-554834,2026-01-04,D,H,B,0,78701,2026-02-06,GKL,N,0
TFB-104465,POL-865008,2026-02-14,NR,H,A,1,76701,2026-04-25,FJ,N,0
TFB-104466,POL-989075,2026-04-12,NR,T,A,0,76712,2026-06-03,G,N,0
TFB-104467,POL-676950,2026-04-05,C,H,B,0,76712,2026-05-17,GK,Y,1
TFB-104468,POL-930418,2026-02-10,D,C,A,1,77002,2026-04-13,BIK,N,0
TFB-104469,POL-964202,2026-03-23,D,D,A,0,75201,2026-04-17,DGH,Y,0
TFB-104470,POL-593588,2026-02-28,NR,C,B,1,79901,2026-05-28,CHK,Y,0
TFB-104471,POL-693649,2026-04-05,C,C,A,0,76710,2026-05-22,BDG,Y,0
TFB-104472,POL-860644,2026-01-02,D,H,C,1,78205,2026-03-11,AEH,N,0
TFB-104473,POL-596957,2026-03-11,C,T,B,1,76712,2026-05-13,G,Y,0
TFB-104474,POL-912682,2026-04-02,D,D,A,1,76701,2026-06-13,EL,Y,0
TFB-104475,POL-751520,2026-02-03,C,D,B,0,78205,2026-02-21,G,N,0
TFB-104476,POL-929885,2026-02-18,NR,H,B,0,76701,2026-03-26,EGL,Y,0
TFB-104477,POL-542119,2026-02-12,D,D,A,1,79901,2026-04-25,DGH,Y,0
TFB-104478,POL-617970,2026-03-13,D,T,A,1,76710,2026-05-26,G,N,0
TFB-104479,POL-855590,2026-01-03,D,D,A,0,76701,2026-01-27,AC,Y,0
TFB-104480,POL-873760,2026-01-18,NR,T,B,1,76701,2026-03-20,AG,N,0
TFB-104481,POL-552117,2026-01-20,D,H,A,0,77002,2026-02-25,F,Y,0
TFB-104482,POL-763889,2026-01-16,C,D,B,1,,2026-03-19,IK,Y,1
TFB-104483,POL-990314,2026-02-08,NR,C,A,0,76712,2026-04-04,GH,Y,0
TFB-104484,POL-796771,2026-01-10,C,D,A,0,77002,2026-02-12,EG,Y,0
TFB-104485,POL-832301,2026-03-15,D,D,C,1,76710,2026-06-08,B,Y,0
TFB-104486,POL-982625,2026-02-05,NR,H,A,0,79901,2026-04-01,IK,Y,1
TFB-104487,POL-841262,2026-01-07,C,T,B,1,79901,2026-04-06,FK,Y,1
TFB-104488,POL-964963,2026-04-11,C,T,C,0,78701,2026-05-02,ADF,N,0
TFB-104489,POL-554988,2026-03-30,NR,T,B,0,76701,2026-04-28,DJ,Y,0
TFB-104490,POL-927038,2026-04-10,NR,H,A,0,77002,2026-05-22,L,N,0
TFB-104491,POL-686944,2026-02-27,D,C,B,0,76701,2026-04-07,GH,N,0
TFB-104492,POL-653303,2026-01-12,NR,H,B,1,77002,2026-04-12,AFJ,Y,0
TFB-104493,POL-832140,2026-04-15,NR,H,B,0,79901,2026-04-30,HD,N,0
TFB-104494,POL-543974,2026-04-05,NR,D,C,0,79901,2026-04-30,E,Y,0
TFB-104495,POL-972727,2026-02-04,NR,H,C,0,75201,2026-03-09,HIJ,N,0
TFB-104496,POL-706049,2026-02-16,D,H,B,1,76701,2026-04-26,AHJ,N,0
TFB-104497,POL-733866,2026-02-02,D,D,C,0,76701,2026-02-20,CHI,Y,0
TFB-104498,POL-876759,2026-01-19,C,D,A,0,79901,2026-02-23,GI,Y,0
TFB-104499,POL-847656,2026-02-07,C,T,A,0,76710,2026-04-04,D,Y,0
TFB-104500,POL-941010,2026-03-05,C,T,A,1,76710,2026-05-31,C,Y,0
TFB-104501,POL-676882,2026-04-21,NR,T,A,0,79901,2026-05-15,B,Y,0
TFB-104502,POL-768251,2026-04-15,C,C,B,1,79901,2026-06-24,G,N,0
TFB-104503,POL-564778,2026-01-13,C,T,A,1,76710,2026-04-02,A,Y,0
TFB-104504,POL-742444,2026-03-08,C,T,C,0,76710,2026-04-01,D,Y,0
TFB-104505,POL-725755,2026-01-24,D,H,C,1,76701,2026-04-18,I,N,0
TFB-104506,POL-537416,2026-03-06,D,C,C,0,78205,2026-03-31,ACF,Y,0
TFB-104507,POL-758891,2026-01-15,D,D,A,1,78205,2026-03-21,E,Y,0
TFB-104508,POL-639259,2026-03-13,C,D,B,0,79901,2026-03-31,AEG,Y,0
TFB-104509,POL-926050,2026-01-23,NR,T,B,1,76712,2026-04-13,HJ,Y,0
TFB-104510,POL-514520,2026-02-15,D,D,C,1,79901,2026-04-16,AI,N,0
TFB-104511,POL-862186,2026-01-13,D,C,C,0,76701,2026-02-10,L,Y,0
TFB-104512,POL-521882,2026-04-01,NR,H,A,0,77002,2026-05-01,CEH,N,0
TFB-104513,POL-570391,2026-03-29,NR,H,A,1,78701,2026-06-11,D,N,0
TFB-104514,POL-813993,2026-04-21,D,D,C,1,75201,2026-07-12,GL,N,0
TFB-104515,POL-965879,2026-02-20,D,C,A,0,76710,2026-03-07,IL,N,0
TFB-104516,POL-787311,2026-04-16,D,D,A,0,79901,2026-05-20,BDL,Y,0
TFB-104517,POL-873433,2026-02-22,D,H,A,1,78701,2026-04-29,LH,N,0
TFB-104518,POL-743730,2026-03-08,NR,C,C,1,77002,2026-06-05,J,Y,0
TFB-104519,POL-656255,2026-02-21,NR,H,C,1,76710,2026-05-17,DIL,N,0
TFB-104520,POL-779786,2026-04-21,C,D,B,0,76710,2026-06-17,BH,N,0
TFB-104521,POL-601742,2026-03-27,NR,H,C,0,75201,2026-05-22,J,Y,0
TFB-104522,POL-654639,2026-03-20,C,C,A,0,76710,2026-05-03,FH,N,0
TFB-104523,POL-956839,2026-01-05,NR,T,C,1,76712,2026-03-30,F,Y,0
TFB-104524,POL-767014,2026-02-07,D,H,A,1,77002,2026-04-28,BF,Y,0
TFB-104525,POL-802799,2026-01-21,D,H,B,1,78205,2026-03-28,H,Y,0
TFB-104526,POL-828779,2026-02-16,D,H,B,1,75201,2026-04-26,A,Y,0
TFB-104527,POL-721773,2026-01-28,D,H,A,0,78701,2026-03-14,I,Y,0
TFB-104528,POL-632618,2026-01-15,D,T,A,1,77002,2026-01-10,K,Y,1
TFB-104529,POL-966577,2026-04-10,C,D,B,1,79901,2026-07-04,ABL,Y,0
TFB-104530,POL-639144,2026-04-08,C,D,A,1,78205,2026-06-07,G,Y,0
TFB-104531,POL-895105,2026-02-14,D,D,A,1,77002,2026-04-16,F,Y,0
TFB-104532,POL-620839,2026-03-05,NR,T,B,0,75201,2026-04-19,CH,Y,0
TFB-104533,POL-563997,2026-02-15,NR,T,C,0,77002,2026-03-10,CI,Y,0
TFB-104534,POL-772305,2026-02-06,D,C,C,1,77002,2026-04-28,AEF,N,0
TFB-104535,POL-535824,2026-03-15,D,H,A,1,76710,2026-05-23,JL,Y,0
TFB-104536,POL-944030,2026-03-09,NR,D,C,1,78701,2026-05-17,CIK,Y,1
TFB-104537,POL-521986,2026-03-11,D,T,C,0,76712,2026-04-12,C,N,0
TFB-104538,POL-853873,2026-02-25,D,C,A,0,76710,2026-03-30,H,Y,0
TFB-104539,POL-948142,2026-03-31,NR,T,B,0,78701,2026-05-02,L,Y,0
TFB-104540,POL-675117,2026-02-14,C,C,B,1,76701,2026-04-28,K,Y,0
TFB-104541,POL-717762,2026-02-01,C,D,A,0,75201,2026-03-29,BFJ,Y,0
TFB-104542,POL-547836,2026-04-16,NR,C,C,1,77002,2026-07-14,FG,Y,0
TFB-104543,POL-972763,2026-04-11,C,C,B,1,78701,2026-07-04,DFK,N,0
TFB-104544,POL-848231,2026-03-01,C,D,B,0,75201,2026-04-07,BHI,N,0
TFB-104545,POL-713831,2026-02-12,NR,C,C,1,75201,2026-04-15,ADG,Y,0
TFB-104546,POL-759488,2026-01-16,D,C,A,1,78701,2026-04-13,A,N,0
TFB-104547,POL-897257,2026-04-04,NR,H,C,0,78205,2026-05-11,GH,Y,0
TFB-104548,POL-914753,2026-02-28,C,D,C,1,75201,2026-05-14,CFL,N,0
TFB-104549,POL-834103,2026-03-04,C,C,B,0,77002,2026-04-04,CL,N,0
TFB-104550,POL-730956,2026-02-05,NR,T,B,0,75201,2026-03-11,FG,Y,0
TFB-104551,POL-538106,2026-02-20,NR,D,C,1,79901,2026-04-23,DI,Y,0
TFB-104552,POL-994301,2026-01-18,NR,D,A,0,,2026-02-25,A,Y,0
TFB-104553,POL-852534,2026-04-01,NR,C,A,0,78205,2026-05-12,I,Y,0
TFB-104554,POL-874230,2026-01-21,C,H,B,0,78205,2026-02-16,CJK,Y,1
TFB-104555,POL-558317,2026-03-30,D,D,A,0,,2026-05-19,CD,N,0
TFB-104556,POL-979286,2026-04-21,NR,T,C,1,78205,2026-06-25,G,N,0
TFB-104557,POL-586515,2026-01-21,NR,H,C,1,75201,2026-03-30,G,Y,0
TFB-104558,POL-924607,2026-03-31,NR,T,B,0,78205,2026-05-08,IJL,N,0
TFB-104559,POL-667457,2026-04-10,C,D,A,0,77002,2026-04-26,L,N,0
TFB-104560,POL-609494,2026-01-08,C,T,C,0,79901,2026-02-02,DGH,N,0
TFB-104561,POL-849899,2026-03-16,C,H,A,0,79901,2026-05-04,K,N,0
TFB-104562,POL-835230,2026-02-04,C,T,B,1,78701,2026-05-01,I,N,0
TFB-104563,POL-634249,2026-01-11,C,C,B,0,77002,2026-02-06,CKL,Y,1
TFB-104564,POL-762776,2026-01-15,C,C,B,1,76712,2026-04-15,EL,Y,0
TFB-104565,POL-679545,2026-04-17,C,H,B,1,76712,2026-06-21,AC,Y,0
TFB-104566,POL-793192,2026-03-12,C,H,C,1,76710,2026-05-25,EK,N,0
TFB-104567,POL-778545,2026-03-18,C,T,A,0,76710,2026-04-30,E,Y,0
TFB-104568,POL-656122,2026-04-21,D,C,B,1,78205,2026-07-17,CK,Y,1
TFB-104569,POL-701164,2026-01-24,NR,C,A,1,78205,2026-04-19,G,N,0
TFB-104570,POL-751332,2026-02-28,D,C,C,0,78205,2026-04-15,G,Y,0
TFB-104571,POL-694637,2026-02-19,C,C,B,0,78701,2026-03-09,ACG,Y,0
TFB-104572,POL-846064,2026-04-21,D,H,B,0,78701,2026-05-08,L,N,0
TFB-104573,POL-950422,2026-02-16,D,C,B,0,78205,2026-03-31,BCF,Y,0
TFB-104574,POL-636689,2026-01-14,NR,T,A,1,78701,2026-03-18,G,N,0
TFB-104575,POL-751115,2026-01-16,C,T,A,0,78205,2026-03-13,C,Y,0
TFB-104576,POL-771714,2026-04-21,D,D,C,1,77002,2026-07-14,F,N,0
TFB-104577,POL-528877,2026-03-27,C,C,B,1,76710,2026-06-12,GI,Y,0
TFB-104578,POL-862306,2026-03-19,D,H,C,1,76710,2026-05-28,AD,Y,0
TFB-104579,POL-550069,2026-02-08,NR,T,A,0,76710,2026-03-05,DJL,Y,0
TFB-104580,POL-535020,2026-02-12,NR,H,A,1,77002,2026-05-05,DHL,N,0
TFB-104581,POL-925378,2026-02-25,NR,C,C,1,75201,2026-05-06,ADI,N,0
TFB-104582,POL-636996,2026-04-06,NR,C,C,0,78701,2026-06-02,I,Y,0
TFB-104583,POL-811042,2026-04-17,C,H,C,1,78205,2026-07-13,CHI,N,0
TFB-104584,POL-924310,2026-02-08,D,C,A,0,75201,2026-04-05,D,Y,0
TFB-104585,POL-902500,2026-03-11,D,D,C,0,78205,2026-04-17,DH,N,0
TFB-104586,POL-828953,2026-02-02,D,C,C,1,77002,2026-05-02,K,N,0
TFB-104587,POL-747588,2026-03-24,D,T,B,1,75201,2026-05-30,I,Y,0
TFB-104588,POL-639044,2026-03-28,D,H,A,1,79901,2026-06-05,B,N,0
TFB-104589,POL-719973,2026-03-24,C,H,C,0,76701,2026-04-15,CIL,Y,0
TFB-104590,POL-796400,2026-03-31,NR,C,A,0,78701,2026-04-17,J,Y,0
TFB-104591,POL-871019,2026-04-04,NR,C,C,1,77002,2026-06-27,EHL,N,0
TFB-104592,POL-889787,2026-04-06,C,D,A,1,78205,2026-06-16,LKE,N,0
TFB-104593,POL-953876,2026-03-07,D,H,A,1,77002,2026-05-08,AGH,N,0
TFB-104594,POL-567501,2026-02-13,NR,H,C,1,78205,2026-05-04,G,Y,0
TFB-104595,POL-696408,2026-03-29,NR,D,B,1,76701,2026-06-20,BD,Y,0
TFB-104596,POL-668727,2026-02-08,D,T,B,1,76701,2026-04-30,GHJ,Y,0
TFB-104597,POL-546529,2026-03-07,D,H,A,1,75201,2026-06-02,F,Y,0
TFB-104598,POL-992287,2026-01-19,NR,H,C,1,75201,2026-03-20,CK,Y,1
TFB-104599,POL-612666,2026-03-21,C,D,B,0,78701,2026-04-09,G,Y,0
TFB-104600,POL-913264,2026-04-04,C,T,C,0,79901,2026-05-25,FIL,Y,0
TFB-104601,POL-905695,2026-04-17,C,T,B,0,75201,2026-06-03,FJK,Y,1
TFB-104602,POL-697846,2026-03-16,C,D,A,1,75201,2026-06-08,K,Y,1
TFB-104603,POL-589880,2026-01-20,D,T,C,0,77002,2026-02-08,AK,Y,1
TFB-104604,POL-619875,2026-02-04,D,D,B,1,79901,2026-04-12,FL,Y,0
TFB-104605,POL-521467,2026-02-05,NR,C,B,0,76710,2026-03-10,BFI,Y,0
TFB-104606,POL-943799,2026-02-26,D,H,A,1,76710,2026-02-21,FH,N,0
TFB-104607,POL-503282,2026-01-07,C,D,B,0,79901,2026-02-17,ADI,N,0
TFB-104608,POL-941719,2026-01-03,NR,H,C,1,75201,2026-03-30,I,Y,0
TFB-104609,POL-997777,2026-02-14,D,H,A,0,76710,2026-03-15,I,Y,0
TFB-104610,POL-915578,2026-01-06,NR,D,B,1,76712,2026-03-21,EJK,Y,1
TFB-104611,POL-793997,2026-01-14,D,H,B,0,76712,2026-02-21,FJK,N,0
TFB-104612,POL-965013,2026-03-27,NR,H,C,1,76701,2026-06-23,IC,Y,0
TFB-104613,POL-978653,2026-01-07,C,T,C,1,76701,2026-04-02,H,Y,0
TFB-104614,POL-992471,2026-02-03,D,C,B,0,76710,2026-02-27,C,Y,0
TFB-104615,POL-826678,2026-03-22,NR,C,B,0,78701,2026-05-15,DG,Y,0
TFB-104616,POL-858751,2026-03-03,D,D,C,0,78205,2026-04-08,J,N,0
TFB-104617,POL-803691,2026-04-13,D,C,B,0,77002,2026-05-19,AF,Y,0
TFB-104618,POL-602429,2026-04-01,D,T,A,1,78701,2026-06-07,BHL,N,0
TFB-104619,POL-580048,2026-04-10,D,T,C,0,76701,2026-05-29,I,Y,0
TFB-104620,POL-856845,2026-03-31,D,T,B,1,78205,2026-06-28,FKL,Y,1
TFB-104621,POL-511354,2026-03-21,C,C,A,1,76701,2026-06-17,F,Y,0
TFB-104622,POL-577050,2026-04-08,C,D,A,1,76710,2026-06-20,AGI,N,0
TFB-104623,POL-834552,2026-02-19,NR,D,A,1,78701,2026-05-14,K,Y,1
TFB-104624,POL-621695,2026-03-27,C,C,C,0,76701,2026-05-11,CJL,N,0
TFB-104625,POL-500597,2026-03-03,D,H,A,0,76701,2026-03-21,FG,Y,0
TFB-104626,POL-644352,2026-01-06,C,D,C,1,77002,2026-03-26,BGH,N,0
TFB-104627,POL-594024,2026-01-17,NR,H,B,1,78701,2026-04-09,K,Y,1
TFB-104628,POL-871767,2026-04-09,NR,H,B,1,75201,2026-06-25,EFK,Y,1
TFB-104629,POL-892053,2026-03-18,NR,H,C,1,78205,2026-05-28,L,N,0
TFB-104630,POL-933891,2026-02-19,C,H,B,0,76701,2026-03-25,D,Y,0
TFB-104631,POL-874004,2026-04-17,C,C,A,1,76701,2026-06-22,CH,Y,0
TFB-104632,POL-703829,2026-01-28,C,T,C,1,76710,2026-04-01,AG,Y,0
TFB-104633,POL-861981,2026-03-19,NR,H,A,0,77002,2026-05-16,H,N,0
TFB-104634,POL-694855,2026-03-11,NR,T,A,0,77002,2026-04-13,FH,Y,0
TFB-104635,POL-908250,2026-04-13,NR,C,A,1,76712,2026-06-28,EK,Y,1
TFB-104636,POL-841599,2026-01-15,C,H,C,0,78205,2026-03-15,CGI,Y,0
TFB-104637,POL-735252,2026-02-22,NR,H,C,0,76712,2026-04-13,CK,Y,1
TFB-104638,POL-875676,2026-04-18,NR,H,B,0,78701,2026-05-10,ABC,Y,0
TFB-104639,POL-871854,2026-01-13,D,D,C,0,77002,2026-02-25,DK,Y,1
TFB-104640,POL-917213,2026-02-11,C,C,C,0,79901,2026-03-03,C,Y,0
TFB-104641,POL-831460,2026-04-14,D,T,C,1,75201,2026-06-15,CG,Y,0
TFB-104642,POL-927357,2026-04-10,NR,C,A,0,76710,2026-05-22,H,N,0
TFB-104643,POL-653914,2026-01-24,D,T,C,1,78701,2026-04-06,I,Y,0
TFB-104644,POL-849157,2026-03-12,NR,H,A,1,75201,2026-06-09,BCH,Y,0
TFB-104645,POL-919837,2026-01-01,C,H,A,0,76701,2026-02-19,F,N,0
TFB-104646,POL-886988,2026-03-22,D,T,B,1,76712,2026-06-11,ABI,Y,0
TFB-104647,POL-627485,2026-01-17,NR,T,C,1,75201,2026-04-07,AL,Y,0
TFB-104648,POL-654377,2026-04-16,D,H,B,1,76710,2026-07-06,EFL,Y,0
TFB-104649,POL-675988,2026-02-11,NR,D,C,0,79901,2026-03-07,AI,N,0
TFB-104650,POL-802937,2026-04-12,D,C,B,0,76701,2026-05-06,F,N,0
TFB-104651,POL-676336,2026-02-12,NR,T,A,1,76712,2026-04-26,B,Y,0
TFB-104652,POL-969242,2026-04-21,D,D,A,0,78205,2026-05-12,HJL,N,0
TFB-104653,POL-582380,2026-01-01,D,C,C,0,75201,2026-01-23,DH,Y,0
TFB-104654,POL-649614,2026-01-07,C,H,C,0,78701,2026-02-25,D,Y,0
TFB-104655,POL-654010,2026-04-13,C,H,B,0,75201,2026-05-16,BJ,Y,0
TFB-104656,POL-864664,2026-01-08,D,C,B,0,77002,2026-02-11,BG,N,0
TFB-104657,POL-755957,2026-02-04,D,H,A,1,78701,2026-04-16,L,Y,0
TFB-104658,POL-529999,2026-02-28,C,D,A,1,,2026-05-04,K,Y,1
TFB-104659,POL-914092,2026-02-23,NR,T,C,1,75201,2026-05-24,CHI,N,0
TFB-104660,POL-859204,2026-02-18,NR,D,B,0,76701,2026-04-10,ACH,N,0
TFB-104661,POL-884543,2026-02-28,NR,T,A,0,76701,2026-03-22,AEF,N,0
TFB-104662,POL-580803,2026-04-11,D,C,C,0,76712,2026-06-07,AI,N,0
TFB-104663,POL-838805,2026-01-01,C,C,B,0,78701,2026-03-01,BI,N,0
TFB-104664,POL-627978,2026-01-01,C,T,A,1,78701,2026-03-02,K,Y,1
TFB-104665,POL-942923,2026-01-17,NR,D,A,1,78701,2026-04-17,F,Y,0
TFB-104666,POL-550932,2026-01-03,C,C,C,0,76701,2026-02-02,AHL,N,0
TFB-104667,POL-522194,2026-02-04,D,C,A,0,76701,2026-04-01,GL,Y,0
TFB-104668,POL-649201,2026-01-29,C,H,A,0,75201,2026-02-25,CFH,Y,0
TFB-104669,POL-605855,2026-03-21,C,T,B,1,78701,2026-06-15,J,N,0
TFB-104670,POL-835009,2026-03-09,D,D,A,0,76712,2026-04-10,AEK,Y,0
TFB-104671,POL-525585,2026-01-05,C,C,A,1,79901,2026-03-21,D,Y,0
TFB-104672,POL-927284,2026-01-12,D,C,C,0,78205,2026-02-25,ABG,Y,0
TFB-104673,POL-705009,2026-02-26,NR,H,A,1,75201,2026-05-15,GK,Y,1
TFB-104674,POL-807384,2026-01-06,D,D,C,1,78205,2026-03-15,DHI,Y,0
TFB-104675,POL-933226,2026-03-26,C,C,C,1,76701,2026-06-02,DE,N,0
TFB-104676,POL-982838,2026-01-14,NR,T,C,0,78205,2026-02-08,BCF,Y,0
TFB-104677,POL-537099,2026-02-19,NR,H,B,0,76701,2026-03-26,AL,Y,0
TFB-104678,POL-962459,2026-01-08,C,H,C,0,76701,2026-03-08,EHI,Y,0
TFB-104679,POL-837644,2026-03-16,C,D,B,1,76701,2026-05-15,H,N,0
TFB-104680,POL-900965,2026-03-11,D,T,B,0,76710,2026-04-11,D,Y,0
TFB-104681,POL-611110,2026-02-26,D,T,B,0,76701,2026-04-23,BC,Y,0
TFB-104682,POL-531446,2026-02-06,D,D,C,0,79901,2026-03-09,GI,N,0
TFB-104683,POL-702929,2026-03-08,D,C,B,1,78701,2026-05-22,K,Y,1
TFB-104684,POL-883263,2026-02-06,C,T,A,0,,2026-02-24,BFL,N,0
TFB-104685,POL-613350,2026-01-28,NR,C,A,1,76712,2026-04-16,BGI,N,0
TFB-104686,POL-794387,2026-02-18,NR,H,C,0,78701,2026-03-14,HI,Y,0
TFB-104687,POL-881244,2026-03-20,NR,C,B,1,77002,2026-06-11,CGL,N,0
TFB-104688,POL-679285,2026-04-06,NR,D,A,0,76710,2026-05-30,CL,N,0
TFB-104689,POL-950879,2026-03-11,D,H,A,0,78205,2026-03-31,AE,Y,0
TFB-104690,POL-611245,2026-03-14,C,H,A,1,76712,2026-05-22,HJL,Y,0
TFB-104691,POL-544051,2026-02-15,D,C,A,1,78701,2026-05-05,FKL,Y,1
TFB-104692,POL-962044,2026-04-13,NR,T,C,1,76712,2026-06-17,EHK,N,0
TFB-104693,POL-661044,2026-03-07,C,D,A,1,77002,2026-05-09,ABI,Y,0
TFB-104694,POL-885079,2026-02-22,C,T,A,0,76712,2026-04-17,DI,N,0
TFB-104695,POL-703300,2026-01-15,D,C,A,1,78205,2026-03-22,D,Y,0
TFB-104696,POL-832953,2026-04-10,D,T,B,0,78701,2026-05-26,BJ,N,0
TFB-104697,POL-805151,2026-01-10,C,C,B,0,79901,2026-02-15,DGL,N,0
TFB-104698,POL-833867,2026-04-19,D,C,A,0,76712,2026-05-16,K,Y,1
TFB-104699,POL-949321,2026-01-22,NR,D,C,0,78701,2026-02-10,ABE,Y,0
TFB-104700,POL-763808,2026-01-02,NR,C,A,1,,2026-03-14,AEH,N,0
TFB-104701,POL-961624,2026-02-10,D,C,A,0,76712,2026-03-12,J,Y,0
TFB-104702,POL-992175,2026-02-27,D,T,B,0,75201,2026-04-13,B,Y,0
TFB-104703,POL-642686,2026-02-23,NR,H,C,0,79901,2026-04-17,BFH,Y,0
TFB-104704,POL-752902,2026-04-09,NR,T,B,0,,2026-05-26,CK,Y,1
TFB-104705,POL-508594,2026-02-12,D,D,B,0,79901,2026-03-15,IC,Y,0
TFB-104706,POL-503441,2026-03-29,NR,D,A,0,79901,2026-05-26,DEJ,Y,0
TFB-104707,POL-942098,2026-02-07,NR,T,C,0,76701,2026-02-23,BHI,N,0
TFB-104708,POL-824006,2026-01-03,NR,T,A,1,76701,2026-03-24,FI,N,0
TFB-104709,POL-648651,2026-02-25,C,D,C,0,77002,2026-04-18,DL,N,0
TFB-104710,POL-765859,2026-04-21,C,T,B,1,78205,2026-06-20,DE,N,0
TFB-104711,POL-741419,2026-03-16,D,C,A,1,76710,2026-05-22,J,N,0
TFB-104712,POL-916330,2026-03-16,C,H,C,0,79901,2026-04-27,DH,N,0
TFB-104713,POL-680938,2026-02-14,C,T,C,0,79901,2026-03-20,H,N,0
TFB-104714,POL-937552,2026-01-21,C,T,A,1,78205,2026-03-22,B,Y,0
TFB-104715,POL-804126,2026-03-10,C,H,C,0,76712,2026-05-05,ABG,Y,0
TFB-104716,POL-611633,2026-03-05,NR,H,C,1,78701,2026-05-31,ABJ,Y,0
TFB-104717,POL-584826,2026-04-06,NR,T,A,0,76712,2026-04-30,K,N,0
TFB-104718,POL-744060,2026-03-18,NR,D,B,0,79901,2026-04-10,CHJ,Y,0
TFB-104719,POL-939903,2026-01-27,NR,D,A,0,78205,2026-03-06,CD,Y,0
TFB-104720,POL-853498,2026-01-01,D,T,C,0,75201,2026-01-19,A,N,0
TFB-104721,POL-976518,2026-04-14,C,D,B,0,79901,2026-05-31,C,Y,0
TFB-104722,POL-989388,2026-01-08,D,H,C,0,76701,2026-02-01,GK,Y,1
TFB-104723,POL-687294,2026-02-02,D,C,C,1,77002,2026-04-05,G,Y,0
TFB-104724,POL-599735,2026-03-13,D,D,A,0,79901,2026-04-10,BD,N,0
TFB-104725,POL-733732,2026-03-24,NR,C,A,0,78205,2026-04-29,FG,Y,0
TFB-104726,POL-710361,2026-04-20,NR,T,A,0,79901,2026-05-16,I,Y,0
TFB-104727,POL-604313,2026-01-05,D,D,C,1,77002,2026-03-30,GIL,N,0
TFB-104728,POL-834962,2026-01-31,D,H,C,1,78205,2026-04-30,K,Y,1
TFB-104729,POL-894606,2026-03-26,D,C,B,0,78701,2026-04-28,AH,N,0
TFB-104730,POL-773450,2026-02-27,C,T,A,1,78205,2026-05-14,EG,Y,0
TFB-104731,POL-798361,2026-04-17,C,C,A,0,78205,2026-05-06,DL,Y,0
TFB-104732,POL-845817,2026-03-02,D,D,B,0,76710,2026-04-03,A,N,0
TFB-104733,POL-612778,2026-03-13,D,D,A,1,76712,2026-03-08,BE,N,0
TFB-104734,POL-927990,2026-04-04,D,D,C,0,78701,2026-06-01,H,Y,0
TFB-104735,POL-836055,2026-03-24,D,C,C,0,76712,2026-05-11,E,Y,0
TFB-104736,POL-806261,2026-03-20,NR,H,A,0,77002,2026-04-09,H,Y,0
TFB-104737,POL-994579,2026-02-28,NR,T,C,0,77002,2026-04-20,EJ,Y,0
TFB-104738,POL-697472,2026-02-27,C,T,C,1,78701,2026-05-05,JK,N,0
TFB-104739,POL-643997,2026-01-22,D,C,A,0,79901,2026-03-07,BH,N,0
TFB-104740,POL-899876,2026-04-14,D,D,B,1,78205,2026-06-27,DHJ,Y,0
TFB-104741,POL-921802,2026-04-21,C,D,A,1,76710,2026-06-25,H,N,0
TFB-104742,POL-998349,2026-04-02,NR,D,B,0,76701,2026-05-26,BCK,Y,0
TFB-104743,POL-753383,2026-01-16,C,C,A,0,78205,2026-02-02,EF,Y,0
TFB-104744,POL-876769,2026-02-24,D,H,B,0,76710,2026-03-12,CH,Y,0
TFB-104745,POL-786839,2026-03-04,NR,T,A,0,79901,2026-04-20,EF,N,0
TFB-104746,POL-640780,2026-04-10,C,D,C,1,79901,2026-06-27,BEL,Y,0
TFB-104747,POL-701068,2026-03-27,D,C,C,0,78205,2026-05-12,DFK,Y,1
TFB-104748,POL-897983,2026-03-13,C,D,C,1,76701,2026-05-12,K,Y,1
TFB-104749,POL-741412,2026-03-30,NR,H,B,0,78701,2026-05-04,C,Y,0
TFB-104750,POL-731210,2026-03-20,C,D,A,0,78701,2026-05-08,BD,Y,0
TFB-104751,POL-661709,2026-01-11,D,T,C,0,79901,2026-02-24,H,Y,0
TFB-104752,POL-665095,2026-02-14,NR,C,B,1,76701,2026-05-14,G,N,0
TFB-104753,POL-990345,2026-02-03,NR,H,C,0,79901,2026-03-12,DEJ,N,0
TFB-104754,POL-949508,2026-03-25,D,D,C,0,77002,2026-04-12,BHI,Y,0
TFB-104755,POL-762689,2026-03-22,C,C,A,0,79901,2026-04-10,FK,Y,1
TFB-104756,POL-774814,2026-03-27,NR,T,B,0,78205,2026-05-13,I,Y,0
TFB-104757,POL-943205,2026-02-05,C,C,B,0,78701,2026-03-20,CFI,Y,0
TFB-104758,POL-665562,2026-01-08,NR,C,B,0,76712,2026-02-19,H,Y,0
TFB-104759,POL-721774,2026-02-17,D,C,B,0,75201,2026-03-23,IJ,Y,0
TFB-104760,POL-998936,2026-01-31,NR,C,A,1,76701,2026-04-05,FG,N,0
TFB-104761,POL-597708,2026-03-09,NR,T,B,1,79901,2026-05-19,DL,Y,0
TFB-104762,POL-717448,2026-03-12,C,C,B,0,79901,2026-04-25,L,Y,0
TFB-104763,POL-992430,2026-04-06,C,C,A,0,79901,2026-05-24,G,N,0
TFB-104764,POL-804255,2026-01-23,D,C,B,0,76710,2026-02-20,K,N,0
TFB-104765,POL-825676,2026-01-01,C,D,A,0,78701,2026-01-17,L,N,0
TFB-104766,POL-603455,2026-04-07,C,D,C,0,76701,2026-05-25,BEI,Y,0
TFB-104767,POL-516571,2026-03-03,D,C,B,0,76701,2026-03-20,K,Y,1
TFB-104768,POL-806073,2026-03-06,NR,C,A,1,78205,2026-05-26,AH,N,0
TFB-104769,POL-837418,2026-01-23,NR,H,B,0,78701,2026-02-24,FHI,N,0
TFB-104770,POL-853216,2026-01-16,C,D,A,1,78701,2026-04-02,FL,Y,0
TFB-104771,POL-981947,2026-01-01,C,C,C,0,78701,2026-01-27,K,Y,1
TFB-104772,POL-791097,2026-01-08,C,T,C,1,77002,2026-03-31,AC,Y,0
TFB-104773,POL-761414,2026-04-13,D,C,A,0,75201,2026-05-16,CGH,N,0
TFB-104774,POL-575233,2026-03-09,C,T,C,1,76712,2026-06-04,J,N,0
TFB-104775,POL-931597,2026-03-05,C,H,A,0,79901,2026-04-19,BJK,Y,0
TFB-104776,POL-706587,2026-01-23,C,C,A,0,78205,2026-03-10,J,N,0
TFB-104777,POL-670772,2026-03-03,D,T,A,1,76712,2026-05-31,E,Y,0
TFB-104778,POL-748240,2026-03-19,C,C,A,1,,2026-06-04,DGI,Y,0
TFB-104779,POL-859000,2026-04-07,C,H,A,0,77002,2026-05-13,A,Y,0
TFB-104780,POL-529240,2026-02-11,NR,H,A,1,75201,2026-04-15,G,N,0
TFB-104781,POL-669332,2026-02-20,C,C,C,1,78701,2026-05-04,BEK,N,0
TFB-104782,POL-565724,2026-04-11,C,D,B,0,76701,2026-04-27,EFG,Y,0
TFB-104783,POL-695967,2026-03-02,NR,T,A,0,76701,2026-02-25,CGH,Y,0
TFB-104784,POL-578714,2026-01-20,C,H,C,0,76701,2026-02-28,FHL,N,0
TFB-104785,POL-584518,2026-02-05,D,D,B,1,77002,2026-04-30,EFK,Y,0
TFB-104786,POL-597345,2026-04-21,NR,D,C,0,78205,2026-05-10,EI,N,0
TFB-104787,POL-757669,2026-04-18,C,T,A,1,76710,2026-06-17,J,N,0
TFB-104788,POL-528997,2026-01-26,D,D,B,0,78205,2026-03-12,HJ,Y,0
TFB-104789,POL-857945,2026-03-16,NR,C,A,0,79901,2026-04-19,DHI,Y,0
TFB-104790,POL-982983,2026-02-07,NR,H,A,0,78701,2026-02-22,BC,N,0
TFB-104791,POL-727990,2026-01-09,C,D,A,0,79901,2026-03-02,CDL,N,0
TFB-104792,POL-505974,2026-02-22,C,D,A,1,76712,2026-05-10,ABI,Y,0
TFB-104793,POL-938486,2026-04-08,D,C,A,0,79901,2026-05-16,DEH,N,0
TFB-104794,POL-851864,2026-02-21,NR,D,C,1,76712,2026-02-16,BCL,Y,0
TFB-104795,POL-982274,2026-03-28,D,C,B,1,76710,2026-06-19,DHJ,Y,0
TFB-104796,POL-840426,2026-04-18,NR,T,A,1,78205,2026-04-13,K,N,0
TFB-104797,POL-689478,2026-03-13,D,C,B,1,76712,2026-05-23,EGK,N,0
TFB-104798,POL-771952,2026-03-01,NR,D,B,1,78701,2026-05-03,H,N,0
TFB-104799,POL-758722,2026-03-31,D,D,C,1,77002,2026-06-04,I,N,0
TFB-104800,POL-581647,2026-04-03,C,C,B,1,75201,2026-06-28,B,N,0
TFB-104801,POL-545037,2026-03-04,C,H,C,1,,2026-05-16,J,N,0
TFB-104802,POL-551055,2026-01-26,D,T,A,1,76710,2026-03-27,CDL,N,0
TFB-104803,POL-957349,2026-03-15,NR,T,B,0,75201,2026-04-17,AGI,Y,0
TFB-104804,POL-709737,2026-04-21,NR,T,C,0,75201,2026-05-14,D,N,0
TFB-104805,POL-767053,2026-02-11,NR,T,A,1,78205,2026-05-09,DL,Y,0
TFB-104806,POL-526077,2026-01-09,C,H,A,0,77002,2026-02-25,HI,N,0
TFB-104807,POL-865057,2026-04-16,D,C,A,0,76712,2026-05-26,G,Y,0
TFB-104808,POL-614726,2026-04-21,NR,C,B,0,76701,2026-05-18,C,Y,0
TFB-104809,POL-761835,2026-03-11,C,T,C,0,78701,2026-04-19,BF,N,0
TFB-104810,POL-917833,2026-01-07,C,C,B,1,76710,2026-03-16,DH,Y,0
TFB-104811,POL-535233,2026-03-07,C,C,C,1,,2026-05-22,HL,Y,0
TFB-104812,POL-950957,2026-03-01,C,T,A,1,76701,2026-05-20,BI,Y,0
TFB-104813,POL-517217,2026-03-24,D,T,A,1,77002,2026-05-28,CEF,Y,0
TFB-104814,POL-685220,2026-03-26,C,D,B,0,79901,2026-04-27,F,Y,0
TFB-104815,POL-571151,2026-02-03,C,D,A,0,78701,2026-01-29,AEJ,Y,0
TFB-104816,POL-939475,2026-01-16,C,C,C,1,76701,2026-04-16,I,Y,0
TFB-104817,POL-546311,2026-01-16,D,C,A,1,79901,2026-03-27,DIK,N,0
TFB-104818,POL-517122,2026-02-09,D,C,C,0,78205,2026-03-17,EFG,Y,0
TFB-104819,POL-567486,2026-01-01,C,D,C,0,76710,2026-02-12,AJK,Y,1
TFB-104820,POL-558474,2026-03-19,NR,D,B,1,79901,2026-06-15,L,Y,0
TFB-104821,POL-617139,2026-03-29,D,C,B,1,75201,2026-06-18,AEH,Y,0
TFB-104822,POL-879823,2026-04-12,NR,C,C,0,76710,2026-06-04,IJK,Y,1
TFB-104823,POL-866941,2026-03-16,C,C,A,0,77002,2026-04-23,IJL,Y,0
TFB-104824,POL-770721,2026-04-09,C,D,C,0,78205,2026-04-25,CGH,Y,0
TFB-104825,POL-838055,2026-02-13,NR,D,C,0,76712,2026-03-21,GI,Y,0
TFB-104826,POL-938389,2026-03-12,D,H,C,1,77002,2026-05-27,BJ,N,0
TFB-104827,POL-541948,2026-03-03,C,H,A,0,75201,2026-05-01,DEF,N,0
TFB-104828,POL-808821,2026-03-06,C,H,B,1,77002,2026-05-21,C,N,0
TFB-104829,POL-999396,2026-02-10,D,C,C,0,76712,2026-03-24,DI,N,0
TFB-104830,POL-752990,2026-02-26,D,C,A,1,75201,2026-05-21,H,N,0
TFB-104831,POL-883350,2026-02-26,C,T,B,0,76701,2026-04-02,F,Y,0
TFB-104832,POL-599439,2026-03-14,D,D,C,0,75201,2026-05-02,C,Y,0
TFB-104833,POL-624127,2026-01-02,C,T,C,1,76701,2026-03-23,H,N,0
TFB-104834,POL-607482,2026-04-10,NR,D,C,0,76701,2026-05-15,I,N,0
TFB-104835,POL-656680,2026-02-22,D,H,B,1,76710,2026-05-12,BCJ,N,0
TFB-104836,POL-873118,2026-04-19,NR,T,A,1,76712,2026-06-21,G,Y,0
TFB-104837,POL-810192,2026-02-01,C,H,B,0,76712,2026-03-16,E,Y,0
TFB-104838,POL-789083,2026-02-26,C,H,C,0,79901,2026-03-25,A,Y,0
TFB-104839,POL-810088,2026-04-10,NR,H,A,0,76701,2026-05-14,D,N,0
TFB-104840,POL-657444,2026-02-17,D,C,C,1,76712,2026-05-02,IJ,N,0
TFB-104841,POL-794316,2026-04-14,D,D,B,1,78205,2026-06-27,H,Y,0
TFB-104842,POL-565249,2026-04-07,D,T,C,1,76712,2026-06-08,GJ,Y,0
TFB-104843,POL-637223,2026-02-21,D,T,A,1,77002,2026-05-14,FGI,Y,0
TFB-104844,POL-652547,2026-03-16,D,D,B,1,79901,2026-06-02,H,Y,0
TFB-104845,POL-615569,2026-02-09,NR,D,C,1,78205,2026-04-14,BL,Y,0
TFB-104846,POL-603350,2026-02-16,C,H,B,1,78205,2026-05-17,IJL,Y,0
TFB-104847,POL-686834,2026-01-23,C,H,A,1,76710,2026-04-11,HJ,Y,0
TFB-104848,POL-814815,2026-03-16,C,C,C,0,77002,2026-04-18,CG,Y,0
TFB-104849,POL-827016,2026-02-09,C,C,B,1,79901,2026-05-03,GJ,Y,0
TFB-104850,POL-807500,2026-02-19,NR,T,B,0,76712,2026-03-29,D,N,0
TFB-104851,POL-633011,2026-01-19,C,T,B,1,76701,2026-03-31,I,N,0
TFB-104852,POL-893077,2026-01-30,D,C,C,1,76710,2026-04-23,FIK,Y,1
TFB-104853,POL-984628,2026-01-23,NR,T,B,1,77002,2026-04-07,HL,Y,0
TFB-104854,POL-876878,2026-04-20,C,H,C,1,77002,2026-06-20,BEJ,Y,0
TFB-104855,POL-844375,2026-04-11,D,H,C,0,76712,2026-05-30,J,Y,0
TFB-104856,POL-877070,2026-03-22,C,H,B,0,76712,2026-05-06,EJ,N,0
TFB-104857,POL-949687,2026-03-29,NR,H,C,0,,2026-05-08,L,Y,0
TFB-104858,POL-788022,2026-03-18,C,D,A,0,76712,2026-04-26,K,Y,0
TFB-104859,POL-768404,2026-04-20,NR,D,A,0,75201,2026-06-11,DEJ,Y,0
TFB-104860,POL-982511,2026-02-28,D,H,B,0,76701,2026-03-29,GK,N,0
TFB-104861,POL-709084,2026-03-29,C,C,A,1,76712,2026-05-29,L,Y,0
TFB-104862,POL-555231,2026-02-08,NR,D,B,1,76712,2026-05-02,DFI,Y,0
TFB-104863,POL-649686,2026-01-05,NR,D,A,0,78205,2026-02-14,AJ,N,0
TFB-104864,POL-650151,2026-02-21,NR,T,B,1,79901,2026-05-01,L,N,0
TFB-104865,POL-561595,2026-01-15,D,T,B,1,75201,2026-04-07,H,N,0
TFB-104866,POL-817736,2026-03-07,C,C,A,1,79901,2026-05-15,DE,N,0
TFB-104867,POL-679491,2026-01-15,NR,C,B,0,77002,2026-02-18,G,Y,0
TFB-104868,POL-667692,2026-03-06,C,C,B,0,76712,2026-04-07,EFL,Y,0
TFB-104869,POL-804403,2026-01-10,D,H,B,0,77002,2026-02-03,F,N,0
TFB-104870,POL-594405,2026-01-04,NR,D,C,1,76701,2026-03-23,ADE,Y,0
TFB-104871,POL-844458,2026-02-25,D,C,C,0,79901,2026-03-29,K,N,0
TFB-104872,POL-802373,2026-01-26,C,D,B,0,75201,2026-02-28,AGI,Y,0
TFB-104873,POL-912301,2026-04-11,NR,D,A,0,78205,2026-05-09,DGI,N,0
TFB-104874,POL-884057,2026-02-22,NR,H,A,0,76712,2026-04-06,A,Y,0
TFB-104875,POL-714380,2026-03-11,NR,C,B,0,78205,2026-05-06,CD,Y,0
TFB-104876,POL-568003,2026-04-07,C,C,C,1,78701,2026-06-30,EF,Y,0
TFB-104877,POL-889010,2026-03-23,NR,D,C,1,79901,2026-06-18,L,Y,0
TFB-104878,POL-928252,2026-01-27,D,H,C,0,76701,2026-02-15,HJ,Y,0
TFB-104879,POL-958315,2026-03-18,D,C,C,0,,2026-04-12,GL,N,0
TFB-104880,POL-566633,2026-01-05,C,T,C,0,76712,2026-01-30,JK,Y,1
TFB-104881,POL-628670,2026-02-22,D,T,A,1,76712,2026-05-20,G,N,0
TFB-104882,POL-559456,2026-01-29,D,C,A,0,78205,2026-03-15,CG,Y,0
TFB-104883,POL-826912,2026-02-22,NR,D,B,0,78205,2026-03-09,J,Y,0
TFB-104884,POL-827780,2026-03-12,NR,T,B,0,76701,2026-04-08,I,N,0
TFB-104885,POL-585440,2026-03-10,NR,C,C,1,76710,2026-05-29,DFH,Y,0
TFB-104886,POL-745440,2026-01-27,NR,C,B,0,75201,2026-02-20,CIJ,N,0
TFB-104887,POL-566850,2026-03-15,C,H,B,0,78701,2026-04-30,B,N,0
TFB-104888,POL-939764,2026-02-08,D,H,A,0,79901,2026-03-13,D,N,0
TFB-104889,POL-693799,2026-03-06,D,C,C,1,78701,2026-05-08,EH,N,0
TFB-104890,POL-771148,2026-01-14,D,H,B,0,78701,2026-02-25,G,N,0
TFB-104891,POL-871038,2026-04-04,C,C,B,0,76712,2026-04-30,ACJ,Y,0
TFB-104892,POL-992608,2026-02-16,NR,C,C,1,78205,2026-04-21,A,Y,0
TFB-104893,POL-860325,2026-03-09,C,C,B,0,76701,2026-04-17,J,Y,0
TFB-104894,POL-518526,2026-01-01,D,C,B,0,78701,2026-01-20,CL,N,0
TFB-104895,POL-970801,2026-03-04,C,C,B,0,77002,2026-03-25,BGK,N,0
TFB-104896,POL-929532,2026-04-13,D,T,B,0,76701,2026-05-17,JK,Y,1
TFB-104897,POL-933493,2026-04-12,D,T,A,1,76712,2026-07-07,IK,Y,0
TFB-104898,POL-526836,2026-01-03,NR,C,C,0,75201,2026-01-21,FJ,Y,0
TFB-104899,POL-990902,2026-01-09,NR,C,C,0,77002,2026-03-01,L,N,0
TFB-104900,POL-501608,2026-02-15,D,H,B,1,76712,2026-05-10,GJ,N,0
TFB-104901,POL-741366,2026-04-11,NR,T,C,0,78701,2026-06-04,CI,N,0
TFB-104902,POL-524483,2026-03-21,C,H,B,0,78205,2026-04-19,CL,Y,0
TFB-104903,POL-881632,2026-03-26,D,C,C,0,76710,2026-04-13,DFL,N,0
TFB-104904,POL-579203,2026-04-10,NR,C,C,0,78701,2026-05-23,ADL,Y,0
TFB-104905,POL-778004,2026-01-05,C,T,B,0,78205,2026-01-24,HI,N,0
TFB-104906,POL-994659,2026-02-18,D,H,B,1,79901,2026-05-08,CEJ,Y,0
TFB-104907,POL-896970,2026-04-05,C,H,A,0,78701,2026-05-21,CDJ,N,0
TFB-104908,POL-902739,2026-04-21,D,D,C,1,78701,2026-06-23,A,Y,0
TFB-104909,POL-718713,2026-03-14,NR,H,C,0,78701,2026-05-05,CFL,Y,0
TFB-104910,POL-613246,2026-01-22,D,D,C,0,76701,2026-03-01,CI,N,0
TFB-104911,POL-555967,2026-02-21,NR,H,A,0,76712,2026-04-02,L,Y,0
TFB-104912,POL-699360,2026-02-01,C,H,B,0,78701,2026-04-01,HJK,Y,0
TFB-104913,POL-662233,2026-04-10,D,T,C,0,75201,2026-05-21,A,Y,0
TFB-104914,POL-700130,2026-04-08,NR,D,A,1,76712,2026-06-29,B,Y,0
TFB-104915,POL-890779,2026-01-16,NR,T,B,0,76701,2026-02-21,DEF,N,0
TFB-104916,POL-984463,2026-03-27,D,H,A,0,76710,2026-05-06,CG,N,0
TFB-104917,POL-756025,2026-01-21,C,D,A,0,76710,2026-02-08,CFG,Y,0
TFB-104918,POL-608513,2026-03-20,C,T,A,0,77002,2026-04-11,AK,Y,1
TFB-104919,POL-541127,2026-01-29,C,D,C,1,76710,2026-04-21,EHJ,Y,0
TFB-104920,POL-537653,2026-04-09,D,D,B,0,78205,2026-05-30,G,Y,0
TFB-104921,POL-633633,2026-03-10,NR,H,A,0,78205,2026-03-05,ADK,Y,0
TFB-104922,POL-673275,2026-02-13,NR,D,C,1,79901,2026-04-28,CF,Y,0
TFB-104923,POL-663843,2026-03-13,NR,D,C,0,77002,2026-05-02,H,Y,0
TFB-104924,POL-638910,2026-04-07,D,T,B,0,76710,2026-06-05,BCL,N,0
TFB-104925,POL-930317,2026-02-06,NR,D,B,0,79901,2026-03-20,A,Y,0
TFB-104926,POL-829105,2026-01-28,D,T,C,0,77002,2026-03-02,B,Y,0
TFB-104927,POL-800460,2026-02-06,C,T,C,0,79901,2026-02-24,DFK,N,0
TFB-104928,POL-685821,2026-03-14,D,C,C,0,76701,2026-04-20,BKL,Y,1
TFB-104929,POL-629620,2026-04-04,NR,H,A,0,78701,2026-05-21,I,Y,0
TFB-104930,POL-597098,2026-04-09,C,C,C,1,78701,2026-06-19,E,Y,0
TFB-104931,POL-518363,2026-03-10,D,D,B,1,78701,2026-06-04,G,Y,0
TFB-104932,POL-693051,2026-01-07,C,D,C,0,76701,2026-03-02,K,N,0
TFB-104933,POL-661859,2026-04-02,C,H,A,1,76712,2026-06-03,CF,N,0
TFB-104934,POL-809830,2026-04-16,D,H,A,1,78205,2026-07-05,AL,N,0
TFB-104935,POL-916399,2026-01-07,D,T,C,0,75201,2026-01-24,IJL,Y,0
TFB-104936,POL-637309,2026-01-26,D,D,B,0,79901,2026-03-26,F,Y,0
TFB-104937,POL-682926,2026-04-03,C,T,C,1,78205,2026-06-08,CI,N,0
TFB-104938,POL-742272,2026-01-19,C,H,A,1,78701,2026-04-08,H,N,0
TFB-104939,POL-790833,2026-03-17,NR,D,B,0,78205,2026-04-07,K,Y,1
TFB-104940,POL-942578,2026-01-09,D,C,B,1,78701,2026-04-03,AFJ,Y,0
TFB-104941,POL-971891,2026-02-27,D,D,C,1,76701,2026-05-18,F,Y,0
TFB-104942,POL-501678,2026-01-25,NR,C,C,0,76712,2026-02-14,CFK,Y,1
TFB-104943,POL-841347,2026-01-11,D,T,B,1,75201,2026-03-14,DE,N,0
TFB-104944,POL-879419,2026-01-06,C,C,B,0,79901,2026-02-02,EIL,Y,0
TFB-104945,POL-608903,2026-01-04,D,T,C,1,77002,2026-03-23,BEG,Y,0
TFB-104946,POL-513443,2026-04-10,NR,C,A,0,79901,2026-06-01,CFL,N,0
TFB-104947,POL-670891,2026-02-15,C,T,C,1,76710,2026-04-23,BFJ,Y,0
TFB-104948,POL-575335,2026-01-05,D,H,C,1,75201,2026-03-14,BGL,Y,0
TFB-104949,POL-559737,2026-03-13,D,T,C,1,78701,2026-05-30,D,N,0
TFB-104950,POL-908192,2026-01-29,C,H,C,0,77002,2026-02-26,E,N,0
TFB-104951,POL-746569,2026-02-23,C,T,C,1,78205,2026-04-27,EK,Y,1
TFB-104952,POL-920081,2026-03-29,C,T,A,0,77002,2026-05-16,CG,N,0
TFB-104953,POL-586447,2026-02-21,C,T,B,1,76710,2026-05-09,AHI,Y,0
TFB-104954,POL-802289,2026-03-29,NR,H,B,0,76701,2026-05-17,CDK,N,0
TFB-104955,POL-687250,2026-02-25,NR,C,C,1,78205,2026-05-16,AK,Y,1
TFB-104956,POL-864198,2026-01-25,NR,C,A,1,75201,2026-04-15,DL,Y,0
TFB-104957,POL-516071,2026-03-08,D,C,C,0,76710,2026-04-18,JK,N,0
TFB-104958,POL-624999,2026-01-28,C,T,A,0,78205,2026-03-28,EJ,Y,0
TFB-104959,POL-522124,2026-01-01,C,T,B,1,76701,2026-03-07,AC,Y,0
TFB-104960,POL-518344,2026-03-30,D,T,C,1,77002,2026-06-19,BHI,Y,0
TFB-104961,POL-958471,2026-04-10,NR,C,B,1,76710,2026-06-09,FHJ,Y,0
TFB-104962,POL-763698,2026-01-19,NR,C,A,1,78701,2026-03-20,BJ,N,0
TFB-104963,POL-501452,2026-02-26,D,D,A,0,78701,2026-03-24,AI,Y,0
TFB-104964,POL-846363,2026-04-11,D,C,B,1,78701,2026-07-06,AF,Y,0
TFB-104965,POL-830671,2026-02-01,D,H,A,1,77002,2026-04-30,AH,N,0
TFB-104966,POL-543718,2026-03-23,NR,T,C,1,77002,2026-06-08,ADG,Y,0
TFB-104967,POL-823569,2026-01-18,C,T,C,0,76710,2026-03-17,EFK,Y,1
TFB-104968,POL-789561,2026-02-03,C,D,A,0,76701,2026-01-29,A,Y,0
TFB-104969,POL-832853,2026-01-08,NR,D,B,0,79901,2026-03-04,EL,N,0
TFB-104970,POL-656093,2026-04-08,D,D,C,0,76710,2026-05-30,D,Y,0
TFB-104971,POL-568623,2026-03-14,C,D,B,1,78205,2026-05-25,B,Y,0
TFB-104972,POL-860285,2026-03-31,C,C,C,0,75201,2026-05-18,GJK,N,0
TFB-104973,POL-752141,2026-01-14,NR,D,B,0,,2026-03-09,L,Y,0
TFB-104974,POL-760132,2026-04-15,D,C,A,0,76710,2026-06-10,AE,Y,0
TFB-104975,POL-701537,2026-01-29,C,C,B,1,76710,2026-04-09,A,N,0
TFB-104976,POL-897358,2026-03-11,D,T,B,1,75201,2026-06-06,I,Y,0
TFB-104977,POL-935339,2026-01-13,D,C,B,1,76710,2026-04-10,D,N,0
TFB-104978,POL-588933,2026-01-19,NR,D,A,0,79901,2026-03-06,EH,N,0
TFB-104979,POL-945229,2026-02-10,D,T,C,1,76701,2026-04-28,L,N,0
TFB-104980,POL-873262,2026-03-22,D,D,B,1,76712,2026-05-22,A,Y,0
TFB-104981,POL-888279,2026-03-05,C,D,C,0,76710,2026-03-27,BDK,N,0
TFB-104982,POL-522501,2026-02-02,D,C,A,0,77002,2026-03-08,AB,N,0
TFB-104983,POL-750210,2026-03-11,NR,D,A,1,78205,2026-05-29,CL,Y,0
TFB-104984,POL-899260,2026-03-11,NR,T,A,1,76710,2026-06-01,H,Y,0
TFB-104985,POL-573834,2026-01-16,NR,C,A,1,76701,2026-04-15,C,Y,0
TFB-104986,POL-959087,2026-02-15,D,D,C,1,78701,2026-05-13,JK,Y,0
TFB-104987,POL-629813,2026-03-03,NR,T,A,0,76712,2026-04-27,J,N,0
TFB-104988,POL-606443,2026-03-23,NR,C,C,0,76710,2026-04-24,BF,Y,0
TFB-104989,POL-870357,2026-01-07,C,C,B,0,75201,2026-03-04,AC,Y,0
TFB-104990,POL-603603,2026-02-04,NR,D,C,0,75201,2026-03-23,BDI,Y,0
TFB-104991,POL-579034,2026-01-28,NR,H,B,0,77002,2026-03-14,K,N,0
TFB-104992,POL-981681,2026-04-16,NR,D,B,0,,2026-06-09,J,N,0
TFB-104993,POL-937091,2026-01-23,C,T,A,0,76710,2026-03-22,BF,Y,0
TFB-104994,POL-760727,2026-02-24,NR,H,B,0,76712,2026-04-19,A,Y,0
TFB-104995,POL-860462,2026-04-15,D,H,C,1,78205,2026-07-07,H,N,0
TFB-104996,POL-575107,2026-04-01,C,D,A,0,76712,2026-05-04,E,N,0
TFB-104997,POL-683992,2026-02-14,D,D,A,0,76712,2026-03-20,C,Y,0
TFB-104998,POL-919986,2026-01-28,D,T,A,1,76712,2026-04-05,EFJ,N,0
TFB-104999,POL-526777,2026-03-02,D,T,A,0,76710,2026-02-25,K,N,0
